time,temperature,humidity,fetched_at
05:37:39,31.3,53,2026-05-22 05:37:39.553256
05:37:41,30.8,74,2026-05-22 05:37:41.397307
05:37:42,34.9,66,2026-05-22 05:37:42.511785
05:37:45,32.9,45,2026-05-22 05:37:45.511686
05:37:46,29.0,87,2026-05-22 05:37:46.409974
05:37:48,26.6,83,2026-05-22 05:37:48.513693
05:37:51,25.8,56,2026-05-22 05:37:51.515942
05:37:54,32.3,46,2026-05-22 05:37:54.511040
05:37:56,26.7,86,2026-05-22 05:37:56.087323
05:37:39,31.3,53,2026-05-22 05:37:39.553256
05:37:41,30.8,74,2026-05-22 05:37:41.397307
05:37:42,34.9,66,2026-05-22 05:37:42.511785
05:37:45,32.9,45,2026-05-22 05:37:45.511686
05:37:46,29.0,87,2026-05-22 05:37:46.409974
05:37:48,26.6,83,2026-05-22 05:37:48.513693
05:37:51,25.8,56,2026-05-22 05:37:51.515942
05:37:54,32.3,46,2026-05-22 05:37:54.511040
05:37:56,26.7,86,2026-05-22 05:37:56.087323
05:37:57,35.9,54,2026-05-22 05:37:57.511170
05:38:00,38.9,51,2026-05-22 05:38:00.512219
05:38:01,35.7,51,2026-05-22 05:38:01.113419
05:37:39,31.3,53,2026-05-22 05:37:39.553256
05:37:41,30.8,74,2026-05-22 05:37:41.397307
05:37:42,34.9,66,2026-05-22 05:37:42.511785
05:37:45,32.9,45,2026-05-22 05:37:45.511686
05:37:46,29.0,87,2026-05-22 05:37:46.409974
05:37:48,26.6,83,2026-05-22 05:37:48.513693
05:37:51,25.8,56,2026-05-22 05:37:51.515942
05:37:54,32.3,46,2026-05-22 05:37:54.511040
05:37:56,26.7,86,2026-05-22 05:37:56.087323
05:37:57,35.9,54,2026-05-22 05:37:57.511170
05:38:00,38.9,51,2026-05-22 05:38:00.512219
05:38:01,35.7,51,2026-05-22 05:38:01.113419
05:38:03,35.4,90,2026-05-22 05:38:03.511700
05:38:06,26.6,51,2026-05-22 05:38:06.128553
05:37:39,31.3,53,2026-05-22 05:37:39.553256
05:37:41,30.8,74,2026-05-22 05:37:41.397307
05:37:42,34.9,66,2026-05-22 05:37:42.511785
05:37:45,32.9,45,2026-05-22 05:37:45.511686
05:37:46,29.0,87,2026-05-22 05:37:46.409974
05:37:48,26.6,83,2026-05-22 05:37:48.513693
05:37:51,25.8,56,2026-05-22 05:37:51.515942
05:37:54,32.3,46,2026-05-22 05:37:54.511040
05:37:56,26.7,86,2026-05-22 05:37:56.087323
05:37:57,35.9,54,2026-05-22 05:37:57.511170
05:38:00,38.9,51,2026-05-22 05:38:00.512219
05:38:01,35.7,51,2026-05-22 05:38:01.113419
05:38:03,35.4,90,2026-05-22 05:38:03.511700
05:38:06,26.6,51,2026-05-22 05:38:06.128553
05:38:06,30.3,71,2026-05-22 05:38:06.512180
05:38:09,37.4,74,2026-05-22 05:38:09.511583
05:38:11,26.9,57,2026-05-22 05:38:11.143826
05:37:39,31.3,53,2026-05-22 05:37:39.553256
05:37:41,30.8,74,2026-05-22 05:37:41.397307
05:37:42,34.9,66,2026-05-22 05:37:42.511785
05:37:45,32.9,45,2026-05-22 05:37:45.511686
05:37:46,29.0,87,2026-05-22 05:37:46.409974
05:37:48,26.6,83,2026-05-22 05:37:48.513693
05:37:51,25.8,56,2026-05-22 05:37:51.515942
05:37:54,32.3,46,2026-05-22 05:37:54.511040
05:37:56,26.7,86,2026-05-22 05:37:56.087323
05:37:57,35.9,54,2026-05-22 05:37:57.511170
05:38:00,38.9,51,2026-05-22 05:38:00.512219
05:38:01,35.7,51,2026-05-22 05:38:01.113419
05:38:03,35.4,90,2026-05-22 05:38:03.511700
05:38:06,26.6,51,2026-05-22 05:38:06.128553
05:38:06,30.3,71,2026-05-22 05:38:06.512180
05:38:09,37.4,74,2026-05-22 05:38:09.511583
05:38:11,26.9,57,2026-05-22 05:38:11.143826
05:38:12,28.1,85,2026-05-22 05:38:12.525430
05:38:15,36.2,78,2026-05-22 05:38:15.510283
05:38:16,39.2,89,2026-05-22 05:38:16.154450
05:37:39,31.3,53,2026-05-22 05:37:39.553256
05:37:41,30.8,74,2026-05-22 05:37:41.397307
05:37:42,34.9,66,2026-05-22 05:37:42.511785
05:37:45,32.9,45,2026-05-22 05:37:45.511686
05:37:46,29.0,87,2026-05-22 05:37:46.409974
05:37:48,26.6,83,2026-05-22 05:37:48.513693
05:37:51,25.8,56,2026-05-22 05:37:51.515942
05:37:54,32.3,46,2026-05-22 05:37:54.511040
05:37:56,26.7,86,2026-05-22 05:37:56.087323
05:37:57,35.9,54,2026-05-22 05:37:57.511170
05:38:00,38.9,51,2026-05-22 05:38:00.512219
05:38:01,35.7,51,2026-05-22 05:38:01.113419
05:38:03,35.4,90,2026-05-22 05:38:03.511700
05:38:06,26.6,51,2026-05-22 05:38:06.128553
05:38:06,30.3,71,2026-05-22 05:38:06.512180
05:38:09,37.4,74,2026-05-22 05:38:09.511583
05:38:11,26.9,57,2026-05-22 05:38:11.143826
05:38:12,28.1,85,2026-05-22 05:38:12.525430
05:38:15,36.2,78,2026-05-22 05:38:15.510283
05:38:16,39.2,89,2026-05-22 05:38:16.154450
05:38:18,38.6,87,2026-05-22 05:38:18.512607
05:38:21,35.8,57,2026-05-22 05:38:21.164327
05:37:39,31.3,53,2026-05-22 05:37:39.553256
05:37:41,30.8,74,2026-05-22 05:37:41.397307
05:37:42,34.9,66,2026-05-22 05:37:42.511785
05:37:45,32.9,45,2026-05-22 05:37:45.511686
05:37:46,29.0,87,2026-05-22 05:37:46.409974
05:37:48,26.6,83,2026-05-22 05:37:48.513693
05:37:51,25.8,56,2026-05-22 05:37:51.515942
05:37:54,32.3,46,2026-05-22 05:37:54.511040
05:37:56,26.7,86,2026-05-22 05:37:56.087323
05:37:57,35.9,54,2026-05-22 05:37:57.511170
05:38:00,38.9,51,2026-05-22 05:38:00.512219
05:38:01,35.7,51,2026-05-22 05:38:01.113419
05:38:03,35.4,90,2026-05-22 05:38:03.511700
05:38:06,26.6,51,2026-05-22 05:38:06.128553
05:38:06,30.3,71,2026-05-22 05:38:06.512180
05:38:09,37.4,74,2026-05-22 05:38:09.511583
05:38:11,26.9,57,2026-05-22 05:38:11.143826
05:38:12,28.1,85,2026-05-22 05:38:12.525430
05:38:15,36.2,78,2026-05-22 05:38:15.510283
05:38:16,39.2,89,2026-05-22 05:38:16.154450
05:38:18,38.6,87,2026-05-22 05:38:18.512607
05:38:21,35.8,57,2026-05-22 05:38:21.164327
05:38:21,37.9,47,2026-05-22 05:38:21.518661
05:38:24,32.3,54,2026-05-22 05:38:24.512285
05:38:26,35.9,78,2026-05-22 05:38:26.174712
05:37:39,31.3,53,2026-05-22 05:37:39.553256
05:37:41,30.8,74,2026-05-22 05:37:41.397307
05:37:42,34.9,66,2026-05-22 05:37:42.511785
05:37:45,32.9,45,2026-05-22 05:37:45.511686
05:37:46,29.0,87,2026-05-22 05:37:46.409974
05:37:48,26.6,83,2026-05-22 05:37:48.513693
05:37:51,25.8,56,2026-05-22 05:37:51.515942
05:37:54,32.3,46,2026-05-22 05:37:54.511040
05:37:56,26.7,86,2026-05-22 05:37:56.087323
05:37:57,35.9,54,2026-05-22 05:37:57.511170
05:38:00,38.9,51,2026-05-22 05:38:00.512219
05:38:01,35.7,51,2026-05-22 05:38:01.113419
05:38:03,35.4,90,2026-05-22 05:38:03.511700
05:38:06,26.6,51,2026-05-22 05:38:06.128553
05:38:06,30.3,71,2026-05-22 05:38:06.512180
05:38:09,37.4,74,2026-05-22 05:38:09.511583
05:38:11,26.9,57,2026-05-22 05:38:11.143826
05:38:12,28.1,85,2026-05-22 05:38:12.525430
05:38:15,36.2,78,2026-05-22 05:38:15.510283
05:38:16,39.2,89,2026-05-22 05:38:16.154450
05:38:18,38.6,87,2026-05-22 05:38:18.512607
05:38:21,35.8,57,2026-05-22 05:38:21.164327
05:38:21,37.9,47,2026-05-22 05:38:21.518661
05:38:24,32.3,54,2026-05-22 05:38:24.512285
05:38:26,35.9,78,2026-05-22 05:38:26.174712
05:38:27,36.6,84,2026-05-22 05:38:27.516488
05:38:30,31.0,82,2026-05-22 05:38:30.511313
05:38:31,35.1,85,2026-05-22 05:38:31.186613
05:37:39,31.3,53,2026-05-22 05:37:39.553256
05:37:41,30.8,74,2026-05-22 05:37:41.397307
05:37:42,34.9,66,2026-05-22 05:37:42.511785
05:37:45,32.9,45,2026-05-22 05:37:45.511686
05:37:46,29.0,87,2026-05-22 05:37:46.409974
05:37:48,26.6,83,2026-05-22 05:37:48.513693
05:37:51,25.8,56,2026-05-22 05:37:51.515942
05:37:54,32.3,46,2026-05-22 05:37:54.511040
05:37:56,26.7,86,2026-05-22 05:37:56.087323
05:37:57,35.9,54,2026-05-22 05:37:57.511170
05:38:00,38.9,51,2026-05-22 05:38:00.512219
05:38:01,35.7,51,2026-05-22 05:38:01.113419
05:38:03,35.4,90,2026-05-22 05:38:03.511700
05:38:06,26.6,51,2026-05-22 05:38:06.128553
05:38:06,30.3,71,2026-05-22 05:38:06.512180
05:38:09,37.4,74,2026-05-22 05:38:09.511583
05:38:11,26.9,57,2026-05-22 05:38:11.143826
05:38:12,28.1,85,2026-05-22 05:38:12.525430
05:38:15,36.2,78,2026-05-22 05:38:15.510283
05:38:16,39.2,89,2026-05-22 05:38:16.154450
05:38:18,38.6,87,2026-05-22 05:38:18.512607
05:38:21,35.8,57,2026-05-22 05:38:21.164327
05:38:21,37.9,47,2026-05-22 05:38:21.518661
05:38:24,32.3,54,2026-05-22 05:38:24.512285
05:38:26,35.9,78,2026-05-22 05:38:26.174712
05:38:27,36.6,84,2026-05-22 05:38:27.516488
05:38:30,31.0,82,2026-05-22 05:38:30.511313
05:38:31,35.1,85,2026-05-22 05:38:31.186613
05:38:33,36.1,51,2026-05-22 05:38:33.519068
05:38:36,33.5,77,2026-05-22 05:38:36.200004
05:37:39,31.3,53,2026-05-22 05:37:39.553256
05:37:41,30.8,74,2026-05-22 05:37:41.397307
05:37:42,34.9,66,2026-05-22 05:37:42.511785
05:37:45,32.9,45,2026-05-22 05:37:45.511686
05:37:46,29.0,87,2026-05-22 05:37:46.409974
05:37:48,26.6,83,2026-05-22 05:37:48.513693
05:37:51,25.8,56,2026-05-22 05:37:51.515942
05:37:54,32.3,46,2026-05-22 05:37:54.511040
05:37:56,26.7,86,2026-05-22 05:37:56.087323
05:37:57,35.9,54,2026-05-22 05:37:57.511170
05:38:00,38.9,51,2026-05-22 05:38:00.512219
05:38:01,35.7,51,2026-05-22 05:38:01.113419
05:38:03,35.4,90,2026-05-22 05:38:03.511700
05:38:06,26.6,51,2026-05-22 05:38:06.128553
05:38:06,30.3,71,2026-05-22 05:38:06.512180
05:38:09,37.4,74,2026-05-22 05:38:09.511583
05:38:11,26.9,57,2026-05-22 05:38:11.143826
05:38:12,28.1,85,2026-05-22 05:38:12.525430
05:38:15,36.2,78,2026-05-22 05:38:15.510283
05:38:16,39.2,89,2026-05-22 05:38:16.154450
05:38:18,38.6,87,2026-05-22 05:38:18.512607
05:38:21,35.8,57,2026-05-22 05:38:21.164327
05:38:21,37.9,47,2026-05-22 05:38:21.518661
05:38:24,32.3,54,2026-05-22 05:38:24.512285
05:38:26,35.9,78,2026-05-22 05:38:26.174712
05:38:27,36.6,84,2026-05-22 05:38:27.516488
05:38:30,31.0,82,2026-05-22 05:38:30.511313
05:38:31,35.1,85,2026-05-22 05:38:31.186613
05:38:33,36.1,51,2026-05-22 05:38:33.519068
05:38:36,33.5,77,2026-05-22 05:38:36.200004
05:38:36,29.7,59,2026-05-22 05:38:36.511053
05:38:39,33.2,75,2026-05-22 05:38:39.512231
05:38:41,25.1,76,2026-05-22 05:38:41.213523
05:37:39,31.3,53,2026-05-22 05:37:39.553256
05:37:41,30.8,74,2026-05-22 05:37:41.397307
05:37:42,34.9,66,2026-05-22 05:37:42.511785
05:37:45,32.9,45,2026-05-22 05:37:45.511686
05:37:46,29.0,87,2026-05-22 05:37:46.409974
05:37:48,26.6,83,2026-05-22 05:37:48.513693
05:37:51,25.8,56,2026-05-22 05:37:51.515942
05:37:54,32.3,46,2026-05-22 05:37:54.511040
05:37:56,26.7,86,2026-05-22 05:37:56.087323
05:37:57,35.9,54,2026-05-22 05:37:57.511170
05:38:00,38.9,51,2026-05-22 05:38:00.512219
05:38:01,35.7,51,2026-05-22 05:38:01.113419
05:38:03,35.4,90,2026-05-22 05:38:03.511700
05:38:06,26.6,51,2026-05-22 05:38:06.128553
05:38:06,30.3,71,2026-05-22 05:38:06.512180
05:38:09,37.4,74,2026-05-22 05:38:09.511583
05:38:11,26.9,57,2026-05-22 05:38:11.143826
05:38:12,28.1,85,2026-05-22 05:38:12.525430
05:38:15,36.2,78,2026-05-22 05:38:15.510283
05:38:16,39.2,89,2026-05-22 05:38:16.154450
05:38:18,38.6,87,2026-05-22 05:38:18.512607
05:38:21,35.8,57,2026-05-22 05:38:21.164327
05:38:21,37.9,47,2026-05-22 05:38:21.518661
05:38:24,32.3,54,2026-05-22 05:38:24.512285
05:38:26,35.9,78,2026-05-22 05:38:26.174712
05:38:27,36.6,84,2026-05-22 05:38:27.516488
05:38:30,31.0,82,2026-05-22 05:38:30.511313
05:38:31,35.1,85,2026-05-22 05:38:31.186613
05:38:33,36.1,51,2026-05-22 05:38:33.519068
05:38:36,33.5,77,2026-05-22 05:38:36.200004
05:38:36,29.7,59,2026-05-22 05:38:36.511053
05:38:39,33.2,75,2026-05-22 05:38:39.512231
05:38:41,25.1,76,2026-05-22 05:38:41.213523
05:38:42,38.1,54,2026-05-22 05:38:42.511880
05:38:45,32.9,89,2026-05-22 05:38:45.513972
05:38:46,39.4,75,2026-05-22 05:38:46.226366
05:37:39,31.3,53,2026-05-22 05:37:39.553256
05:37:41,30.8,74,2026-05-22 05:37:41.397307
05:37:42,34.9,66,2026-05-22 05:37:42.511785
05:37:45,32.9,45,2026-05-22 05:37:45.511686
05:37:46,29.0,87,2026-05-22 05:37:46.409974
05:37:48,26.6,83,2026-05-22 05:37:48.513693
05:37:51,25.8,56,2026-05-22 05:37:51.515942
05:37:54,32.3,46,2026-05-22 05:37:54.511040
05:37:56,26.7,86,2026-05-22 05:37:56.087323
05:37:57,35.9,54,2026-05-22 05:37:57.511170
05:38:00,38.9,51,2026-05-22 05:38:00.512219
05:38:01,35.7,51,2026-05-22 05:38:01.113419
05:38:03,35.4,90,2026-05-22 05:38:03.511700
05:38:06,26.6,51,2026-05-22 05:38:06.128553
05:38:06,30.3,71,2026-05-22 05:38:06.512180
05:38:09,37.4,74,2026-05-22 05:38:09.511583
05:38:11,26.9,57,2026-05-22 05:38:11.143826
05:38:12,28.1,85,2026-05-22 05:38:12.525430
05:38:15,36.2,78,2026-05-22 05:38:15.510283
05:38:16,39.2,89,2026-05-22 05:38:16.154450
05:38:18,38.6,87,2026-05-22 05:38:18.512607
05:38:21,35.8,57,2026-05-22 05:38:21.164327
05:38:21,37.9,47,2026-05-22 05:38:21.518661
05:38:24,32.3,54,2026-05-22 05:38:24.512285
05:38:26,35.9,78,2026-05-22 05:38:26.174712
05:38:27,36.6,84,2026-05-22 05:38:27.516488
05:38:30,31.0,82,2026-05-22 05:38:30.511313
05:38:31,35.1,85,2026-05-22 05:38:31.186613
05:38:33,36.1,51,2026-05-22 05:38:33.519068
05:38:36,33.5,77,2026-05-22 05:38:36.200004
05:38:36,29.7,59,2026-05-22 05:38:36.511053
05:38:39,33.2,75,2026-05-22 05:38:39.512231
05:38:41,25.1,76,2026-05-22 05:38:41.213523
05:38:42,38.1,54,2026-05-22 05:38:42.511880
05:38:45,32.9,89,2026-05-22 05:38:45.513972
05:38:46,39.4,75,2026-05-22 05:38:46.226366
05:38:48,35.1,47,2026-05-22 05:38:48.511283
05:38:51,28.9,58,2026-05-22 05:38:51.242172
05:37:39,31.3,53,2026-05-22 05:37:39.553256
05:37:41,30.8,74,2026-05-22 05:37:41.397307
05:37:42,34.9,66,2026-05-22 05:37:42.511785
05:37:45,32.9,45,2026-05-22 05:37:45.511686
05:37:46,29.0,87,2026-05-22 05:37:46.409974
05:37:48,26.6,83,2026-05-22 05:37:48.513693
05:37:51,25.8,56,2026-05-22 05:37:51.515942
05:37:54,32.3,46,2026-05-22 05:37:54.511040
05:37:56,26.7,86,2026-05-22 05:37:56.087323
05:37:57,35.9,54,2026-05-22 05:37:57.511170
05:38:00,38.9,51,2026-05-22 05:38:00.512219
05:38:01,35.7,51,2026-05-22 05:38:01.113419
05:38:03,35.4,90,2026-05-22 05:38:03.511700
05:38:06,26.6,51,2026-05-22 05:38:06.128553
05:38:06,30.3,71,2026-05-22 05:38:06.512180
05:38:09,37.4,74,2026-05-22 05:38:09.511583
05:38:11,26.9,57,2026-05-22 05:38:11.143826
05:38:12,28.1,85,2026-05-22 05:38:12.525430
05:38:15,36.2,78,2026-05-22 05:38:15.510283
05:38:16,39.2,89,2026-05-22 05:38:16.154450
05:38:18,38.6,87,2026-05-22 05:38:18.512607
05:38:21,35.8,57,2026-05-22 05:38:21.164327
05:38:21,37.9,47,2026-05-22 05:38:21.518661
05:38:24,32.3,54,2026-05-22 05:38:24.512285
05:38:26,35.9,78,2026-05-22 05:38:26.174712
05:38:27,36.6,84,2026-05-22 05:38:27.516488
05:38:30,31.0,82,2026-05-22 05:38:30.511313
05:38:31,35.1,85,2026-05-22 05:38:31.186613
05:38:33,36.1,51,2026-05-22 05:38:33.519068
05:38:36,33.5,77,2026-05-22 05:38:36.200004
05:38:36,29.7,59,2026-05-22 05:38:36.511053
05:38:39,33.2,75,2026-05-22 05:38:39.512231
05:38:41,25.1,76,2026-05-22 05:38:41.213523
05:38:42,38.1,54,2026-05-22 05:38:42.511880
05:38:45,32.9,89,2026-05-22 05:38:45.513972
05:38:46,39.4,75,2026-05-22 05:38:46.226366
05:38:48,35.1,47,2026-05-22 05:38:48.511283
05:38:51,28.9,58,2026-05-22 05:38:51.242172
05:38:51,37.1,83,2026-05-22 05:38:51.510721
05:38:54,28.9,66,2026-05-22 05:38:54.540662
05:38:56,29.4,85,2026-05-22 05:38:56.257886
05:37:39,31.3,53,2026-05-22 05:37:39.553256
05:37:41,30.8,74,2026-05-22 05:37:41.397307
05:37:42,34.9,66,2026-05-22 05:37:42.511785
05:37:45,32.9,45,2026-05-22 05:37:45.511686
05:37:46,29.0,87,2026-05-22 05:37:46.409974
05:37:48,26.6,83,2026-05-22 05:37:48.513693
05:37:51,25.8,56,2026-05-22 05:37:51.515942
05:37:54,32.3,46,2026-05-22 05:37:54.511040
05:37:56,26.7,86,2026-05-22 05:37:56.087323
05:37:57,35.9,54,2026-05-22 05:37:57.511170
05:38:00,38.9,51,2026-05-22 05:38:00.512219
05:38:01,35.7,51,2026-05-22 05:38:01.113419
05:38:03,35.4,90,2026-05-22 05:38:03.511700
05:38:06,26.6,51,2026-05-22 05:38:06.128553
05:38:06,30.3,71,2026-05-22 05:38:06.512180
05:38:09,37.4,74,2026-05-22 05:38:09.511583
05:38:11,26.9,57,2026-05-22 05:38:11.143826
05:38:12,28.1,85,2026-05-22 05:38:12.525430
05:38:15,36.2,78,2026-05-22 05:38:15.510283
05:38:16,39.2,89,2026-05-22 05:38:16.154450
05:38:18,38.6,87,2026-05-22 05:38:18.512607
05:38:21,35.8,57,2026-05-22 05:38:21.164327
05:38:21,37.9,47,2026-05-22 05:38:21.518661
05:38:24,32.3,54,2026-05-22 05:38:24.512285
05:38:26,35.9,78,2026-05-22 05:38:26.174712
05:38:27,36.6,84,2026-05-22 05:38:27.516488
05:38:30,31.0,82,2026-05-22 05:38:30.511313
05:38:31,35.1,85,2026-05-22 05:38:31.186613
05:38:33,36.1,51,2026-05-22 05:38:33.519068
05:38:36,33.5,77,2026-05-22 05:38:36.200004
05:38:36,29.7,59,2026-05-22 05:38:36.511053
05:38:39,33.2,75,2026-05-22 05:38:39.512231
05:38:41,25.1,76,2026-05-22 05:38:41.213523
05:38:42,38.1,54,2026-05-22 05:38:42.511880
05:38:45,32.9,89,2026-05-22 05:38:45.513972
05:38:46,39.4,75,2026-05-22 05:38:46.226366
05:38:48,35.1,47,2026-05-22 05:38:48.511283
05:38:51,28.9,58,2026-05-22 05:38:51.242172
05:38:51,37.1,83,2026-05-22 05:38:51.510721
05:38:54,28.9,66,2026-05-22 05:38:54.540662
05:38:56,29.4,85,2026-05-22 05:38:56.257886
05:38:57,27.8,43,2026-05-22 05:38:57.510011
05:39:00,31.5,89,2026-05-22 05:39:00.510522
05:39:01,26.1,66,2026-05-22 05:39:01.267350
05:37:39,31.3,53,2026-05-22 05:37:39.553256
05:37:41,30.8,74,2026-05-22 05:37:41.397307
05:37:42,34.9,66,2026-05-22 05:37:42.511785
05:37:45,32.9,45,2026-05-22 05:37:45.511686
05:37:46,29.0,87,2026-05-22 05:37:46.409974
05:37:48,26.6,83,2026-05-22 05:37:48.513693
05:37:51,25.8,56,2026-05-22 05:37:51.515942
05:37:54,32.3,46,2026-05-22 05:37:54.511040
05:37:56,26.7,86,2026-05-22 05:37:56.087323
05:37:57,35.9,54,2026-05-22 05:37:57.511170
05:38:00,38.9,51,2026-05-22 05:38:00.512219
05:38:01,35.7,51,2026-05-22 05:38:01.113419
05:38:03,35.4,90,2026-05-22 05:38:03.511700
05:38:06,26.6,51,2026-05-22 05:38:06.128553
05:38:06,30.3,71,2026-05-22 05:38:06.512180
05:38:09,37.4,74,2026-05-22 05:38:09.511583
05:38:11,26.9,57,2026-05-22 05:38:11.143826
05:38:12,28.1,85,2026-05-22 05:38:12.525430
05:38:15,36.2,78,2026-05-22 05:38:15.510283
05:38:16,39.2,89,2026-05-22 05:38:16.154450
05:38:18,38.6,87,2026-05-22 05:38:18.512607
05:38:21,35.8,57,2026-05-22 05:38:21.164327
05:38:21,37.9,47,2026-05-22 05:38:21.518661
05:38:24,32.3,54,2026-05-22 05:38:24.512285
05:38:26,35.9,78,2026-05-22 05:38:26.174712
05:38:27,36.6,84,2026-05-22 05:38:27.516488
05:38:30,31.0,82,2026-05-22 05:38:30.511313
05:38:31,35.1,85,2026-05-22 05:38:31.186613
05:38:33,36.1,51,2026-05-22 05:38:33.519068
05:38:36,33.5,77,2026-05-22 05:38:36.200004
05:38:36,29.7,59,2026-05-22 05:38:36.511053
05:38:39,33.2,75,2026-05-22 05:38:39.512231
05:38:41,25.1,76,2026-05-22 05:38:41.213523
05:38:42,38.1,54,2026-05-22 05:38:42.511880
05:38:45,32.9,89,2026-05-22 05:38:45.513972
05:38:46,39.4,75,2026-05-22 05:38:46.226366
05:38:48,35.1,47,2026-05-22 05:38:48.511283
05:38:51,28.9,58,2026-05-22 05:38:51.242172
05:38:51,37.1,83,2026-05-22 05:38:51.510721
05:38:54,28.9,66,2026-05-22 05:38:54.540662
05:38:56,29.4,85,2026-05-22 05:38:56.257886
05:38:57,27.8,43,2026-05-22 05:38:57.510011
05:39:00,31.5,89,2026-05-22 05:39:00.510522
05:39:01,26.1,66,2026-05-22 05:39:01.267350
05:39:03,31.3,64,2026-05-22 05:39:03.515955
05:39:06,27.1,81,2026-05-22 05:39:06.277268
05:37:39,31.3,53,2026-05-22 05:37:39.553256
05:37:41,30.8,74,2026-05-22 05:37:41.397307
05:37:42,34.9,66,2026-05-22 05:37:42.511785
05:37:45,32.9,45,2026-05-22 05:37:45.511686
05:37:46,29.0,87,2026-05-22 05:37:46.409974
05:37:48,26.6,83,2026-05-22 05:37:48.513693
05:37:51,25.8,56,2026-05-22 05:37:51.515942
05:37:54,32.3,46,2026-05-22 05:37:54.511040
05:37:56,26.7,86,2026-05-22 05:37:56.087323
05:37:57,35.9,54,2026-05-22 05:37:57.511170
05:38:00,38.9,51,2026-05-22 05:38:00.512219
05:38:01,35.7,51,2026-05-22 05:38:01.113419
05:38:03,35.4,90,2026-05-22 05:38:03.511700
05:38:06,26.6,51,2026-05-22 05:38:06.128553
05:38:06,30.3,71,2026-05-22 05:38:06.512180
05:38:09,37.4,74,2026-05-22 05:38:09.511583
05:38:11,26.9,57,2026-05-22 05:38:11.143826
05:38:12,28.1,85,2026-05-22 05:38:12.525430
05:38:15,36.2,78,2026-05-22 05:38:15.510283
05:38:16,39.2,89,2026-05-22 05:38:16.154450
05:38:18,38.6,87,2026-05-22 05:38:18.512607
05:38:21,35.8,57,2026-05-22 05:38:21.164327
05:38:21,37.9,47,2026-05-22 05:38:21.518661
05:38:24,32.3,54,2026-05-22 05:38:24.512285
05:38:26,35.9,78,2026-05-22 05:38:26.174712
05:38:27,36.6,84,2026-05-22 05:38:27.516488
05:38:30,31.0,82,2026-05-22 05:38:30.511313
05:38:31,35.1,85,2026-05-22 05:38:31.186613
05:38:33,36.1,51,2026-05-22 05:38:33.519068
05:38:36,33.5,77,2026-05-22 05:38:36.200004
05:38:36,29.7,59,2026-05-22 05:38:36.511053
05:38:39,33.2,75,2026-05-22 05:38:39.512231
05:38:41,25.1,76,2026-05-22 05:38:41.213523
05:38:42,38.1,54,2026-05-22 05:38:42.511880
05:38:45,32.9,89,2026-05-22 05:38:45.513972
05:38:46,39.4,75,2026-05-22 05:38:46.226366
05:38:48,35.1,47,2026-05-22 05:38:48.511283
05:38:51,28.9,58,2026-05-22 05:38:51.242172
05:38:51,37.1,83,2026-05-22 05:38:51.510721
05:38:54,28.9,66,2026-05-22 05:38:54.540662
05:38:56,29.4,85,2026-05-22 05:38:56.257886
05:38:57,27.8,43,2026-05-22 05:38:57.510011
05:39:00,31.5,89,2026-05-22 05:39:00.510522
05:39:01,26.1,66,2026-05-22 05:39:01.267350
05:39:03,31.3,64,2026-05-22 05:39:03.515955
05:39:06,27.1,81,2026-05-22 05:39:06.277268
05:39:06,26.9,45,2026-05-22 05:39:06.512862
05:39:09,33.8,43,2026-05-22 05:39:09.513657
05:39:11,38.3,80,2026-05-22 05:39:11.287799
05:37:42,34.9,66,2026-05-22 05:37:42.511785
05:37:45,32.9,45,2026-05-22 05:37:45.511686
05:37:46,29.0,87,2026-05-22 05:37:46.409974
05:37:48,26.6,83,2026-05-22 05:37:48.513693
05:37:51,25.8,56,2026-05-22 05:37:51.515942
05:37:54,32.3,46,2026-05-22 05:37:54.511040
05:37:56,26.7,86,2026-05-22 05:37:56.087323
05:37:57,35.9,54,2026-05-22 05:37:57.511170
05:38:00,38.9,51,2026-05-22 05:38:00.512219
05:38:01,35.7,51,2026-05-22 05:38:01.113419
05:38:03,35.4,90,2026-05-22 05:38:03.511700
05:38:06,26.6,51,2026-05-22 05:38:06.128553
05:38:06,30.3,71,2026-05-22 05:38:06.512180
05:38:09,37.4,74,2026-05-22 05:38:09.511583
05:38:11,26.9,57,2026-05-22 05:38:11.143826
05:38:12,28.1,85,2026-05-22 05:38:12.525430
05:38:15,36.2,78,2026-05-22 05:38:15.510283
05:38:16,39.2,89,2026-05-22 05:38:16.154450
05:38:18,38.6,87,2026-05-22 05:38:18.512607
05:38:21,35.8,57,2026-05-22 05:38:21.164327
05:38:21,37.9,47,2026-05-22 05:38:21.518661
05:38:24,32.3,54,2026-05-22 05:38:24.512285
05:38:26,35.9,78,2026-05-22 05:38:26.174712
05:38:27,36.6,84,2026-05-22 05:38:27.516488
05:38:30,31.0,82,2026-05-22 05:38:30.511313
05:38:31,35.1,85,2026-05-22 05:38:31.186613
05:38:33,36.1,51,2026-05-22 05:38:33.519068
05:38:36,33.5,77,2026-05-22 05:38:36.200004
05:38:36,29.7,59,2026-05-22 05:38:36.511053
05:38:39,33.2,75,2026-05-22 05:38:39.512231
05:38:41,25.1,76,2026-05-22 05:38:41.213523
05:38:42,38.1,54,2026-05-22 05:38:42.511880
05:38:45,32.9,89,2026-05-22 05:38:45.513972
05:38:46,39.4,75,2026-05-22 05:38:46.226366
05:38:48,35.1,47,2026-05-22 05:38:48.511283
05:38:51,28.9,58,2026-05-22 05:38:51.242172
05:38:51,37.1,83,2026-05-22 05:38:51.510721
05:38:54,28.9,66,2026-05-22 05:38:54.540662
05:38:56,29.4,85,2026-05-22 05:38:56.257886
05:38:57,27.8,43,2026-05-22 05:38:57.510011
05:39:00,31.5,89,2026-05-22 05:39:00.510522
05:39:01,26.1,66,2026-05-22 05:39:01.267350
05:39:03,31.3,64,2026-05-22 05:39:03.515955
05:39:06,27.1,81,2026-05-22 05:39:06.277268
05:39:06,26.9,45,2026-05-22 05:39:06.512862
05:39:09,33.8,43,2026-05-22 05:39:09.513657
05:39:11,38.3,80,2026-05-22 05:39:11.287799
05:39:12,37.9,75,2026-05-22 05:39:12.511665
05:39:15,33.2,56,2026-05-22 05:39:15.510132
05:39:16,29.6,44,2026-05-22 05:39:16.304936
05:37:46,29.0,87,2026-05-22 05:37:46.409974
05:37:48,26.6,83,2026-05-22 05:37:48.513693
05:37:51,25.8,56,2026-05-22 05:37:51.515942
05:37:54,32.3,46,2026-05-22 05:37:54.511040
05:37:56,26.7,86,2026-05-22 05:37:56.087323
05:37:57,35.9,54,2026-05-22 05:37:57.511170
05:38:00,38.9,51,2026-05-22 05:38:00.512219
05:38:01,35.7,51,2026-05-22 05:38:01.113419
05:38:03,35.4,90,2026-05-22 05:38:03.511700
05:38:06,26.6,51,2026-05-22 05:38:06.128553
05:38:06,30.3,71,2026-05-22 05:38:06.512180
05:38:09,37.4,74,2026-05-22 05:38:09.511583
05:38:11,26.9,57,2026-05-22 05:38:11.143826
05:38:12,28.1,85,2026-05-22 05:38:12.525430
05:38:15,36.2,78,2026-05-22 05:38:15.510283
05:38:16,39.2,89,2026-05-22 05:38:16.154450
05:38:18,38.6,87,2026-05-22 05:38:18.512607
05:38:21,35.8,57,2026-05-22 05:38:21.164327
05:38:21,37.9,47,2026-05-22 05:38:21.518661
05:38:24,32.3,54,2026-05-22 05:38:24.512285
05:38:26,35.9,78,2026-05-22 05:38:26.174712
05:38:27,36.6,84,2026-05-22 05:38:27.516488
05:38:30,31.0,82,2026-05-22 05:38:30.511313
05:38:31,35.1,85,2026-05-22 05:38:31.186613
05:38:33,36.1,51,2026-05-22 05:38:33.519068
05:38:36,33.5,77,2026-05-22 05:38:36.200004
05:38:36,29.7,59,2026-05-22 05:38:36.511053
05:38:39,33.2,75,2026-05-22 05:38:39.512231
05:38:41,25.1,76,2026-05-22 05:38:41.213523
05:38:42,38.1,54,2026-05-22 05:38:42.511880
05:38:45,32.9,89,2026-05-22 05:38:45.513972
05:38:46,39.4,75,2026-05-22 05:38:46.226366
05:38:48,35.1,47,2026-05-22 05:38:48.511283
05:38:51,28.9,58,2026-05-22 05:38:51.242172
05:38:51,37.1,83,2026-05-22 05:38:51.510721
05:38:54,28.9,66,2026-05-22 05:38:54.540662
05:38:56,29.4,85,2026-05-22 05:38:56.257886
05:38:57,27.8,43,2026-05-22 05:38:57.510011
05:39:00,31.5,89,2026-05-22 05:39:00.510522
05:39:01,26.1,66,2026-05-22 05:39:01.267350
05:39:03,31.3,64,2026-05-22 05:39:03.515955
05:39:06,27.1,81,2026-05-22 05:39:06.277268
05:39:06,26.9,45,2026-05-22 05:39:06.512862
05:39:09,33.8,43,2026-05-22 05:39:09.513657
05:39:11,38.3,80,2026-05-22 05:39:11.287799
05:39:12,37.9,75,2026-05-22 05:39:12.511665
05:39:15,33.2,56,2026-05-22 05:39:15.510132
05:39:16,29.6,44,2026-05-22 05:39:16.304936
05:39:18,34.0,64,2026-05-22 05:39:18.530559
05:39:21,32.7,64,2026-05-22 05:39:21.320837
05:37:54,32.3,46,2026-05-22 05:37:54.511040
05:37:56,26.7,86,2026-05-22 05:37:56.087323
05:37:57,35.9,54,2026-05-22 05:37:57.511170
05:38:00,38.9,51,2026-05-22 05:38:00.512219
05:38:01,35.7,51,2026-05-22 05:38:01.113419
05:38:03,35.4,90,2026-05-22 05:38:03.511700
05:38:06,26.6,51,2026-05-22 05:38:06.128553
05:38:06,30.3,71,2026-05-22 05:38:06.512180
05:38:09,37.4,74,2026-05-22 05:38:09.511583
05:38:11,26.9,57,2026-05-22 05:38:11.143826
05:38:12,28.1,85,2026-05-22 05:38:12.525430
05:38:15,36.2,78,2026-05-22 05:38:15.510283
05:38:16,39.2,89,2026-05-22 05:38:16.154450
05:38:18,38.6,87,2026-05-22 05:38:18.512607
05:38:21,35.8,57,2026-05-22 05:38:21.164327
05:38:21,37.9,47,2026-05-22 05:38:21.518661
05:38:24,32.3,54,2026-05-22 05:38:24.512285
05:38:26,35.9,78,2026-05-22 05:38:26.174712
05:38:27,36.6,84,2026-05-22 05:38:27.516488
05:38:30,31.0,82,2026-05-22 05:38:30.511313
05:38:31,35.1,85,2026-05-22 05:38:31.186613
05:38:33,36.1,51,2026-05-22 05:38:33.519068
05:38:36,33.5,77,2026-05-22 05:38:36.200004
05:38:36,29.7,59,2026-05-22 05:38:36.511053
05:38:39,33.2,75,2026-05-22 05:38:39.512231
05:38:41,25.1,76,2026-05-22 05:38:41.213523
05:38:42,38.1,54,2026-05-22 05:38:42.511880
05:38:45,32.9,89,2026-05-22 05:38:45.513972
05:38:46,39.4,75,2026-05-22 05:38:46.226366
05:38:48,35.1,47,2026-05-22 05:38:48.511283
05:38:51,28.9,58,2026-05-22 05:38:51.242172
05:38:51,37.1,83,2026-05-22 05:38:51.510721
05:38:54,28.9,66,2026-05-22 05:38:54.540662
05:38:56,29.4,85,2026-05-22 05:38:56.257886
05:38:57,27.8,43,2026-05-22 05:38:57.510011
05:39:00,31.5,89,2026-05-22 05:39:00.510522
05:39:01,26.1,66,2026-05-22 05:39:01.267350
05:39:03,31.3,64,2026-05-22 05:39:03.515955
05:39:06,27.1,81,2026-05-22 05:39:06.277268
05:39:06,26.9,45,2026-05-22 05:39:06.512862
05:39:09,33.8,43,2026-05-22 05:39:09.513657
05:39:11,38.3,80,2026-05-22 05:39:11.287799
05:39:12,37.9,75,2026-05-22 05:39:12.511665
05:39:15,33.2,56,2026-05-22 05:39:15.510132
05:39:16,29.6,44,2026-05-22 05:39:16.304936
05:39:18,34.0,64,2026-05-22 05:39:18.530559
05:39:21,32.7,64,2026-05-22 05:39:21.320837
05:39:21,28.5,65,2026-05-22 05:39:21.511315
05:39:24,28.4,90,2026-05-22 05:39:24.511093
05:39:26,34.7,74,2026-05-22 05:39:26.331101
05:38:00,38.9,51,2026-05-22 05:38:00.512219
05:38:01,35.7,51,2026-05-22 05:38:01.113419
05:38:03,35.4,90,2026-05-22 05:38:03.511700
05:38:06,26.6,51,2026-05-22 05:38:06.128553
05:38:06,30.3,71,2026-05-22 05:38:06.512180
05:38:09,37.4,74,2026-05-22 05:38:09.511583
05:38:11,26.9,57,2026-05-22 05:38:11.143826
05:38:12,28.1,85,2026-05-22 05:38:12.525430
05:38:15,36.2,78,2026-05-22 05:38:15.510283
05:38:16,39.2,89,2026-05-22 05:38:16.154450
05:38:18,38.6,87,2026-05-22 05:38:18.512607
05:38:21,35.8,57,2026-05-22 05:38:21.164327
05:38:21,37.9,47,2026-05-22 05:38:21.518661
05:38:24,32.3,54,2026-05-22 05:38:24.512285
05:38:26,35.9,78,2026-05-22 05:38:26.174712
05:38:27,36.6,84,2026-05-22 05:38:27.516488
05:38:30,31.0,82,2026-05-22 05:38:30.511313
05:38:31,35.1,85,2026-05-22 05:38:31.186613
05:38:33,36.1,51,2026-05-22 05:38:33.519068
05:38:36,33.5,77,2026-05-22 05:38:36.200004
05:38:36,29.7,59,2026-05-22 05:38:36.511053
05:38:39,33.2,75,2026-05-22 05:38:39.512231
05:38:41,25.1,76,2026-05-22 05:38:41.213523
05:38:42,38.1,54,2026-05-22 05:38:42.511880
05:38:45,32.9,89,2026-05-22 05:38:45.513972
05:38:46,39.4,75,2026-05-22 05:38:46.226366
05:38:48,35.1,47,2026-05-22 05:38:48.511283
05:38:51,28.9,58,2026-05-22 05:38:51.242172
05:38:51,37.1,83,2026-05-22 05:38:51.510721
05:38:54,28.9,66,2026-05-22 05:38:54.540662
05:38:56,29.4,85,2026-05-22 05:38:56.257886
05:38:57,27.8,43,2026-05-22 05:38:57.510011
05:39:00,31.5,89,2026-05-22 05:39:00.510522
05:39:01,26.1,66,2026-05-22 05:39:01.267350
05:39:03,31.3,64,2026-05-22 05:39:03.515955
05:39:06,27.1,81,2026-05-22 05:39:06.277268
05:39:06,26.9,45,2026-05-22 05:39:06.512862
05:39:09,33.8,43,2026-05-22 05:39:09.513657
05:39:11,38.3,80,2026-05-22 05:39:11.287799
05:39:12,37.9,75,2026-05-22 05:39:12.511665
05:39:15,33.2,56,2026-05-22 05:39:15.510132
05:39:16,29.6,44,2026-05-22 05:39:16.304936
05:39:18,34.0,64,2026-05-22 05:39:18.530559
05:39:21,32.7,64,2026-05-22 05:39:21.320837
05:39:21,28.5,65,2026-05-22 05:39:21.511315
05:39:24,28.4,90,2026-05-22 05:39:24.511093
05:39:26,34.7,74,2026-05-22 05:39:26.331101
05:39:27,36.4,78,2026-05-22 05:39:27.511704
05:39:30,27.4,65,2026-05-22 05:39:30.514083
05:39:31,35.4,68,2026-05-22 05:39:31.341795
05:38:03,35.4,90,2026-05-22 05:38:03.511700
05:38:06,26.6,51,2026-05-22 05:38:06.128553
05:38:06,30.3,71,2026-05-22 05:38:06.512180
05:38:09,37.4,74,2026-05-22 05:38:09.511583
05:38:11,26.9,57,2026-05-22 05:38:11.143826
05:38:12,28.1,85,2026-05-22 05:38:12.525430
05:38:15,36.2,78,2026-05-22 05:38:15.510283
05:38:16,39.2,89,2026-05-22 05:38:16.154450
05:38:18,38.6,87,2026-05-22 05:38:18.512607
05:38:21,35.8,57,2026-05-22 05:38:21.164327
05:38:21,37.9,47,2026-05-22 05:38:21.518661
05:38:24,32.3,54,2026-05-22 05:38:24.512285
05:38:26,35.9,78,2026-05-22 05:38:26.174712
05:38:27,36.6,84,2026-05-22 05:38:27.516488
05:38:30,31.0,82,2026-05-22 05:38:30.511313
05:38:31,35.1,85,2026-05-22 05:38:31.186613
05:38:33,36.1,51,2026-05-22 05:38:33.519068
05:38:36,33.5,77,2026-05-22 05:38:36.200004
05:38:36,29.7,59,2026-05-22 05:38:36.511053
05:38:39,33.2,75,2026-05-22 05:38:39.512231
05:38:41,25.1,76,2026-05-22 05:38:41.213523
05:38:42,38.1,54,2026-05-22 05:38:42.511880
05:38:45,32.9,89,2026-05-22 05:38:45.513972
05:38:46,39.4,75,2026-05-22 05:38:46.226366
05:38:48,35.1,47,2026-05-22 05:38:48.511283
05:38:51,28.9,58,2026-05-22 05:38:51.242172
05:38:51,37.1,83,2026-05-22 05:38:51.510721
05:38:54,28.9,66,2026-05-22 05:38:54.540662
05:38:56,29.4,85,2026-05-22 05:38:56.257886
05:38:57,27.8,43,2026-05-22 05:38:57.510011
05:39:00,31.5,89,2026-05-22 05:39:00.510522
05:39:01,26.1,66,2026-05-22 05:39:01.267350
05:39:03,31.3,64,2026-05-22 05:39:03.515955
05:39:06,27.1,81,2026-05-22 05:39:06.277268
05:39:06,26.9,45,2026-05-22 05:39:06.512862
05:39:09,33.8,43,2026-05-22 05:39:09.513657
05:39:11,38.3,80,2026-05-22 05:39:11.287799
05:39:12,37.9,75,2026-05-22 05:39:12.511665
05:39:15,33.2,56,2026-05-22 05:39:15.510132
05:39:16,29.6,44,2026-05-22 05:39:16.304936
05:39:18,34.0,64,2026-05-22 05:39:18.530559
05:39:21,32.7,64,2026-05-22 05:39:21.320837
05:39:21,28.5,65,2026-05-22 05:39:21.511315
05:39:24,28.4,90,2026-05-22 05:39:24.511093
05:39:26,34.7,74,2026-05-22 05:39:26.331101
05:39:27,36.4,78,2026-05-22 05:39:27.511704
05:39:30,27.4,65,2026-05-22 05:39:30.514083
05:39:31,35.4,68,2026-05-22 05:39:31.341795
05:39:33,25.9,58,2026-05-22 05:39:33.511448
05:39:36,39.3,54,2026-05-22 05:39:36.349726
05:38:09,37.4,74,2026-05-22 05:38:09.511583
05:38:11,26.9,57,2026-05-22 05:38:11.143826
05:38:12,28.1,85,2026-05-22 05:38:12.525430
05:38:15,36.2,78,2026-05-22 05:38:15.510283
05:38:16,39.2,89,2026-05-22 05:38:16.154450
05:38:18,38.6,87,2026-05-22 05:38:18.512607
05:38:21,35.8,57,2026-05-22 05:38:21.164327
05:38:21,37.9,47,2026-05-22 05:38:21.518661
05:38:24,32.3,54,2026-05-22 05:38:24.512285
05:38:26,35.9,78,2026-05-22 05:38:26.174712
05:38:27,36.6,84,2026-05-22 05:38:27.516488
05:38:30,31.0,82,2026-05-22 05:38:30.511313
05:38:31,35.1,85,2026-05-22 05:38:31.186613
05:38:33,36.1,51,2026-05-22 05:38:33.519068
05:38:36,33.5,77,2026-05-22 05:38:36.200004
05:38:36,29.7,59,2026-05-22 05:38:36.511053
05:38:39,33.2,75,2026-05-22 05:38:39.512231
05:38:41,25.1,76,2026-05-22 05:38:41.213523
05:38:42,38.1,54,2026-05-22 05:38:42.511880
05:38:45,32.9,89,2026-05-22 05:38:45.513972
05:38:46,39.4,75,2026-05-22 05:38:46.226366
05:38:48,35.1,47,2026-05-22 05:38:48.511283
05:38:51,28.9,58,2026-05-22 05:38:51.242172
05:38:51,37.1,83,2026-05-22 05:38:51.510721
05:38:54,28.9,66,2026-05-22 05:38:54.540662
05:38:56,29.4,85,2026-05-22 05:38:56.257886
05:38:57,27.8,43,2026-05-22 05:38:57.510011
05:39:00,31.5,89,2026-05-22 05:39:00.510522
05:39:01,26.1,66,2026-05-22 05:39:01.267350
05:39:03,31.3,64,2026-05-22 05:39:03.515955
05:39:06,27.1,81,2026-05-22 05:39:06.277268
05:39:06,26.9,45,2026-05-22 05:39:06.512862
05:39:09,33.8,43,2026-05-22 05:39:09.513657
05:39:11,38.3,80,2026-05-22 05:39:11.287799
05:39:12,37.9,75,2026-05-22 05:39:12.511665
05:39:15,33.2,56,2026-05-22 05:39:15.510132
05:39:16,29.6,44,2026-05-22 05:39:16.304936
05:39:18,34.0,64,2026-05-22 05:39:18.530559
05:39:21,32.7,64,2026-05-22 05:39:21.320837
05:39:21,28.5,65,2026-05-22 05:39:21.511315
05:39:24,28.4,90,2026-05-22 05:39:24.511093
05:39:26,34.7,74,2026-05-22 05:39:26.331101
05:39:27,36.4,78,2026-05-22 05:39:27.511704
05:39:30,27.4,65,2026-05-22 05:39:30.514083
05:39:31,35.4,68,2026-05-22 05:39:31.341795
05:39:33,25.9,58,2026-05-22 05:39:33.511448
05:39:36,39.3,54,2026-05-22 05:39:36.349726
05:39:36,32.3,52,2026-05-22 05:39:36.510369
05:39:39,27.0,40,2026-05-22 05:39:39.512730
05:39:41,31.8,60,2026-05-22 05:39:41.362059
05:38:15,36.2,78,2026-05-22 05:38:15.510283
05:38:16,39.2,89,2026-05-22 05:38:16.154450
05:38:18,38.6,87,2026-05-22 05:38:18.512607
05:38:21,35.8,57,2026-05-22 05:38:21.164327
05:38:21,37.9,47,2026-05-22 05:38:21.518661
05:38:24,32.3,54,2026-05-22 05:38:24.512285
05:38:26,35.9,78,2026-05-22 05:38:26.174712
05:38:27,36.6,84,2026-05-22 05:38:27.516488
05:38:30,31.0,82,2026-05-22 05:38:30.511313
05:38:31,35.1,85,2026-05-22 05:38:31.186613
05:38:33,36.1,51,2026-05-22 05:38:33.519068
05:38:36,33.5,77,2026-05-22 05:38:36.200004
05:38:36,29.7,59,2026-05-22 05:38:36.511053
05:38:39,33.2,75,2026-05-22 05:38:39.512231
05:38:41,25.1,76,2026-05-22 05:38:41.213523
05:38:42,38.1,54,2026-05-22 05:38:42.511880
05:38:45,32.9,89,2026-05-22 05:38:45.513972
05:38:46,39.4,75,2026-05-22 05:38:46.226366
05:38:48,35.1,47,2026-05-22 05:38:48.511283
05:38:51,28.9,58,2026-05-22 05:38:51.242172
05:38:51,37.1,83,2026-05-22 05:38:51.510721
05:38:54,28.9,66,2026-05-22 05:38:54.540662
05:38:56,29.4,85,2026-05-22 05:38:56.257886
05:38:57,27.8,43,2026-05-22 05:38:57.510011
05:39:00,31.5,89,2026-05-22 05:39:00.510522
05:39:01,26.1,66,2026-05-22 05:39:01.267350
05:39:03,31.3,64,2026-05-22 05:39:03.515955
05:39:06,27.1,81,2026-05-22 05:39:06.277268
05:39:06,26.9,45,2026-05-22 05:39:06.512862
05:39:09,33.8,43,2026-05-22 05:39:09.513657
05:39:11,38.3,80,2026-05-22 05:39:11.287799
05:39:12,37.9,75,2026-05-22 05:39:12.511665
05:39:15,33.2,56,2026-05-22 05:39:15.510132
05:39:16,29.6,44,2026-05-22 05:39:16.304936
05:39:18,34.0,64,2026-05-22 05:39:18.530559
05:39:21,32.7,64,2026-05-22 05:39:21.320837
05:39:21,28.5,65,2026-05-22 05:39:21.511315
05:39:24,28.4,90,2026-05-22 05:39:24.511093
05:39:26,34.7,74,2026-05-22 05:39:26.331101
05:39:27,36.4,78,2026-05-22 05:39:27.511704
05:39:30,27.4,65,2026-05-22 05:39:30.514083
05:39:31,35.4,68,2026-05-22 05:39:31.341795
05:39:33,25.9,58,2026-05-22 05:39:33.511448
05:39:36,39.3,54,2026-05-22 05:39:36.349726
05:39:36,32.3,52,2026-05-22 05:39:36.510369
05:39:39,27.0,40,2026-05-22 05:39:39.512730
05:39:41,31.8,60,2026-05-22 05:39:41.362059
05:39:42,26.0,51,2026-05-22 05:39:42.512805
05:39:45,39.0,44,2026-05-22 05:39:45.511060
05:39:46,38.2,49,2026-05-22 05:39:46.383013
05:38:18,38.6,87,2026-05-22 05:38:18.512607
05:38:21,35.8,57,2026-05-22 05:38:21.164327
05:38:21,37.9,47,2026-05-22 05:38:21.518661
05:38:24,32.3,54,2026-05-22 05:38:24.512285
05:38:26,35.9,78,2026-05-22 05:38:26.174712
05:38:27,36.6,84,2026-05-22 05:38:27.516488
05:38:30,31.0,82,2026-05-22 05:38:30.511313
05:38:31,35.1,85,2026-05-22 05:38:31.186613
05:38:33,36.1,51,2026-05-22 05:38:33.519068
05:38:36,33.5,77,2026-05-22 05:38:36.200004
05:38:36,29.7,59,2026-05-22 05:38:36.511053
05:38:39,33.2,75,2026-05-22 05:38:39.512231
05:38:41,25.1,76,2026-05-22 05:38:41.213523
05:38:42,38.1,54,2026-05-22 05:38:42.511880
05:38:45,32.9,89,2026-05-22 05:38:45.513972
05:38:46,39.4,75,2026-05-22 05:38:46.226366
05:38:48,35.1,47,2026-05-22 05:38:48.511283
05:38:51,28.9,58,2026-05-22 05:38:51.242172
05:38:51,37.1,83,2026-05-22 05:38:51.510721
05:38:54,28.9,66,2026-05-22 05:38:54.540662
05:38:56,29.4,85,2026-05-22 05:38:56.257886
05:38:57,27.8,43,2026-05-22 05:38:57.510011
05:39:00,31.5,89,2026-05-22 05:39:00.510522
05:39:01,26.1,66,2026-05-22 05:39:01.267350
05:39:03,31.3,64,2026-05-22 05:39:03.515955
05:39:06,27.1,81,2026-05-22 05:39:06.277268
05:39:06,26.9,45,2026-05-22 05:39:06.512862
05:39:09,33.8,43,2026-05-22 05:39:09.513657
05:39:11,38.3,80,2026-05-22 05:39:11.287799
05:39:12,37.9,75,2026-05-22 05:39:12.511665
05:39:15,33.2,56,2026-05-22 05:39:15.510132
05:39:16,29.6,44,2026-05-22 05:39:16.304936
05:39:18,34.0,64,2026-05-22 05:39:18.530559
05:39:21,32.7,64,2026-05-22 05:39:21.320837
05:39:21,28.5,65,2026-05-22 05:39:21.511315
05:39:24,28.4,90,2026-05-22 05:39:24.511093
05:39:26,34.7,74,2026-05-22 05:39:26.331101
05:39:27,36.4,78,2026-05-22 05:39:27.511704
05:39:30,27.4,65,2026-05-22 05:39:30.514083
05:39:31,35.4,68,2026-05-22 05:39:31.341795
05:39:33,25.9,58,2026-05-22 05:39:33.511448
05:39:36,39.3,54,2026-05-22 05:39:36.349726
05:39:36,32.3,52,2026-05-22 05:39:36.510369
05:39:39,27.0,40,2026-05-22 05:39:39.512730
05:39:41,31.8,60,2026-05-22 05:39:41.362059
05:39:42,26.0,51,2026-05-22 05:39:42.512805
05:39:45,39.0,44,2026-05-22 05:39:45.511060
05:39:46,38.2,49,2026-05-22 05:39:46.383013
05:39:48,34.6,75,2026-05-22 05:39:48.510524
05:39:51,29.9,47,2026-05-22 05:39:51.417636
05:39:56,29.2,90,2026-05-22 05:39:56.453845
05:39:56,29.2,90,2026-05-22 05:39:56.453845
05:40:01,29.3,50,2026-05-22 05:40:01.469937
05:39:56,29.2,90,2026-05-22 05:39:56.453845
05:40:01,29.3,50,2026-05-22 05:40:01.469937
05:40:06,31.5,60,2026-05-22 05:40:06.482016
05:39:56,29.2,90,2026-05-22 05:39:56.453845
05:40:01,29.3,50,2026-05-22 05:40:01.469937
05:40:06,31.5,60,2026-05-22 05:40:06.482016
05:40:11,29.7,83,2026-05-22 05:40:11.492650
05:39:56,29.2,90,2026-05-22 05:39:56.453845
05:40:01,29.3,50,2026-05-22 05:40:01.469937
05:40:06,31.5,60,2026-05-22 05:40:06.482016
05:40:11,29.7,83,2026-05-22 05:40:11.492650
05:40:16,26.5,50,2026-05-22 05:40:16.506072
05:39:56,29.2,90,2026-05-22 05:39:56.453845
05:40:01,29.3,50,2026-05-22 05:40:01.469937
05:40:06,31.5,60,2026-05-22 05:40:06.482016
05:40:11,29.7,83,2026-05-22 05:40:11.492650
05:40:16,26.5,50,2026-05-22 05:40:16.506072
05:40:21,28.4,67,2026-05-22 05:40:21.539094
05:39:56,29.2,90,2026-05-22 05:39:56.453845
05:40:01,29.3,50,2026-05-22 05:40:01.469937
05:40:06,31.5,60,2026-05-22 05:40:06.482016
05:40:11,29.7,83,2026-05-22 05:40:11.492650
05:40:16,26.5,50,2026-05-22 05:40:16.506072
05:40:21,28.4,67,2026-05-22 05:40:21.539094
05:40:26,33.5,73,2026-05-22 05:40:26.558002
05:39:56,29.2,90,2026-05-22 05:39:56.453845
05:40:01,29.3,50,2026-05-22 05:40:01.469937
05:40:06,31.5,60,2026-05-22 05:40:06.482016
05:40:11,29.7,83,2026-05-22 05:40:11.492650
05:40:16,26.5,50,2026-05-22 05:40:16.506072
05:40:21,28.4,67,2026-05-22 05:40:21.539094
05:40:26,33.5,73,2026-05-22 05:40:26.558002
05:40:31,38.3,47,2026-05-22 05:40:31.576762
05:39:56,29.2,90,2026-05-22 05:39:56.453845
05:40:01,29.3,50,2026-05-22 05:40:01.469937
05:40:06,31.5,60,2026-05-22 05:40:06.482016
05:40:11,29.7,83,2026-05-22 05:40:11.492650
05:40:16,26.5,50,2026-05-22 05:40:16.506072
05:40:21,28.4,67,2026-05-22 05:40:21.539094
05:40:26,33.5,73,2026-05-22 05:40:26.558002
05:40:31,38.3,47,2026-05-22 05:40:31.576762
05:40:36,25.8,80,2026-05-22 05:40:36.622461
05:39:56,29.2,90,2026-05-22 05:39:56.453845
05:40:01,29.3,50,2026-05-22 05:40:01.469937
05:40:06,31.5,60,2026-05-22 05:40:06.482016
05:40:11,29.7,83,2026-05-22 05:40:11.492650
05:40:16,26.5,50,2026-05-22 05:40:16.506072
05:40:21,28.4,67,2026-05-22 05:40:21.539094
05:40:26,33.5,73,2026-05-22 05:40:26.558002
05:40:31,38.3,47,2026-05-22 05:40:31.576762
05:40:36,25.8,80,2026-05-22 05:40:36.622461
05:40:41,31.1,44,2026-05-22 05:40:41.645573
05:39:56,29.2,90,2026-05-22 05:39:56.453845
05:40:01,29.3,50,2026-05-22 05:40:01.469937
05:40:06,31.5,60,2026-05-22 05:40:06.482016
05:40:11,29.7,83,2026-05-22 05:40:11.492650
05:40:16,26.5,50,2026-05-22 05:40:16.506072
05:40:21,28.4,67,2026-05-22 05:40:21.539094
05:40:26,33.5,73,2026-05-22 05:40:26.558002
05:40:31,38.3,47,2026-05-22 05:40:31.576762
05:40:36,25.8,80,2026-05-22 05:40:36.622461
05:40:41,31.1,44,2026-05-22 05:40:41.645573
05:40:46,39.9,40,2026-05-22 05:40:46.670271
05:39:56,29.2,90,2026-05-22 05:39:56.453845
05:40:01,29.3,50,2026-05-22 05:40:01.469937
05:40:06,31.5,60,2026-05-22 05:40:06.482016
05:40:11,29.7,83,2026-05-22 05:40:11.492650
05:40:16,26.5,50,2026-05-22 05:40:16.506072
05:40:21,28.4,67,2026-05-22 05:40:21.539094
05:40:26,33.5,73,2026-05-22 05:40:26.558002
05:40:31,38.3,47,2026-05-22 05:40:31.576762
05:40:36,25.8,80,2026-05-22 05:40:36.622461
05:40:41,31.1,44,2026-05-22 05:40:41.645573
05:40:46,39.9,40,2026-05-22 05:40:46.670271
05:40:51,35.3,88,2026-05-22 05:40:51.689716
05:39:56,29.2,90,2026-05-22 05:39:56.453845
05:40:01,29.3,50,2026-05-22 05:40:01.469937
05:40:06,31.5,60,2026-05-22 05:40:06.482016
05:40:11,29.7,83,2026-05-22 05:40:11.492650
05:40:16,26.5,50,2026-05-22 05:40:16.506072
05:40:21,28.4,67,2026-05-22 05:40:21.539094
05:40:26,33.5,73,2026-05-22 05:40:26.558002
05:40:31,38.3,47,2026-05-22 05:40:31.576762
05:40:36,25.8,80,2026-05-22 05:40:36.622461
05:40:41,31.1,44,2026-05-22 05:40:41.645573
05:40:46,39.9,40,2026-05-22 05:40:46.670271
05:40:51,35.3,88,2026-05-22 05:40:51.689716
05:40:56,29.1,46,2026-05-22 05:40:56.706882
05:39:56,29.2,90,2026-05-22 05:39:56.453845
05:40:01,29.3,50,2026-05-22 05:40:01.469937
05:40:06,31.5,60,2026-05-22 05:40:06.482016
05:40:11,29.7,83,2026-05-22 05:40:11.492650
05:40:16,26.5,50,2026-05-22 05:40:16.506072
05:40:21,28.4,67,2026-05-22 05:40:21.539094
05:40:26,33.5,73,2026-05-22 05:40:26.558002
05:40:31,38.3,47,2026-05-22 05:40:31.576762
05:40:36,25.8,80,2026-05-22 05:40:36.622461
05:40:41,31.1,44,2026-05-22 05:40:41.645573
05:40:46,39.9,40,2026-05-22 05:40:46.670271
05:40:51,35.3,88,2026-05-22 05:40:51.689716
05:40:56,29.1,46,2026-05-22 05:40:56.706882
05:41:01,30.1,73,2026-05-22 05:41:01.723523
05:39:56,29.2,90,2026-05-22 05:39:56.453845
05:40:01,29.3,50,2026-05-22 05:40:01.469937
05:40:06,31.5,60,2026-05-22 05:40:06.482016
05:40:11,29.7,83,2026-05-22 05:40:11.492650
05:40:16,26.5,50,2026-05-22 05:40:16.506072
05:40:21,28.4,67,2026-05-22 05:40:21.539094
05:40:26,33.5,73,2026-05-22 05:40:26.558002
05:40:31,38.3,47,2026-05-22 05:40:31.576762
05:40:36,25.8,80,2026-05-22 05:40:36.622461
05:40:41,31.1,44,2026-05-22 05:40:41.645573
05:40:46,39.9,40,2026-05-22 05:40:46.670271
05:40:51,35.3,88,2026-05-22 05:40:51.689716
05:40:56,29.1,46,2026-05-22 05:40:56.706882
05:41:01,30.1,73,2026-05-22 05:41:01.723523
05:41:06,39.5,41,2026-05-22 05:41:06.734375
05:39:56,29.2,90,2026-05-22 05:39:56.453845
05:40:01,29.3,50,2026-05-22 05:40:01.469937
05:40:06,31.5,60,2026-05-22 05:40:06.482016
05:40:11,29.7,83,2026-05-22 05:40:11.492650
05:40:16,26.5,50,2026-05-22 05:40:16.506072
05:40:21,28.4,67,2026-05-22 05:40:21.539094
05:40:26,33.5,73,2026-05-22 05:40:26.558002
05:40:31,38.3,47,2026-05-22 05:40:31.576762
05:40:36,25.8,80,2026-05-22 05:40:36.622461
05:40:41,31.1,44,2026-05-22 05:40:41.645573
05:40:46,39.9,40,2026-05-22 05:40:46.670271
05:40:51,35.3,88,2026-05-22 05:40:51.689716
05:40:56,29.1,46,2026-05-22 05:40:56.706882
05:41:01,30.1,73,2026-05-22 05:41:01.723523
05:41:06,39.5,41,2026-05-22 05:41:06.734375
05:41:11,31.8,42,2026-05-22 05:41:11.741070
05:39:56,29.2,90,2026-05-22 05:39:56.453845
05:40:01,29.3,50,2026-05-22 05:40:01.469937
05:40:06,31.5,60,2026-05-22 05:40:06.482016
05:40:11,29.7,83,2026-05-22 05:40:11.492650
05:40:16,26.5,50,2026-05-22 05:40:16.506072
05:40:21,28.4,67,2026-05-22 05:40:21.539094
05:40:26,33.5,73,2026-05-22 05:40:26.558002
05:40:31,38.3,47,2026-05-22 05:40:31.576762
05:40:36,25.8,80,2026-05-22 05:40:36.622461
05:40:41,31.1,44,2026-05-22 05:40:41.645573
05:40:46,39.9,40,2026-05-22 05:40:46.670271
05:40:51,35.3,88,2026-05-22 05:40:51.689716
05:40:56,29.1,46,2026-05-22 05:40:56.706882
05:41:01,30.1,73,2026-05-22 05:41:01.723523
05:41:06,39.5,41,2026-05-22 05:41:06.734375
05:41:11,31.8,42,2026-05-22 05:41:11.741070
05:41:16,33.6,80,2026-05-22 05:41:16.751684
05:39:56,29.2,90,2026-05-22 05:39:56.453845
05:40:01,29.3,50,2026-05-22 05:40:01.469937
05:40:06,31.5,60,2026-05-22 05:40:06.482016
05:40:11,29.7,83,2026-05-22 05:40:11.492650
05:40:16,26.5,50,2026-05-22 05:40:16.506072
05:40:21,28.4,67,2026-05-22 05:40:21.539094
05:40:26,33.5,73,2026-05-22 05:40:26.558002
05:40:31,38.3,47,2026-05-22 05:40:31.576762
05:40:36,25.8,80,2026-05-22 05:40:36.622461
05:40:41,31.1,44,2026-05-22 05:40:41.645573
05:40:46,39.9,40,2026-05-22 05:40:46.670271
05:40:51,35.3,88,2026-05-22 05:40:51.689716
05:40:56,29.1,46,2026-05-22 05:40:56.706882
05:41:01,30.1,73,2026-05-22 05:41:01.723523
05:41:06,39.5,41,2026-05-22 05:41:06.734375
05:41:11,31.8,42,2026-05-22 05:41:11.741070
05:41:16,33.6,80,2026-05-22 05:41:16.751684
05:41:21,37.6,54,2026-05-22 05:41:21.758940
05:39:56,29.2,90,2026-05-22 05:39:56.453845
05:40:01,29.3,50,2026-05-22 05:40:01.469937
05:40:06,31.5,60,2026-05-22 05:40:06.482016
05:40:11,29.7,83,2026-05-22 05:40:11.492650
05:40:16,26.5,50,2026-05-22 05:40:16.506072
05:40:21,28.4,67,2026-05-22 05:40:21.539094
05:40:26,33.5,73,2026-05-22 05:40:26.558002
05:40:31,38.3,47,2026-05-22 05:40:31.576762
05:40:36,25.8,80,2026-05-22 05:40:36.622461
05:40:41,31.1,44,2026-05-22 05:40:41.645573
05:40:46,39.9,40,2026-05-22 05:40:46.670271
05:40:51,35.3,88,2026-05-22 05:40:51.689716
05:40:56,29.1,46,2026-05-22 05:40:56.706882
05:41:01,30.1,73,2026-05-22 05:41:01.723523
05:41:06,39.5,41,2026-05-22 05:41:06.734375
05:41:11,31.8,42,2026-05-22 05:41:11.741070
05:41:16,33.6,80,2026-05-22 05:41:16.751684
05:41:21,37.6,54,2026-05-22 05:41:21.758940
05:41:26,36.1,50,2026-05-22 05:41:26.771358
05:39:56,29.2,90,2026-05-22 05:39:56.453845
05:40:01,29.3,50,2026-05-22 05:40:01.469937
05:40:06,31.5,60,2026-05-22 05:40:06.482016
05:40:11,29.7,83,2026-05-22 05:40:11.492650
05:40:16,26.5,50,2026-05-22 05:40:16.506072
05:40:21,28.4,67,2026-05-22 05:40:21.539094
05:40:26,33.5,73,2026-05-22 05:40:26.558002
05:40:31,38.3,47,2026-05-22 05:40:31.576762
05:40:36,25.8,80,2026-05-22 05:40:36.622461
05:40:41,31.1,44,2026-05-22 05:40:41.645573
05:40:46,39.9,40,2026-05-22 05:40:46.670271
05:40:51,35.3,88,2026-05-22 05:40:51.689716
05:40:56,29.1,46,2026-05-22 05:40:56.706882
05:41:01,30.1,73,2026-05-22 05:41:01.723523
05:41:06,39.5,41,2026-05-22 05:41:06.734375
05:41:11,31.8,42,2026-05-22 05:41:11.741070
05:41:16,33.6,80,2026-05-22 05:41:16.751684
05:41:21,37.6,54,2026-05-22 05:41:21.758940
05:41:26,36.1,50,2026-05-22 05:41:26.771358
05:41:31,27.2,48,2026-05-22 05:41:31.783571
05:43:20,33.7,63,2026-05-22 05:43:20.568466
05:43:20,33.7,63,2026-05-22 05:43:20.568466
05:43:25,34.4,63,2026-05-22 05:43:25.589615
05:43:20,33.7,63,2026-05-22 05:43:20.568466
05:43:25,34.4,63,2026-05-22 05:43:25.589615
05:43:30,37.6,66,2026-05-22 05:43:30.612151
05:43:20,33.7,63,2026-05-22 05:43:20.568466
05:43:25,34.4,63,2026-05-22 05:43:25.589615
05:43:30,37.6,66,2026-05-22 05:43:30.612151
05:43:35,36.5,53,2026-05-22 05:43:35.632372
05:43:20,33.7,63,2026-05-22 05:43:20.568466
05:43:25,34.4,63,2026-05-22 05:43:25.589615
05:43:30,37.6,66,2026-05-22 05:43:30.612151
05:43:35,36.5,53,2026-05-22 05:43:35.632372
05:43:40,39.0,75,2026-05-22 05:43:40.664853
05:43:20,33.7,63,2026-05-22 05:43:20.568466
05:43:25,34.4,63,2026-05-22 05:43:25.589615
05:43:30,37.6,66,2026-05-22 05:43:30.612151
05:43:35,36.5,53,2026-05-22 05:43:35.632372
05:43:40,39.0,75,2026-05-22 05:43:40.664853
05:43:45,37.5,56,2026-05-22 05:43:45.689311
05:43:20,33.7,63,2026-05-22 05:43:20.568466
05:43:25,34.4,63,2026-05-22 05:43:25.589615
05:43:30,37.6,66,2026-05-22 05:43:30.612151
05:43:35,36.5,53,2026-05-22 05:43:35.632372
05:43:40,39.0,75,2026-05-22 05:43:40.664853
05:43:45,37.5,56,2026-05-22 05:43:45.689311
05:43:50,39.3,84,2026-05-22 05:43:50.702033
05:43:20,33.7,63,2026-05-22 05:43:20.568466
05:43:25,34.4,63,2026-05-22 05:43:25.589615
05:43:30,37.6,66,2026-05-22 05:43:30.612151
05:43:35,36.5,53,2026-05-22 05:43:35.632372
05:43:40,39.0,75,2026-05-22 05:43:40.664853
05:43:45,37.5,56,2026-05-22 05:43:45.689311
05:43:50,39.3,84,2026-05-22 05:43:50.702033
05:43:55,34.4,61,2026-05-22 05:43:55.725746
05:43:20,33.7,63,2026-05-22 05:43:20.568466
05:43:25,34.4,63,2026-05-22 05:43:25.589615
05:43:30,37.6,66,2026-05-22 05:43:30.612151
05:43:35,36.5,53,2026-05-22 05:43:35.632372
05:43:40,39.0,75,2026-05-22 05:43:40.664853
05:43:45,37.5,56,2026-05-22 05:43:45.689311
05:43:50,39.3,84,2026-05-22 05:43:50.702033
05:43:55,34.4,61,2026-05-22 05:43:55.725746
05:44:00,36.3,63,2026-05-22 05:44:00.750833
05:43:20,33.7,63,2026-05-22 05:43:20.568466
05:43:25,34.4,63,2026-05-22 05:43:25.589615
05:43:30,37.6,66,2026-05-22 05:43:30.612151
05:43:35,36.5,53,2026-05-22 05:43:35.632372
05:43:40,39.0,75,2026-05-22 05:43:40.664853
05:43:45,37.5,56,2026-05-22 05:43:45.689311
05:43:50,39.3,84,2026-05-22 05:43:50.702033
05:43:55,34.4,61,2026-05-22 05:43:55.725746
05:44:00,36.3,63,2026-05-22 05:44:00.750833
05:44:05,39.7,75,2026-05-22 05:44:05.768043
05:43:20,33.7,63,2026-05-22 05:43:20.568466
05:43:25,34.4,63,2026-05-22 05:43:25.589615
05:43:30,37.6,66,2026-05-22 05:43:30.612151
05:43:35,36.5,53,2026-05-22 05:43:35.632372
05:43:40,39.0,75,2026-05-22 05:43:40.664853
05:43:45,37.5,56,2026-05-22 05:43:45.689311
05:43:50,39.3,84,2026-05-22 05:43:50.702033
05:43:55,34.4,61,2026-05-22 05:43:55.725746
05:44:00,36.3,63,2026-05-22 05:44:00.750833
05:44:05,39.7,75,2026-05-22 05:44:05.768043
05:44:10,35.0,88,2026-05-22 05:44:10.803048
05:43:20,33.7,63,2026-05-22 05:43:20.568466
05:43:25,34.4,63,2026-05-22 05:43:25.589615
05:43:30,37.6,66,2026-05-22 05:43:30.612151
05:43:35,36.5,53,2026-05-22 05:43:35.632372
05:43:40,39.0,75,2026-05-22 05:43:40.664853
05:43:45,37.5,56,2026-05-22 05:43:45.689311
05:43:50,39.3,84,2026-05-22 05:43:50.702033
05:43:55,34.4,61,2026-05-22 05:43:55.725746
05:44:00,36.3,63,2026-05-22 05:44:00.750833
05:44:05,39.7,75,2026-05-22 05:44:05.768043
05:44:10,35.0,88,2026-05-22 05:44:10.803048
05:44:15,31.4,89,2026-05-22 05:44:15.828314
05:43:20,33.7,63,2026-05-22 05:43:20.568466
05:43:25,34.4,63,2026-05-22 05:43:25.589615
05:43:30,37.6,66,2026-05-22 05:43:30.612151
05:43:35,36.5,53,2026-05-22 05:43:35.632372
05:43:40,39.0,75,2026-05-22 05:43:40.664853
05:43:45,37.5,56,2026-05-22 05:43:45.689311
05:43:50,39.3,84,2026-05-22 05:43:50.702033
05:43:55,34.4,61,2026-05-22 05:43:55.725746
05:44:00,36.3,63,2026-05-22 05:44:00.750833
05:44:05,39.7,75,2026-05-22 05:44:05.768043
05:44:10,35.0,88,2026-05-22 05:44:10.803048
05:44:15,31.4,89,2026-05-22 05:44:15.828314
05:44:20,36.4,81,2026-05-22 05:44:20.861968
05:43:20,33.7,63,2026-05-22 05:43:20.568466
05:43:25,34.4,63,2026-05-22 05:43:25.589615
05:43:30,37.6,66,2026-05-22 05:43:30.612151
05:43:35,36.5,53,2026-05-22 05:43:35.632372
05:43:40,39.0,75,2026-05-22 05:43:40.664853
05:43:45,37.5,56,2026-05-22 05:43:45.689311
05:43:50,39.3,84,2026-05-22 05:43:50.702033
05:43:55,34.4,61,2026-05-22 05:43:55.725746
05:44:00,36.3,63,2026-05-22 05:44:00.750833
05:44:05,39.7,75,2026-05-22 05:44:05.768043
05:44:10,35.0,88,2026-05-22 05:44:10.803048
05:44:15,31.4,89,2026-05-22 05:44:15.828314
05:44:20,36.4,81,2026-05-22 05:44:20.861968
05:44:25,27.6,43,2026-05-22 05:44:25.886938
05:43:20,33.7,63,2026-05-22 05:43:20.568466
05:43:25,34.4,63,2026-05-22 05:43:25.589615
05:43:30,37.6,66,2026-05-22 05:43:30.612151
05:43:35,36.5,53,2026-05-22 05:43:35.632372
05:43:40,39.0,75,2026-05-22 05:43:40.664853
05:43:45,37.5,56,2026-05-22 05:43:45.689311
05:43:50,39.3,84,2026-05-22 05:43:50.702033
05:43:55,34.4,61,2026-05-22 05:43:55.725746
05:44:00,36.3,63,2026-05-22 05:44:00.750833
05:44:05,39.7,75,2026-05-22 05:44:05.768043
05:44:10,35.0,88,2026-05-22 05:44:10.803048
05:44:15,31.4,89,2026-05-22 05:44:15.828314
05:44:20,36.4,81,2026-05-22 05:44:20.861968
05:44:25,27.6,43,2026-05-22 05:44:25.886938
05:44:30,37.9,89,2026-05-22 05:44:30.914027
05:43:20,33.7,63,2026-05-22 05:43:20.568466
05:43:25,34.4,63,2026-05-22 05:43:25.589615
05:43:30,37.6,66,2026-05-22 05:43:30.612151
05:43:35,36.5,53,2026-05-22 05:43:35.632372
05:43:40,39.0,75,2026-05-22 05:43:40.664853
05:43:45,37.5,56,2026-05-22 05:43:45.689311
05:43:50,39.3,84,2026-05-22 05:43:50.702033
05:43:55,34.4,61,2026-05-22 05:43:55.725746
05:44:00,36.3,63,2026-05-22 05:44:00.750833
05:44:05,39.7,75,2026-05-22 05:44:05.768043
05:44:10,35.0,88,2026-05-22 05:44:10.803048
05:44:15,31.4,89,2026-05-22 05:44:15.828314
05:44:20,36.4,81,2026-05-22 05:44:20.861968
05:44:25,27.6,43,2026-05-22 05:44:25.886938
05:44:30,37.9,89,2026-05-22 05:44:30.914027
05:44:35,39.9,52,2026-05-22 05:44:35.936474
05:43:20,33.7,63,2026-05-22 05:43:20.568466
05:43:25,34.4,63,2026-05-22 05:43:25.589615
05:43:30,37.6,66,2026-05-22 05:43:30.612151
05:43:35,36.5,53,2026-05-22 05:43:35.632372
05:43:40,39.0,75,2026-05-22 05:43:40.664853
05:43:45,37.5,56,2026-05-22 05:43:45.689311
05:43:50,39.3,84,2026-05-22 05:43:50.702033
05:43:55,34.4,61,2026-05-22 05:43:55.725746
05:44:00,36.3,63,2026-05-22 05:44:00.750833
05:44:05,39.7,75,2026-05-22 05:44:05.768043
05:44:10,35.0,88,2026-05-22 05:44:10.803048
05:44:15,31.4,89,2026-05-22 05:44:15.828314
05:44:20,36.4,81,2026-05-22 05:44:20.861968
05:44:25,27.6,43,2026-05-22 05:44:25.886938
05:44:30,37.9,89,2026-05-22 05:44:30.914027
05:44:35,39.9,52,2026-05-22 05:44:35.936474
05:44:40,27.3,74,2026-05-22 05:44:40.955386
05:43:20,33.7,63,2026-05-22 05:43:20.568466
05:43:25,34.4,63,2026-05-22 05:43:25.589615
05:43:30,37.6,66,2026-05-22 05:43:30.612151
05:43:35,36.5,53,2026-05-22 05:43:35.632372
05:43:40,39.0,75,2026-05-22 05:43:40.664853
05:43:45,37.5,56,2026-05-22 05:43:45.689311
05:43:50,39.3,84,2026-05-22 05:43:50.702033
05:43:55,34.4,61,2026-05-22 05:43:55.725746
05:44:00,36.3,63,2026-05-22 05:44:00.750833
05:44:05,39.7,75,2026-05-22 05:44:05.768043
05:44:10,35.0,88,2026-05-22 05:44:10.803048
05:44:15,31.4,89,2026-05-22 05:44:15.828314
05:44:20,36.4,81,2026-05-22 05:44:20.861968
05:44:25,27.6,43,2026-05-22 05:44:25.886938
05:44:30,37.9,89,2026-05-22 05:44:30.914027
05:44:35,39.9,52,2026-05-22 05:44:35.936474
05:44:40,27.3,74,2026-05-22 05:44:40.955386
05:44:45,30.3,43,2026-05-22 05:44:45.978797
05:43:20,33.7,63,2026-05-22 05:43:20.568466
05:43:25,34.4,63,2026-05-22 05:43:25.589615
05:43:30,37.6,66,2026-05-22 05:43:30.612151
05:43:35,36.5,53,2026-05-22 05:43:35.632372
05:43:40,39.0,75,2026-05-22 05:43:40.664853
05:43:45,37.5,56,2026-05-22 05:43:45.689311
05:43:50,39.3,84,2026-05-22 05:43:50.702033
05:43:55,34.4,61,2026-05-22 05:43:55.725746
05:44:00,36.3,63,2026-05-22 05:44:00.750833
05:44:05,39.7,75,2026-05-22 05:44:05.768043
05:44:10,35.0,88,2026-05-22 05:44:10.803048
05:44:15,31.4,89,2026-05-22 05:44:15.828314
05:44:20,36.4,81,2026-05-22 05:44:20.861968
05:44:25,27.6,43,2026-05-22 05:44:25.886938
05:44:30,37.9,89,2026-05-22 05:44:30.914027
05:44:35,39.9,52,2026-05-22 05:44:35.936474
05:44:40,27.3,74,2026-05-22 05:44:40.955386
05:44:45,30.3,43,2026-05-22 05:44:45.978797
05:44:50,25.7,46,2026-05-22 05:44:50.996407
05:43:20,33.7,63,2026-05-22 05:43:20.568466
05:43:25,34.4,63,2026-05-22 05:43:25.589615
05:43:30,37.6,66,2026-05-22 05:43:30.612151
05:43:35,36.5,53,2026-05-22 05:43:35.632372
05:43:40,39.0,75,2026-05-22 05:43:40.664853
05:43:45,37.5,56,2026-05-22 05:43:45.689311
05:43:50,39.3,84,2026-05-22 05:43:50.702033
05:43:55,34.4,61,2026-05-22 05:43:55.725746
05:44:00,36.3,63,2026-05-22 05:44:00.750833
05:44:05,39.7,75,2026-05-22 05:44:05.768043
05:44:10,35.0,88,2026-05-22 05:44:10.803048
05:44:15,31.4,89,2026-05-22 05:44:15.828314
05:44:20,36.4,81,2026-05-22 05:44:20.861968
05:44:25,27.6,43,2026-05-22 05:44:25.886938
05:44:30,37.9,89,2026-05-22 05:44:30.914027
05:44:35,39.9,52,2026-05-22 05:44:35.936474
05:44:40,27.3,74,2026-05-22 05:44:40.955386
05:44:45,30.3,43,2026-05-22 05:44:45.978797
05:44:50,25.7,46,2026-05-22 05:44:50.996407
05:44:56,31.8,69,2026-05-22 05:44:56.022098
05:43:20,33.7,63,2026-05-22 05:43:20.568466
05:43:25,34.4,63,2026-05-22 05:43:25.589615
05:43:30,37.6,66,2026-05-22 05:43:30.612151
05:43:35,36.5,53,2026-05-22 05:43:35.632372
05:43:40,39.0,75,2026-05-22 05:43:40.664853
05:43:45,37.5,56,2026-05-22 05:43:45.689311
05:43:50,39.3,84,2026-05-22 05:43:50.702033
05:43:55,34.4,61,2026-05-22 05:43:55.725746
05:44:00,36.3,63,2026-05-22 05:44:00.750833
05:44:05,39.7,75,2026-05-22 05:44:05.768043
05:44:10,35.0,88,2026-05-22 05:44:10.803048
05:44:15,31.4,89,2026-05-22 05:44:15.828314
05:44:20,36.4,81,2026-05-22 05:44:20.861968
05:44:25,27.6,43,2026-05-22 05:44:25.886938
05:44:30,37.9,89,2026-05-22 05:44:30.914027
05:44:35,39.9,52,2026-05-22 05:44:35.936474
05:44:40,27.3,74,2026-05-22 05:44:40.955386
05:44:45,30.3,43,2026-05-22 05:44:45.978797
05:44:50,25.7,46,2026-05-22 05:44:50.996407
05:44:56,31.8,69,2026-05-22 05:44:56.022098
05:45:01,30.9,75,2026-05-22 05:45:01.042781
05:43:20,33.7,63,2026-05-22 05:43:20.568466
05:43:25,34.4,63,2026-05-22 05:43:25.589615
05:43:30,37.6,66,2026-05-22 05:43:30.612151
05:43:35,36.5,53,2026-05-22 05:43:35.632372
05:43:40,39.0,75,2026-05-22 05:43:40.664853
05:43:45,37.5,56,2026-05-22 05:43:45.689311
05:43:50,39.3,84,2026-05-22 05:43:50.702033
05:43:55,34.4,61,2026-05-22 05:43:55.725746
05:44:00,36.3,63,2026-05-22 05:44:00.750833
05:44:05,39.7,75,2026-05-22 05:44:05.768043
05:44:10,35.0,88,2026-05-22 05:44:10.803048
05:44:15,31.4,89,2026-05-22 05:44:15.828314
05:44:20,36.4,81,2026-05-22 05:44:20.861968
05:44:25,27.6,43,2026-05-22 05:44:25.886938
05:44:30,37.9,89,2026-05-22 05:44:30.914027
05:44:35,39.9,52,2026-05-22 05:44:35.936474
05:44:40,27.3,74,2026-05-22 05:44:40.955386
05:44:45,30.3,43,2026-05-22 05:44:45.978797
05:44:50,25.7,46,2026-05-22 05:44:50.996407
05:44:56,31.8,69,2026-05-22 05:44:56.022098
05:45:01,30.9,75,2026-05-22 05:45:01.042781
05:45:06,39.5,76,2026-05-22 05:45:06.061650
05:43:20,33.7,63,2026-05-22 05:43:20.568466
05:43:25,34.4,63,2026-05-22 05:43:25.589615
05:43:30,37.6,66,2026-05-22 05:43:30.612151
05:43:35,36.5,53,2026-05-22 05:43:35.632372
05:43:40,39.0,75,2026-05-22 05:43:40.664853
05:43:45,37.5,56,2026-05-22 05:43:45.689311
05:43:50,39.3,84,2026-05-22 05:43:50.702033
05:43:55,34.4,61,2026-05-22 05:43:55.725746
05:44:00,36.3,63,2026-05-22 05:44:00.750833
05:44:05,39.7,75,2026-05-22 05:44:05.768043
05:44:10,35.0,88,2026-05-22 05:44:10.803048
05:44:15,31.4,89,2026-05-22 05:44:15.828314
05:44:20,36.4,81,2026-05-22 05:44:20.861968
05:44:25,27.6,43,2026-05-22 05:44:25.886938
05:44:30,37.9,89,2026-05-22 05:44:30.914027
05:44:35,39.9,52,2026-05-22 05:44:35.936474
05:44:40,27.3,74,2026-05-22 05:44:40.955386
05:44:45,30.3,43,2026-05-22 05:44:45.978797
05:44:50,25.7,46,2026-05-22 05:44:50.996407
05:44:56,31.8,69,2026-05-22 05:44:56.022098
05:45:01,30.9,75,2026-05-22 05:45:01.042781
05:45:06,39.5,76,2026-05-22 05:45:06.061650
05:45:11,28.8,87,2026-05-22 05:45:11.075137
05:43:20,33.7,63,2026-05-22 05:43:20.568466
05:43:25,34.4,63,2026-05-22 05:43:25.589615
05:43:30,37.6,66,2026-05-22 05:43:30.612151
05:43:35,36.5,53,2026-05-22 05:43:35.632372
05:43:40,39.0,75,2026-05-22 05:43:40.664853
05:43:45,37.5,56,2026-05-22 05:43:45.689311
05:43:50,39.3,84,2026-05-22 05:43:50.702033
05:43:55,34.4,61,2026-05-22 05:43:55.725746
05:44:00,36.3,63,2026-05-22 05:44:00.750833
05:44:05,39.7,75,2026-05-22 05:44:05.768043
05:44:10,35.0,88,2026-05-22 05:44:10.803048
05:44:15,31.4,89,2026-05-22 05:44:15.828314
05:44:20,36.4,81,2026-05-22 05:44:20.861968
05:44:25,27.6,43,2026-05-22 05:44:25.886938
05:44:30,37.9,89,2026-05-22 05:44:30.914027
05:44:35,39.9,52,2026-05-22 05:44:35.936474
05:44:40,27.3,74,2026-05-22 05:44:40.955386
05:44:45,30.3,43,2026-05-22 05:44:45.978797
05:44:50,25.7,46,2026-05-22 05:44:50.996407
05:44:56,31.8,69,2026-05-22 05:44:56.022098
05:45:01,30.9,75,2026-05-22 05:45:01.042781
05:45:06,39.5,76,2026-05-22 05:45:06.061650
05:45:11,28.8,87,2026-05-22 05:45:11.075137
05:45:16,31.5,40,2026-05-22 05:45:16.092849
05:43:20,33.7,63,2026-05-22 05:43:20.568466
05:43:25,34.4,63,2026-05-22 05:43:25.589615
05:43:30,37.6,66,2026-05-22 05:43:30.612151
05:43:35,36.5,53,2026-05-22 05:43:35.632372
05:43:40,39.0,75,2026-05-22 05:43:40.664853
05:43:45,37.5,56,2026-05-22 05:43:45.689311
05:43:50,39.3,84,2026-05-22 05:43:50.702033
05:43:55,34.4,61,2026-05-22 05:43:55.725746
05:44:00,36.3,63,2026-05-22 05:44:00.750833
05:44:05,39.7,75,2026-05-22 05:44:05.768043
05:44:10,35.0,88,2026-05-22 05:44:10.803048
05:44:15,31.4,89,2026-05-22 05:44:15.828314
05:44:20,36.4,81,2026-05-22 05:44:20.861968
05:44:25,27.6,43,2026-05-22 05:44:25.886938
05:44:30,37.9,89,2026-05-22 05:44:30.914027
05:44:35,39.9,52,2026-05-22 05:44:35.936474
05:44:40,27.3,74,2026-05-22 05:44:40.955386
05:44:45,30.3,43,2026-05-22 05:44:45.978797
05:44:50,25.7,46,2026-05-22 05:44:50.996407
05:44:56,31.8,69,2026-05-22 05:44:56.022098
05:45:01,30.9,75,2026-05-22 05:45:01.042781
05:45:06,39.5,76,2026-05-22 05:45:06.061650
05:45:11,28.8,87,2026-05-22 05:45:11.075137
05:45:16,31.5,40,2026-05-22 05:45:16.092849
05:45:21,34.2,62,2026-05-22 05:45:21.117386
05:43:20,33.7,63,2026-05-22 05:43:20.568466
05:43:25,34.4,63,2026-05-22 05:43:25.589615
05:43:30,37.6,66,2026-05-22 05:43:30.612151
05:43:35,36.5,53,2026-05-22 05:43:35.632372
05:43:40,39.0,75,2026-05-22 05:43:40.664853
05:43:45,37.5,56,2026-05-22 05:43:45.689311
05:43:50,39.3,84,2026-05-22 05:43:50.702033
05:43:55,34.4,61,2026-05-22 05:43:55.725746
05:44:00,36.3,63,2026-05-22 05:44:00.750833
05:44:05,39.7,75,2026-05-22 05:44:05.768043
05:44:10,35.0,88,2026-05-22 05:44:10.803048
05:44:15,31.4,89,2026-05-22 05:44:15.828314
05:44:20,36.4,81,2026-05-22 05:44:20.861968
05:44:25,27.6,43,2026-05-22 05:44:25.886938
05:44:30,37.9,89,2026-05-22 05:44:30.914027
05:44:35,39.9,52,2026-05-22 05:44:35.936474
05:44:40,27.3,74,2026-05-22 05:44:40.955386
05:44:45,30.3,43,2026-05-22 05:44:45.978797
05:44:50,25.7,46,2026-05-22 05:44:50.996407
05:44:56,31.8,69,2026-05-22 05:44:56.022098
05:45:01,30.9,75,2026-05-22 05:45:01.042781
05:45:06,39.5,76,2026-05-22 05:45:06.061650
05:45:11,28.8,87,2026-05-22 05:45:11.075137
05:45:16,31.5,40,2026-05-22 05:45:16.092849
05:45:21,34.2,62,2026-05-22 05:45:21.117386
05:45:26,38.8,73,2026-05-22 05:45:26.134209
05:43:20,33.7,63,2026-05-22 05:43:20.568466
05:43:25,34.4,63,2026-05-22 05:43:25.589615
05:43:30,37.6,66,2026-05-22 05:43:30.612151
05:43:35,36.5,53,2026-05-22 05:43:35.632372
05:43:40,39.0,75,2026-05-22 05:43:40.664853
05:43:45,37.5,56,2026-05-22 05:43:45.689311
05:43:50,39.3,84,2026-05-22 05:43:50.702033
05:43:55,34.4,61,2026-05-22 05:43:55.725746
05:44:00,36.3,63,2026-05-22 05:44:00.750833
05:44:05,39.7,75,2026-05-22 05:44:05.768043
05:44:10,35.0,88,2026-05-22 05:44:10.803048
05:44:15,31.4,89,2026-05-22 05:44:15.828314
05:44:20,36.4,81,2026-05-22 05:44:20.861968
05:44:25,27.6,43,2026-05-22 05:44:25.886938
05:44:30,37.9,89,2026-05-22 05:44:30.914027
05:44:35,39.9,52,2026-05-22 05:44:35.936474
05:44:40,27.3,74,2026-05-22 05:44:40.955386
05:44:45,30.3,43,2026-05-22 05:44:45.978797
05:44:50,25.7,46,2026-05-22 05:44:50.996407
05:44:56,31.8,69,2026-05-22 05:44:56.022098
05:45:01,30.9,75,2026-05-22 05:45:01.042781
05:45:06,39.5,76,2026-05-22 05:45:06.061650
05:45:11,28.8,87,2026-05-22 05:45:11.075137
05:45:16,31.5,40,2026-05-22 05:45:16.092849
05:45:21,34.2,62,2026-05-22 05:45:21.117386
05:45:26,38.8,73,2026-05-22 05:45:26.134209
05:45:31,32.5,50,2026-05-22 05:45:31.152205
05:43:20,33.7,63,2026-05-22 05:43:20.568466
05:43:25,34.4,63,2026-05-22 05:43:25.589615
05:43:30,37.6,66,2026-05-22 05:43:30.612151
05:43:35,36.5,53,2026-05-22 05:43:35.632372
05:43:40,39.0,75,2026-05-22 05:43:40.664853
05:43:45,37.5,56,2026-05-22 05:43:45.689311
05:43:50,39.3,84,2026-05-22 05:43:50.702033
05:43:55,34.4,61,2026-05-22 05:43:55.725746
05:44:00,36.3,63,2026-05-22 05:44:00.750833
05:44:05,39.7,75,2026-05-22 05:44:05.768043
05:44:10,35.0,88,2026-05-22 05:44:10.803048
05:44:15,31.4,89,2026-05-22 05:44:15.828314
05:44:20,36.4,81,2026-05-22 05:44:20.861968
05:44:25,27.6,43,2026-05-22 05:44:25.886938
05:44:30,37.9,89,2026-05-22 05:44:30.914027
05:44:35,39.9,52,2026-05-22 05:44:35.936474
05:44:40,27.3,74,2026-05-22 05:44:40.955386
05:44:45,30.3,43,2026-05-22 05:44:45.978797
05:44:50,25.7,46,2026-05-22 05:44:50.996407
05:44:56,31.8,69,2026-05-22 05:44:56.022098
05:45:01,30.9,75,2026-05-22 05:45:01.042781
05:45:06,39.5,76,2026-05-22 05:45:06.061650
05:45:11,28.8,87,2026-05-22 05:45:11.075137
05:45:16,31.5,40,2026-05-22 05:45:16.092849
05:45:21,34.2,62,2026-05-22 05:45:21.117386
05:45:26,38.8,73,2026-05-22 05:45:26.134209
05:45:31,32.5,50,2026-05-22 05:45:31.152205
05:45:36,30.7,72,2026-05-22 05:45:36.172378
05:43:20,33.7,63,2026-05-22 05:43:20.568466
05:43:25,34.4,63,2026-05-22 05:43:25.589615
05:43:30,37.6,66,2026-05-22 05:43:30.612151
05:43:35,36.5,53,2026-05-22 05:43:35.632372
05:43:40,39.0,75,2026-05-22 05:43:40.664853
05:43:45,37.5,56,2026-05-22 05:43:45.689311
05:43:50,39.3,84,2026-05-22 05:43:50.702033
05:43:55,34.4,61,2026-05-22 05:43:55.725746
05:44:00,36.3,63,2026-05-22 05:44:00.750833
05:44:05,39.7,75,2026-05-22 05:44:05.768043
05:44:10,35.0,88,2026-05-22 05:44:10.803048
05:44:15,31.4,89,2026-05-22 05:44:15.828314
05:44:20,36.4,81,2026-05-22 05:44:20.861968
05:44:25,27.6,43,2026-05-22 05:44:25.886938
05:44:30,37.9,89,2026-05-22 05:44:30.914027
05:44:35,39.9,52,2026-05-22 05:44:35.936474
05:44:40,27.3,74,2026-05-22 05:44:40.955386
05:44:45,30.3,43,2026-05-22 05:44:45.978797
05:44:50,25.7,46,2026-05-22 05:44:50.996407
05:44:56,31.8,69,2026-05-22 05:44:56.022098
05:45:01,30.9,75,2026-05-22 05:45:01.042781
05:45:06,39.5,76,2026-05-22 05:45:06.061650
05:45:11,28.8,87,2026-05-22 05:45:11.075137
05:45:16,31.5,40,2026-05-22 05:45:16.092849
05:45:21,34.2,62,2026-05-22 05:45:21.117386
05:45:26,38.8,73,2026-05-22 05:45:26.134209
05:45:31,32.5,50,2026-05-22 05:45:31.152205
05:45:36,30.7,72,2026-05-22 05:45:36.172378
05:45:41,31.6,41,2026-05-22 05:45:41.193278
05:43:20,33.7,63,2026-05-22 05:43:20.568466
05:43:25,34.4,63,2026-05-22 05:43:25.589615
05:43:30,37.6,66,2026-05-22 05:43:30.612151
05:43:35,36.5,53,2026-05-22 05:43:35.632372
05:43:40,39.0,75,2026-05-22 05:43:40.664853
05:43:45,37.5,56,2026-05-22 05:43:45.689311
05:43:50,39.3,84,2026-05-22 05:43:50.702033
05:43:55,34.4,61,2026-05-22 05:43:55.725746
05:44:00,36.3,63,2026-05-22 05:44:00.750833
05:44:05,39.7,75,2026-05-22 05:44:05.768043
05:44:10,35.0,88,2026-05-22 05:44:10.803048
05:44:15,31.4,89,2026-05-22 05:44:15.828314
05:44:20,36.4,81,2026-05-22 05:44:20.861968
05:44:25,27.6,43,2026-05-22 05:44:25.886938
05:44:30,37.9,89,2026-05-22 05:44:30.914027
05:44:35,39.9,52,2026-05-22 05:44:35.936474
05:44:40,27.3,74,2026-05-22 05:44:40.955386
05:44:45,30.3,43,2026-05-22 05:44:45.978797
05:44:50,25.7,46,2026-05-22 05:44:50.996407
05:44:56,31.8,69,2026-05-22 05:44:56.022098
05:45:01,30.9,75,2026-05-22 05:45:01.042781
05:45:06,39.5,76,2026-05-22 05:45:06.061650
05:45:11,28.8,87,2026-05-22 05:45:11.075137
05:45:16,31.5,40,2026-05-22 05:45:16.092849
05:45:21,34.2,62,2026-05-22 05:45:21.117386
05:45:26,38.8,73,2026-05-22 05:45:26.134209
05:45:31,32.5,50,2026-05-22 05:45:31.152205
05:45:36,30.7,72,2026-05-22 05:45:36.172378
05:45:41,31.6,41,2026-05-22 05:45:41.193278
05:45:46,35.1,49,2026-05-22 05:45:46.212984
05:43:20,33.7,63,2026-05-22 05:43:20.568466
05:43:25,34.4,63,2026-05-22 05:43:25.589615
05:43:30,37.6,66,2026-05-22 05:43:30.612151
05:43:35,36.5,53,2026-05-22 05:43:35.632372
05:43:40,39.0,75,2026-05-22 05:43:40.664853
05:43:45,37.5,56,2026-05-22 05:43:45.689311
05:43:50,39.3,84,2026-05-22 05:43:50.702033
05:43:55,34.4,61,2026-05-22 05:43:55.725746
05:44:00,36.3,63,2026-05-22 05:44:00.750833
05:44:05,39.7,75,2026-05-22 05:44:05.768043
05:44:10,35.0,88,2026-05-22 05:44:10.803048
05:44:15,31.4,89,2026-05-22 05:44:15.828314
05:44:20,36.4,81,2026-05-22 05:44:20.861968
05:44:25,27.6,43,2026-05-22 05:44:25.886938
05:44:30,37.9,89,2026-05-22 05:44:30.914027
05:44:35,39.9,52,2026-05-22 05:44:35.936474
05:44:40,27.3,74,2026-05-22 05:44:40.955386
05:44:45,30.3,43,2026-05-22 05:44:45.978797
05:44:50,25.7,46,2026-05-22 05:44:50.996407
05:44:56,31.8,69,2026-05-22 05:44:56.022098
05:45:01,30.9,75,2026-05-22 05:45:01.042781
05:45:06,39.5,76,2026-05-22 05:45:06.061650
05:45:11,28.8,87,2026-05-22 05:45:11.075137
05:45:16,31.5,40,2026-05-22 05:45:16.092849
05:45:21,34.2,62,2026-05-22 05:45:21.117386
05:45:26,38.8,73,2026-05-22 05:45:26.134209
05:45:31,32.5,50,2026-05-22 05:45:31.152205
05:45:36,30.7,72,2026-05-22 05:45:36.172378
05:45:41,31.6,41,2026-05-22 05:45:41.193278
05:45:46,35.1,49,2026-05-22 05:45:46.212984
05:45:51,34.6,49,2026-05-22 05:45:51.227165
05:43:20,33.7,63,2026-05-22 05:43:20.568466
05:43:25,34.4,63,2026-05-22 05:43:25.589615
05:43:30,37.6,66,2026-05-22 05:43:30.612151
05:43:35,36.5,53,2026-05-22 05:43:35.632372
05:43:40,39.0,75,2026-05-22 05:43:40.664853
05:43:45,37.5,56,2026-05-22 05:43:45.689311
05:43:50,39.3,84,2026-05-22 05:43:50.702033
05:43:55,34.4,61,2026-05-22 05:43:55.725746
05:44:00,36.3,63,2026-05-22 05:44:00.750833
05:44:05,39.7,75,2026-05-22 05:44:05.768043
05:44:10,35.0,88,2026-05-22 05:44:10.803048
05:44:15,31.4,89,2026-05-22 05:44:15.828314
05:44:20,36.4,81,2026-05-22 05:44:20.861968
05:44:25,27.6,43,2026-05-22 05:44:25.886938
05:44:30,37.9,89,2026-05-22 05:44:30.914027
05:44:35,39.9,52,2026-05-22 05:44:35.936474
05:44:40,27.3,74,2026-05-22 05:44:40.955386
05:44:45,30.3,43,2026-05-22 05:44:45.978797
05:44:50,25.7,46,2026-05-22 05:44:50.996407
05:44:56,31.8,69,2026-05-22 05:44:56.022098
05:45:01,30.9,75,2026-05-22 05:45:01.042781
05:45:06,39.5,76,2026-05-22 05:45:06.061650
05:45:11,28.8,87,2026-05-22 05:45:11.075137
05:45:16,31.5,40,2026-05-22 05:45:16.092849
05:45:21,34.2,62,2026-05-22 05:45:21.117386
05:45:26,38.8,73,2026-05-22 05:45:26.134209
05:45:31,32.5,50,2026-05-22 05:45:31.152205
05:45:36,30.7,72,2026-05-22 05:45:36.172378
05:45:41,31.6,41,2026-05-22 05:45:41.193278
05:45:46,35.1,49,2026-05-22 05:45:46.212984
05:45:51,34.6,49,2026-05-22 05:45:51.227165
05:45:56,38.1,56,2026-05-22 05:45:56.241445
05:43:20,33.7,63,2026-05-22 05:43:20.568466
05:43:25,34.4,63,2026-05-22 05:43:25.589615
05:43:30,37.6,66,2026-05-22 05:43:30.612151
05:43:35,36.5,53,2026-05-22 05:43:35.632372
05:43:40,39.0,75,2026-05-22 05:43:40.664853
05:43:45,37.5,56,2026-05-22 05:43:45.689311
05:43:50,39.3,84,2026-05-22 05:43:50.702033
05:43:55,34.4,61,2026-05-22 05:43:55.725746
05:44:00,36.3,63,2026-05-22 05:44:00.750833
05:44:05,39.7,75,2026-05-22 05:44:05.768043
05:44:10,35.0,88,2026-05-22 05:44:10.803048
05:44:15,31.4,89,2026-05-22 05:44:15.828314
05:44:20,36.4,81,2026-05-22 05:44:20.861968
05:44:25,27.6,43,2026-05-22 05:44:25.886938
05:44:30,37.9,89,2026-05-22 05:44:30.914027
05:44:35,39.9,52,2026-05-22 05:44:35.936474
05:44:40,27.3,74,2026-05-22 05:44:40.955386
05:44:45,30.3,43,2026-05-22 05:44:45.978797
05:44:50,25.7,46,2026-05-22 05:44:50.996407
05:44:56,31.8,69,2026-05-22 05:44:56.022098
05:45:01,30.9,75,2026-05-22 05:45:01.042781
05:45:06,39.5,76,2026-05-22 05:45:06.061650
05:45:11,28.8,87,2026-05-22 05:45:11.075137
05:45:16,31.5,40,2026-05-22 05:45:16.092849
05:45:21,34.2,62,2026-05-22 05:45:21.117386
05:45:26,38.8,73,2026-05-22 05:45:26.134209
05:45:31,32.5,50,2026-05-22 05:45:31.152205
05:45:36,30.7,72,2026-05-22 05:45:36.172378
05:45:41,31.6,41,2026-05-22 05:45:41.193278
05:45:46,35.1,49,2026-05-22 05:45:46.212984
05:45:51,34.6,49,2026-05-22 05:45:51.227165
05:45:56,38.1,56,2026-05-22 05:45:56.241445
05:46:01,37.8,56,2026-05-22 05:46:01.260133
05:43:20,33.7,63,2026-05-22 05:43:20.568466
05:43:25,34.4,63,2026-05-22 05:43:25.589615
05:43:30,37.6,66,2026-05-22 05:43:30.612151
05:43:35,36.5,53,2026-05-22 05:43:35.632372
05:43:40,39.0,75,2026-05-22 05:43:40.664853
05:43:45,37.5,56,2026-05-22 05:43:45.689311
05:43:50,39.3,84,2026-05-22 05:43:50.702033
05:43:55,34.4,61,2026-05-22 05:43:55.725746
05:44:00,36.3,63,2026-05-22 05:44:00.750833
05:44:05,39.7,75,2026-05-22 05:44:05.768043
05:44:10,35.0,88,2026-05-22 05:44:10.803048
05:44:15,31.4,89,2026-05-22 05:44:15.828314
05:44:20,36.4,81,2026-05-22 05:44:20.861968
05:44:25,27.6,43,2026-05-22 05:44:25.886938
05:44:30,37.9,89,2026-05-22 05:44:30.914027
05:44:35,39.9,52,2026-05-22 05:44:35.936474
05:44:40,27.3,74,2026-05-22 05:44:40.955386
05:44:45,30.3,43,2026-05-22 05:44:45.978797
05:44:50,25.7,46,2026-05-22 05:44:50.996407
05:44:56,31.8,69,2026-05-22 05:44:56.022098
05:45:01,30.9,75,2026-05-22 05:45:01.042781
05:45:06,39.5,76,2026-05-22 05:45:06.061650
05:45:11,28.8,87,2026-05-22 05:45:11.075137
05:45:16,31.5,40,2026-05-22 05:45:16.092849
05:45:21,34.2,62,2026-05-22 05:45:21.117386
05:45:26,38.8,73,2026-05-22 05:45:26.134209
05:45:31,32.5,50,2026-05-22 05:45:31.152205
05:45:36,30.7,72,2026-05-22 05:45:36.172378
05:45:41,31.6,41,2026-05-22 05:45:41.193278
05:45:46,35.1,49,2026-05-22 05:45:46.212984
05:45:51,34.6,49,2026-05-22 05:45:51.227165
05:45:56,38.1,56,2026-05-22 05:45:56.241445
05:46:01,37.8,56,2026-05-22 05:46:01.260133
05:46:06,33.9,71,2026-05-22 05:46:06.272048
05:43:20,33.7,63,2026-05-22 05:43:20.568466
05:43:25,34.4,63,2026-05-22 05:43:25.589615
05:43:30,37.6,66,2026-05-22 05:43:30.612151
05:43:35,36.5,53,2026-05-22 05:43:35.632372
05:43:40,39.0,75,2026-05-22 05:43:40.664853
05:43:45,37.5,56,2026-05-22 05:43:45.689311
05:43:50,39.3,84,2026-05-22 05:43:50.702033
05:43:55,34.4,61,2026-05-22 05:43:55.725746
05:44:00,36.3,63,2026-05-22 05:44:00.750833
05:44:05,39.7,75,2026-05-22 05:44:05.768043
05:44:10,35.0,88,2026-05-22 05:44:10.803048
05:44:15,31.4,89,2026-05-22 05:44:15.828314
05:44:20,36.4,81,2026-05-22 05:44:20.861968
05:44:25,27.6,43,2026-05-22 05:44:25.886938
05:44:30,37.9,89,2026-05-22 05:44:30.914027
05:44:35,39.9,52,2026-05-22 05:44:35.936474
05:44:40,27.3,74,2026-05-22 05:44:40.955386
05:44:45,30.3,43,2026-05-22 05:44:45.978797
05:44:50,25.7,46,2026-05-22 05:44:50.996407
05:44:56,31.8,69,2026-05-22 05:44:56.022098
05:45:01,30.9,75,2026-05-22 05:45:01.042781
05:45:06,39.5,76,2026-05-22 05:45:06.061650
05:45:11,28.8,87,2026-05-22 05:45:11.075137
05:45:16,31.5,40,2026-05-22 05:45:16.092849
05:45:21,34.2,62,2026-05-22 05:45:21.117386
05:45:26,38.8,73,2026-05-22 05:45:26.134209
05:45:31,32.5,50,2026-05-22 05:45:31.152205
05:45:36,30.7,72,2026-05-22 05:45:36.172378
05:45:41,31.6,41,2026-05-22 05:45:41.193278
05:45:46,35.1,49,2026-05-22 05:45:46.212984
05:45:51,34.6,49,2026-05-22 05:45:51.227165
05:45:56,38.1,56,2026-05-22 05:45:56.241445
05:46:01,37.8,56,2026-05-22 05:46:01.260133
05:46:06,33.9,71,2026-05-22 05:46:06.272048
05:46:11,29.7,90,2026-05-22 05:46:11.288096
05:43:20,33.7,63,2026-05-22 05:43:20.568466
05:43:25,34.4,63,2026-05-22 05:43:25.589615
05:43:30,37.6,66,2026-05-22 05:43:30.612151
05:43:35,36.5,53,2026-05-22 05:43:35.632372
05:43:40,39.0,75,2026-05-22 05:43:40.664853
05:43:45,37.5,56,2026-05-22 05:43:45.689311
05:43:50,39.3,84,2026-05-22 05:43:50.702033
05:43:55,34.4,61,2026-05-22 05:43:55.725746
05:44:00,36.3,63,2026-05-22 05:44:00.750833
05:44:05,39.7,75,2026-05-22 05:44:05.768043
05:44:10,35.0,88,2026-05-22 05:44:10.803048
05:44:15,31.4,89,2026-05-22 05:44:15.828314
05:44:20,36.4,81,2026-05-22 05:44:20.861968
05:44:25,27.6,43,2026-05-22 05:44:25.886938
05:44:30,37.9,89,2026-05-22 05:44:30.914027
05:44:35,39.9,52,2026-05-22 05:44:35.936474
05:44:40,27.3,74,2026-05-22 05:44:40.955386
05:44:45,30.3,43,2026-05-22 05:44:45.978797
05:44:50,25.7,46,2026-05-22 05:44:50.996407
05:44:56,31.8,69,2026-05-22 05:44:56.022098
05:45:01,30.9,75,2026-05-22 05:45:01.042781
05:45:06,39.5,76,2026-05-22 05:45:06.061650
05:45:11,28.8,87,2026-05-22 05:45:11.075137
05:45:16,31.5,40,2026-05-22 05:45:16.092849
05:45:21,34.2,62,2026-05-22 05:45:21.117386
05:45:26,38.8,73,2026-05-22 05:45:26.134209
05:45:31,32.5,50,2026-05-22 05:45:31.152205
05:45:36,30.7,72,2026-05-22 05:45:36.172378
05:45:41,31.6,41,2026-05-22 05:45:41.193278
05:45:46,35.1,49,2026-05-22 05:45:46.212984
05:45:51,34.6,49,2026-05-22 05:45:51.227165
05:45:56,38.1,56,2026-05-22 05:45:56.241445
05:46:01,37.8,56,2026-05-22 05:46:01.260133
05:46:06,33.9,71,2026-05-22 05:46:06.272048
05:46:11,29.7,90,2026-05-22 05:46:11.288096
05:46:16,25.8,52,2026-05-22 05:46:16.318132
05:43:20,33.7,63,2026-05-22 05:43:20.568466
05:43:25,34.4,63,2026-05-22 05:43:25.589615
05:43:30,37.6,66,2026-05-22 05:43:30.612151
05:43:35,36.5,53,2026-05-22 05:43:35.632372
05:43:40,39.0,75,2026-05-22 05:43:40.664853
05:43:45,37.5,56,2026-05-22 05:43:45.689311
05:43:50,39.3,84,2026-05-22 05:43:50.702033
05:43:55,34.4,61,2026-05-22 05:43:55.725746
05:44:00,36.3,63,2026-05-22 05:44:00.750833
05:44:05,39.7,75,2026-05-22 05:44:05.768043
05:44:10,35.0,88,2026-05-22 05:44:10.803048
05:44:15,31.4,89,2026-05-22 05:44:15.828314
05:44:20,36.4,81,2026-05-22 05:44:20.861968
05:44:25,27.6,43,2026-05-22 05:44:25.886938
05:44:30,37.9,89,2026-05-22 05:44:30.914027
05:44:35,39.9,52,2026-05-22 05:44:35.936474
05:44:40,27.3,74,2026-05-22 05:44:40.955386
05:44:45,30.3,43,2026-05-22 05:44:45.978797
05:44:50,25.7,46,2026-05-22 05:44:50.996407
05:44:56,31.8,69,2026-05-22 05:44:56.022098
05:45:01,30.9,75,2026-05-22 05:45:01.042781
05:45:06,39.5,76,2026-05-22 05:45:06.061650
05:45:11,28.8,87,2026-05-22 05:45:11.075137
05:45:16,31.5,40,2026-05-22 05:45:16.092849
05:45:21,34.2,62,2026-05-22 05:45:21.117386
05:45:26,38.8,73,2026-05-22 05:45:26.134209
05:45:31,32.5,50,2026-05-22 05:45:31.152205
05:45:36,30.7,72,2026-05-22 05:45:36.172378
05:45:41,31.6,41,2026-05-22 05:45:41.193278
05:45:46,35.1,49,2026-05-22 05:45:46.212984
05:45:51,34.6,49,2026-05-22 05:45:51.227165
05:45:56,38.1,56,2026-05-22 05:45:56.241445
05:46:01,37.8,56,2026-05-22 05:46:01.260133
05:46:06,33.9,71,2026-05-22 05:46:06.272048
05:46:11,29.7,90,2026-05-22 05:46:11.288096
05:46:16,25.8,52,2026-05-22 05:46:16.318132
05:46:21,34.9,59,2026-05-22 05:46:21.342964
05:43:20,33.7,63,2026-05-22 05:43:20.568466
05:43:25,34.4,63,2026-05-22 05:43:25.589615
05:43:30,37.6,66,2026-05-22 05:43:30.612151
05:43:35,36.5,53,2026-05-22 05:43:35.632372
05:43:40,39.0,75,2026-05-22 05:43:40.664853
05:43:45,37.5,56,2026-05-22 05:43:45.689311
05:43:50,39.3,84,2026-05-22 05:43:50.702033
05:43:55,34.4,61,2026-05-22 05:43:55.725746
05:44:00,36.3,63,2026-05-22 05:44:00.750833
05:44:05,39.7,75,2026-05-22 05:44:05.768043
05:44:10,35.0,88,2026-05-22 05:44:10.803048
05:44:15,31.4,89,2026-05-22 05:44:15.828314
05:44:20,36.4,81,2026-05-22 05:44:20.861968
05:44:25,27.6,43,2026-05-22 05:44:25.886938
05:44:30,37.9,89,2026-05-22 05:44:30.914027
05:44:35,39.9,52,2026-05-22 05:44:35.936474
05:44:40,27.3,74,2026-05-22 05:44:40.955386
05:44:45,30.3,43,2026-05-22 05:44:45.978797
05:44:50,25.7,46,2026-05-22 05:44:50.996407
05:44:56,31.8,69,2026-05-22 05:44:56.022098
05:45:01,30.9,75,2026-05-22 05:45:01.042781
05:45:06,39.5,76,2026-05-22 05:45:06.061650
05:45:11,28.8,87,2026-05-22 05:45:11.075137
05:45:16,31.5,40,2026-05-22 05:45:16.092849
05:45:21,34.2,62,2026-05-22 05:45:21.117386
05:45:26,38.8,73,2026-05-22 05:45:26.134209
05:45:31,32.5,50,2026-05-22 05:45:31.152205
05:45:36,30.7,72,2026-05-22 05:45:36.172378
05:45:41,31.6,41,2026-05-22 05:45:41.193278
05:45:46,35.1,49,2026-05-22 05:45:46.212984
05:45:51,34.6,49,2026-05-22 05:45:51.227165
05:45:56,38.1,56,2026-05-22 05:45:56.241445
05:46:01,37.8,56,2026-05-22 05:46:01.260133
05:46:06,33.9,71,2026-05-22 05:46:06.272048
05:46:11,29.7,90,2026-05-22 05:46:11.288096
05:46:16,25.8,52,2026-05-22 05:46:16.318132
05:46:21,34.9,59,2026-05-22 05:46:21.342964
05:46:26,27.2,89,2026-05-22 05:46:26.360091
05:43:20,33.7,63,2026-05-22 05:43:20.568466
05:43:25,34.4,63,2026-05-22 05:43:25.589615
05:43:30,37.6,66,2026-05-22 05:43:30.612151
05:43:35,36.5,53,2026-05-22 05:43:35.632372
05:43:40,39.0,75,2026-05-22 05:43:40.664853
05:43:45,37.5,56,2026-05-22 05:43:45.689311
05:43:50,39.3,84,2026-05-22 05:43:50.702033
05:43:55,34.4,61,2026-05-22 05:43:55.725746
05:44:00,36.3,63,2026-05-22 05:44:00.750833
05:44:05,39.7,75,2026-05-22 05:44:05.768043
05:44:10,35.0,88,2026-05-22 05:44:10.803048
05:44:15,31.4,89,2026-05-22 05:44:15.828314
05:44:20,36.4,81,2026-05-22 05:44:20.861968
05:44:25,27.6,43,2026-05-22 05:44:25.886938
05:44:30,37.9,89,2026-05-22 05:44:30.914027
05:44:35,39.9,52,2026-05-22 05:44:35.936474
05:44:40,27.3,74,2026-05-22 05:44:40.955386
05:44:45,30.3,43,2026-05-22 05:44:45.978797
05:44:50,25.7,46,2026-05-22 05:44:50.996407
05:44:56,31.8,69,2026-05-22 05:44:56.022098
05:45:01,30.9,75,2026-05-22 05:45:01.042781
05:45:06,39.5,76,2026-05-22 05:45:06.061650
05:45:11,28.8,87,2026-05-22 05:45:11.075137
05:45:16,31.5,40,2026-05-22 05:45:16.092849
05:45:21,34.2,62,2026-05-22 05:45:21.117386
05:45:26,38.8,73,2026-05-22 05:45:26.134209
05:45:31,32.5,50,2026-05-22 05:45:31.152205
05:45:36,30.7,72,2026-05-22 05:45:36.172378
05:45:41,31.6,41,2026-05-22 05:45:41.193278
05:45:46,35.1,49,2026-05-22 05:45:46.212984
05:45:51,34.6,49,2026-05-22 05:45:51.227165
05:45:56,38.1,56,2026-05-22 05:45:56.241445
05:46:01,37.8,56,2026-05-22 05:46:01.260133
05:46:06,33.9,71,2026-05-22 05:46:06.272048
05:46:11,29.7,90,2026-05-22 05:46:11.288096
05:46:16,25.8,52,2026-05-22 05:46:16.318132
05:46:21,34.9,59,2026-05-22 05:46:21.342964
05:46:26,27.2,89,2026-05-22 05:46:26.360091
05:46:31,33.5,42,2026-05-22 05:46:31.374908
05:43:20,33.7,63,2026-05-22 05:43:20.568466
05:43:25,34.4,63,2026-05-22 05:43:25.589615
05:43:30,37.6,66,2026-05-22 05:43:30.612151
05:43:35,36.5,53,2026-05-22 05:43:35.632372
05:43:40,39.0,75,2026-05-22 05:43:40.664853
05:43:45,37.5,56,2026-05-22 05:43:45.689311
05:43:50,39.3,84,2026-05-22 05:43:50.702033
05:43:55,34.4,61,2026-05-22 05:43:55.725746
05:44:00,36.3,63,2026-05-22 05:44:00.750833
05:44:05,39.7,75,2026-05-22 05:44:05.768043
05:44:10,35.0,88,2026-05-22 05:44:10.803048
05:44:15,31.4,89,2026-05-22 05:44:15.828314
05:44:20,36.4,81,2026-05-22 05:44:20.861968
05:44:25,27.6,43,2026-05-22 05:44:25.886938
05:44:30,37.9,89,2026-05-22 05:44:30.914027
05:44:35,39.9,52,2026-05-22 05:44:35.936474
05:44:40,27.3,74,2026-05-22 05:44:40.955386
05:44:45,30.3,43,2026-05-22 05:44:45.978797
05:44:50,25.7,46,2026-05-22 05:44:50.996407
05:44:56,31.8,69,2026-05-22 05:44:56.022098
05:45:01,30.9,75,2026-05-22 05:45:01.042781
05:45:06,39.5,76,2026-05-22 05:45:06.061650
05:45:11,28.8,87,2026-05-22 05:45:11.075137
05:45:16,31.5,40,2026-05-22 05:45:16.092849
05:45:21,34.2,62,2026-05-22 05:45:21.117386
05:45:26,38.8,73,2026-05-22 05:45:26.134209
05:45:31,32.5,50,2026-05-22 05:45:31.152205
05:45:36,30.7,72,2026-05-22 05:45:36.172378
05:45:41,31.6,41,2026-05-22 05:45:41.193278
05:45:46,35.1,49,2026-05-22 05:45:46.212984
05:45:51,34.6,49,2026-05-22 05:45:51.227165
05:45:56,38.1,56,2026-05-22 05:45:56.241445
05:46:01,37.8,56,2026-05-22 05:46:01.260133
05:46:06,33.9,71,2026-05-22 05:46:06.272048
05:46:11,29.7,90,2026-05-22 05:46:11.288096
05:46:16,25.8,52,2026-05-22 05:46:16.318132
05:46:21,34.9,59,2026-05-22 05:46:21.342964
05:46:26,27.2,89,2026-05-22 05:46:26.360091
05:46:31,33.5,42,2026-05-22 05:46:31.374908
05:46:36,26.6,88,2026-05-22 05:46:36.392578
05:43:20,33.7,63,2026-05-22 05:43:20.568466
05:43:25,34.4,63,2026-05-22 05:43:25.589615
05:43:30,37.6,66,2026-05-22 05:43:30.612151
05:43:35,36.5,53,2026-05-22 05:43:35.632372
05:43:40,39.0,75,2026-05-22 05:43:40.664853
05:43:45,37.5,56,2026-05-22 05:43:45.689311
05:43:50,39.3,84,2026-05-22 05:43:50.702033
05:43:55,34.4,61,2026-05-22 05:43:55.725746
05:44:00,36.3,63,2026-05-22 05:44:00.750833
05:44:05,39.7,75,2026-05-22 05:44:05.768043
05:44:10,35.0,88,2026-05-22 05:44:10.803048
05:44:15,31.4,89,2026-05-22 05:44:15.828314
05:44:20,36.4,81,2026-05-22 05:44:20.861968
05:44:25,27.6,43,2026-05-22 05:44:25.886938
05:44:30,37.9,89,2026-05-22 05:44:30.914027
05:44:35,39.9,52,2026-05-22 05:44:35.936474
05:44:40,27.3,74,2026-05-22 05:44:40.955386
05:44:45,30.3,43,2026-05-22 05:44:45.978797
05:44:50,25.7,46,2026-05-22 05:44:50.996407
05:44:56,31.8,69,2026-05-22 05:44:56.022098
05:45:01,30.9,75,2026-05-22 05:45:01.042781
05:45:06,39.5,76,2026-05-22 05:45:06.061650
05:45:11,28.8,87,2026-05-22 05:45:11.075137
05:45:16,31.5,40,2026-05-22 05:45:16.092849
05:45:21,34.2,62,2026-05-22 05:45:21.117386
05:45:26,38.8,73,2026-05-22 05:45:26.134209
05:45:31,32.5,50,2026-05-22 05:45:31.152205
05:45:36,30.7,72,2026-05-22 05:45:36.172378
05:45:41,31.6,41,2026-05-22 05:45:41.193278
05:45:46,35.1,49,2026-05-22 05:45:46.212984
05:45:51,34.6,49,2026-05-22 05:45:51.227165
05:45:56,38.1,56,2026-05-22 05:45:56.241445
05:46:01,37.8,56,2026-05-22 05:46:01.260133
05:46:06,33.9,71,2026-05-22 05:46:06.272048
05:46:11,29.7,90,2026-05-22 05:46:11.288096
05:46:16,25.8,52,2026-05-22 05:46:16.318132
05:46:21,34.9,59,2026-05-22 05:46:21.342964
05:46:26,27.2,89,2026-05-22 05:46:26.360091
05:46:31,33.5,42,2026-05-22 05:46:31.374908
05:46:36,26.6,88,2026-05-22 05:46:36.392578
05:46:41,28.6,79,2026-05-22 05:46:41.414342
05:43:20,33.7,63,2026-05-22 05:43:20.568466
05:43:25,34.4,63,2026-05-22 05:43:25.589615
05:43:30,37.6,66,2026-05-22 05:43:30.612151
05:43:35,36.5,53,2026-05-22 05:43:35.632372
05:43:40,39.0,75,2026-05-22 05:43:40.664853
05:43:45,37.5,56,2026-05-22 05:43:45.689311
05:43:50,39.3,84,2026-05-22 05:43:50.702033
05:43:55,34.4,61,2026-05-22 05:43:55.725746
05:44:00,36.3,63,2026-05-22 05:44:00.750833
05:44:05,39.7,75,2026-05-22 05:44:05.768043
05:44:10,35.0,88,2026-05-22 05:44:10.803048
05:44:15,31.4,89,2026-05-22 05:44:15.828314
05:44:20,36.4,81,2026-05-22 05:44:20.861968
05:44:25,27.6,43,2026-05-22 05:44:25.886938
05:44:30,37.9,89,2026-05-22 05:44:30.914027
05:44:35,39.9,52,2026-05-22 05:44:35.936474
05:44:40,27.3,74,2026-05-22 05:44:40.955386
05:44:45,30.3,43,2026-05-22 05:44:45.978797
05:44:50,25.7,46,2026-05-22 05:44:50.996407
05:44:56,31.8,69,2026-05-22 05:44:56.022098
05:45:01,30.9,75,2026-05-22 05:45:01.042781
05:45:06,39.5,76,2026-05-22 05:45:06.061650
05:45:11,28.8,87,2026-05-22 05:45:11.075137
05:45:16,31.5,40,2026-05-22 05:45:16.092849
05:45:21,34.2,62,2026-05-22 05:45:21.117386
05:45:26,38.8,73,2026-05-22 05:45:26.134209
05:45:31,32.5,50,2026-05-22 05:45:31.152205
05:45:36,30.7,72,2026-05-22 05:45:36.172378
05:45:41,31.6,41,2026-05-22 05:45:41.193278
05:45:46,35.1,49,2026-05-22 05:45:46.212984
05:45:51,34.6,49,2026-05-22 05:45:51.227165
05:45:56,38.1,56,2026-05-22 05:45:56.241445
05:46:01,37.8,56,2026-05-22 05:46:01.260133
05:46:06,33.9,71,2026-05-22 05:46:06.272048
05:46:11,29.7,90,2026-05-22 05:46:11.288096
05:46:16,25.8,52,2026-05-22 05:46:16.318132
05:46:21,34.9,59,2026-05-22 05:46:21.342964
05:46:26,27.2,89,2026-05-22 05:46:26.360091
05:46:31,33.5,42,2026-05-22 05:46:31.374908
05:46:36,26.6,88,2026-05-22 05:46:36.392578
05:46:41,28.6,79,2026-05-22 05:46:41.414342
05:46:46,37.5,77,2026-05-22 05:46:46.427791
05:43:20,33.7,63,2026-05-22 05:43:20.568466
05:43:25,34.4,63,2026-05-22 05:43:25.589615
05:43:30,37.6,66,2026-05-22 05:43:30.612151
05:43:35,36.5,53,2026-05-22 05:43:35.632372
05:43:40,39.0,75,2026-05-22 05:43:40.664853
05:43:45,37.5,56,2026-05-22 05:43:45.689311
05:43:50,39.3,84,2026-05-22 05:43:50.702033
05:43:55,34.4,61,2026-05-22 05:43:55.725746
05:44:00,36.3,63,2026-05-22 05:44:00.750833
05:44:05,39.7,75,2026-05-22 05:44:05.768043
05:44:10,35.0,88,2026-05-22 05:44:10.803048
05:44:15,31.4,89,2026-05-22 05:44:15.828314
05:44:20,36.4,81,2026-05-22 05:44:20.861968
05:44:25,27.6,43,2026-05-22 05:44:25.886938
05:44:30,37.9,89,2026-05-22 05:44:30.914027
05:44:35,39.9,52,2026-05-22 05:44:35.936474
05:44:40,27.3,74,2026-05-22 05:44:40.955386
05:44:45,30.3,43,2026-05-22 05:44:45.978797
05:44:50,25.7,46,2026-05-22 05:44:50.996407
05:44:56,31.8,69,2026-05-22 05:44:56.022098
05:45:01,30.9,75,2026-05-22 05:45:01.042781
05:45:06,39.5,76,2026-05-22 05:45:06.061650
05:45:11,28.8,87,2026-05-22 05:45:11.075137
05:45:16,31.5,40,2026-05-22 05:45:16.092849
05:45:21,34.2,62,2026-05-22 05:45:21.117386
05:45:26,38.8,73,2026-05-22 05:45:26.134209
05:45:31,32.5,50,2026-05-22 05:45:31.152205
05:45:36,30.7,72,2026-05-22 05:45:36.172378
05:45:41,31.6,41,2026-05-22 05:45:41.193278
05:45:46,35.1,49,2026-05-22 05:45:46.212984
05:45:51,34.6,49,2026-05-22 05:45:51.227165
05:45:56,38.1,56,2026-05-22 05:45:56.241445
05:46:01,37.8,56,2026-05-22 05:46:01.260133
05:46:06,33.9,71,2026-05-22 05:46:06.272048
05:46:11,29.7,90,2026-05-22 05:46:11.288096
05:46:16,25.8,52,2026-05-22 05:46:16.318132
05:46:21,34.9,59,2026-05-22 05:46:21.342964
05:46:26,27.2,89,2026-05-22 05:46:26.360091
05:46:31,33.5,42,2026-05-22 05:46:31.374908
05:46:36,26.6,88,2026-05-22 05:46:36.392578
05:46:41,28.6,79,2026-05-22 05:46:41.414342
05:46:46,37.5,77,2026-05-22 05:46:46.427791
05:46:51,29.9,44,2026-05-22 05:46:51.449060
05:43:20,33.7,63,2026-05-22 05:43:20.568466
05:43:25,34.4,63,2026-05-22 05:43:25.589615
05:43:30,37.6,66,2026-05-22 05:43:30.612151
05:43:35,36.5,53,2026-05-22 05:43:35.632372
05:43:40,39.0,75,2026-05-22 05:43:40.664853
05:43:45,37.5,56,2026-05-22 05:43:45.689311
05:43:50,39.3,84,2026-05-22 05:43:50.702033
05:43:55,34.4,61,2026-05-22 05:43:55.725746
05:44:00,36.3,63,2026-05-22 05:44:00.750833
05:44:05,39.7,75,2026-05-22 05:44:05.768043
05:44:10,35.0,88,2026-05-22 05:44:10.803048
05:44:15,31.4,89,2026-05-22 05:44:15.828314
05:44:20,36.4,81,2026-05-22 05:44:20.861968
05:44:25,27.6,43,2026-05-22 05:44:25.886938
05:44:30,37.9,89,2026-05-22 05:44:30.914027
05:44:35,39.9,52,2026-05-22 05:44:35.936474
05:44:40,27.3,74,2026-05-22 05:44:40.955386
05:44:45,30.3,43,2026-05-22 05:44:45.978797
05:44:50,25.7,46,2026-05-22 05:44:50.996407
05:44:56,31.8,69,2026-05-22 05:44:56.022098
05:45:01,30.9,75,2026-05-22 05:45:01.042781
05:45:06,39.5,76,2026-05-22 05:45:06.061650
05:45:11,28.8,87,2026-05-22 05:45:11.075137
05:45:16,31.5,40,2026-05-22 05:45:16.092849
05:45:21,34.2,62,2026-05-22 05:45:21.117386
05:45:26,38.8,73,2026-05-22 05:45:26.134209
05:45:31,32.5,50,2026-05-22 05:45:31.152205
05:45:36,30.7,72,2026-05-22 05:45:36.172378
05:45:41,31.6,41,2026-05-22 05:45:41.193278
05:45:46,35.1,49,2026-05-22 05:45:46.212984
05:45:51,34.6,49,2026-05-22 05:45:51.227165
05:45:56,38.1,56,2026-05-22 05:45:56.241445
05:46:01,37.8,56,2026-05-22 05:46:01.260133
05:46:06,33.9,71,2026-05-22 05:46:06.272048
05:46:11,29.7,90,2026-05-22 05:46:11.288096
05:46:16,25.8,52,2026-05-22 05:46:16.318132
05:46:21,34.9,59,2026-05-22 05:46:21.342964
05:46:26,27.2,89,2026-05-22 05:46:26.360091
05:46:31,33.5,42,2026-05-22 05:46:31.374908
05:46:36,26.6,88,2026-05-22 05:46:36.392578
05:46:41,28.6,79,2026-05-22 05:46:41.414342
05:46:46,37.5,77,2026-05-22 05:46:46.427791
05:46:51,29.9,44,2026-05-22 05:46:51.449060
05:46:56,27.0,75,2026-05-22 05:46:56.467791
05:43:20,33.7,63,2026-05-22 05:43:20.568466
05:43:25,34.4,63,2026-05-22 05:43:25.589615
05:43:30,37.6,66,2026-05-22 05:43:30.612151
05:43:35,36.5,53,2026-05-22 05:43:35.632372
05:43:40,39.0,75,2026-05-22 05:43:40.664853
05:43:45,37.5,56,2026-05-22 05:43:45.689311
05:43:50,39.3,84,2026-05-22 05:43:50.702033
05:43:55,34.4,61,2026-05-22 05:43:55.725746
05:44:00,36.3,63,2026-05-22 05:44:00.750833
05:44:05,39.7,75,2026-05-22 05:44:05.768043
05:44:10,35.0,88,2026-05-22 05:44:10.803048
05:44:15,31.4,89,2026-05-22 05:44:15.828314
05:44:20,36.4,81,2026-05-22 05:44:20.861968
05:44:25,27.6,43,2026-05-22 05:44:25.886938
05:44:30,37.9,89,2026-05-22 05:44:30.914027
05:44:35,39.9,52,2026-05-22 05:44:35.936474
05:44:40,27.3,74,2026-05-22 05:44:40.955386
05:44:45,30.3,43,2026-05-22 05:44:45.978797
05:44:50,25.7,46,2026-05-22 05:44:50.996407
05:44:56,31.8,69,2026-05-22 05:44:56.022098
05:45:01,30.9,75,2026-05-22 05:45:01.042781
05:45:06,39.5,76,2026-05-22 05:45:06.061650
05:45:11,28.8,87,2026-05-22 05:45:11.075137
05:45:16,31.5,40,2026-05-22 05:45:16.092849
05:45:21,34.2,62,2026-05-22 05:45:21.117386
05:45:26,38.8,73,2026-05-22 05:45:26.134209
05:45:31,32.5,50,2026-05-22 05:45:31.152205
05:45:36,30.7,72,2026-05-22 05:45:36.172378
05:45:41,31.6,41,2026-05-22 05:45:41.193278
05:45:46,35.1,49,2026-05-22 05:45:46.212984
05:45:51,34.6,49,2026-05-22 05:45:51.227165
05:45:56,38.1,56,2026-05-22 05:45:56.241445
05:46:01,37.8,56,2026-05-22 05:46:01.260133
05:46:06,33.9,71,2026-05-22 05:46:06.272048
05:46:11,29.7,90,2026-05-22 05:46:11.288096
05:46:16,25.8,52,2026-05-22 05:46:16.318132
05:46:21,34.9,59,2026-05-22 05:46:21.342964
05:46:26,27.2,89,2026-05-22 05:46:26.360091
05:46:31,33.5,42,2026-05-22 05:46:31.374908
05:46:36,26.6,88,2026-05-22 05:46:36.392578
05:46:41,28.6,79,2026-05-22 05:46:41.414342
05:46:46,37.5,77,2026-05-22 05:46:46.427791
05:46:51,29.9,44,2026-05-22 05:46:51.449060
05:46:56,27.0,75,2026-05-22 05:46:56.467791
05:47:01,35.4,67,2026-05-22 05:47:01.491085
05:43:20,33.7,63,2026-05-22 05:43:20.568466
05:43:25,34.4,63,2026-05-22 05:43:25.589615
05:43:30,37.6,66,2026-05-22 05:43:30.612151
05:43:35,36.5,53,2026-05-22 05:43:35.632372
05:43:40,39.0,75,2026-05-22 05:43:40.664853
05:43:45,37.5,56,2026-05-22 05:43:45.689311
05:43:50,39.3,84,2026-05-22 05:43:50.702033
05:43:55,34.4,61,2026-05-22 05:43:55.725746
05:44:00,36.3,63,2026-05-22 05:44:00.750833
05:44:05,39.7,75,2026-05-22 05:44:05.768043
05:44:10,35.0,88,2026-05-22 05:44:10.803048
05:44:15,31.4,89,2026-05-22 05:44:15.828314
05:44:20,36.4,81,2026-05-22 05:44:20.861968
05:44:25,27.6,43,2026-05-22 05:44:25.886938
05:44:30,37.9,89,2026-05-22 05:44:30.914027
05:44:35,39.9,52,2026-05-22 05:44:35.936474
05:44:40,27.3,74,2026-05-22 05:44:40.955386
05:44:45,30.3,43,2026-05-22 05:44:45.978797
05:44:50,25.7,46,2026-05-22 05:44:50.996407
05:44:56,31.8,69,2026-05-22 05:44:56.022098
05:45:01,30.9,75,2026-05-22 05:45:01.042781
05:45:06,39.5,76,2026-05-22 05:45:06.061650
05:45:11,28.8,87,2026-05-22 05:45:11.075137
05:45:16,31.5,40,2026-05-22 05:45:16.092849
05:45:21,34.2,62,2026-05-22 05:45:21.117386
05:45:26,38.8,73,2026-05-22 05:45:26.134209
05:45:31,32.5,50,2026-05-22 05:45:31.152205
05:45:36,30.7,72,2026-05-22 05:45:36.172378
05:45:41,31.6,41,2026-05-22 05:45:41.193278
05:45:46,35.1,49,2026-05-22 05:45:46.212984
05:45:51,34.6,49,2026-05-22 05:45:51.227165
05:45:56,38.1,56,2026-05-22 05:45:56.241445
05:46:01,37.8,56,2026-05-22 05:46:01.260133
05:46:06,33.9,71,2026-05-22 05:46:06.272048
05:46:11,29.7,90,2026-05-22 05:46:11.288096
05:46:16,25.8,52,2026-05-22 05:46:16.318132
05:46:21,34.9,59,2026-05-22 05:46:21.342964
05:46:26,27.2,89,2026-05-22 05:46:26.360091
05:46:31,33.5,42,2026-05-22 05:46:31.374908
05:46:36,26.6,88,2026-05-22 05:46:36.392578
05:46:41,28.6,79,2026-05-22 05:46:41.414342
05:46:46,37.5,77,2026-05-22 05:46:46.427791
05:46:51,29.9,44,2026-05-22 05:46:51.449060
05:46:56,27.0,75,2026-05-22 05:46:56.467791
05:47:01,35.4,67,2026-05-22 05:47:01.491085
05:47:06,28.9,50,2026-05-22 05:47:06.509821
05:43:20,33.7,63,2026-05-22 05:43:20.568466
05:43:25,34.4,63,2026-05-22 05:43:25.589615
05:43:30,37.6,66,2026-05-22 05:43:30.612151
05:43:35,36.5,53,2026-05-22 05:43:35.632372
05:43:40,39.0,75,2026-05-22 05:43:40.664853
05:43:45,37.5,56,2026-05-22 05:43:45.689311
05:43:50,39.3,84,2026-05-22 05:43:50.702033
05:43:55,34.4,61,2026-05-22 05:43:55.725746
05:44:00,36.3,63,2026-05-22 05:44:00.750833
05:44:05,39.7,75,2026-05-22 05:44:05.768043
05:44:10,35.0,88,2026-05-22 05:44:10.803048
05:44:15,31.4,89,2026-05-22 05:44:15.828314
05:44:20,36.4,81,2026-05-22 05:44:20.861968
05:44:25,27.6,43,2026-05-22 05:44:25.886938
05:44:30,37.9,89,2026-05-22 05:44:30.914027
05:44:35,39.9,52,2026-05-22 05:44:35.936474
05:44:40,27.3,74,2026-05-22 05:44:40.955386
05:44:45,30.3,43,2026-05-22 05:44:45.978797
05:44:50,25.7,46,2026-05-22 05:44:50.996407
05:44:56,31.8,69,2026-05-22 05:44:56.022098
05:45:01,30.9,75,2026-05-22 05:45:01.042781
05:45:06,39.5,76,2026-05-22 05:45:06.061650
05:45:11,28.8,87,2026-05-22 05:45:11.075137
05:45:16,31.5,40,2026-05-22 05:45:16.092849
05:45:21,34.2,62,2026-05-22 05:45:21.117386
05:45:26,38.8,73,2026-05-22 05:45:26.134209
05:45:31,32.5,50,2026-05-22 05:45:31.152205
05:45:36,30.7,72,2026-05-22 05:45:36.172378
05:45:41,31.6,41,2026-05-22 05:45:41.193278
05:45:46,35.1,49,2026-05-22 05:45:46.212984
05:45:51,34.6,49,2026-05-22 05:45:51.227165
05:45:56,38.1,56,2026-05-22 05:45:56.241445
05:46:01,37.8,56,2026-05-22 05:46:01.260133
05:46:06,33.9,71,2026-05-22 05:46:06.272048
05:46:11,29.7,90,2026-05-22 05:46:11.288096
05:46:16,25.8,52,2026-05-22 05:46:16.318132
05:46:21,34.9,59,2026-05-22 05:46:21.342964
05:46:26,27.2,89,2026-05-22 05:46:26.360091
05:46:31,33.5,42,2026-05-22 05:46:31.374908
05:46:36,26.6,88,2026-05-22 05:46:36.392578
05:46:41,28.6,79,2026-05-22 05:46:41.414342
05:46:46,37.5,77,2026-05-22 05:46:46.427791
05:46:51,29.9,44,2026-05-22 05:46:51.449060
05:46:56,27.0,75,2026-05-22 05:46:56.467791
05:47:01,35.4,67,2026-05-22 05:47:01.491085
05:47:06,28.9,50,2026-05-22 05:47:06.509821
05:47:11,29.9,74,2026-05-22 05:47:11.525151
05:43:20,33.7,63,2026-05-22 05:43:20.568466
05:43:25,34.4,63,2026-05-22 05:43:25.589615
05:43:30,37.6,66,2026-05-22 05:43:30.612151
05:43:35,36.5,53,2026-05-22 05:43:35.632372
05:43:40,39.0,75,2026-05-22 05:43:40.664853
05:43:45,37.5,56,2026-05-22 05:43:45.689311
05:43:50,39.3,84,2026-05-22 05:43:50.702033
05:43:55,34.4,61,2026-05-22 05:43:55.725746
05:44:00,36.3,63,2026-05-22 05:44:00.750833
05:44:05,39.7,75,2026-05-22 05:44:05.768043
05:44:10,35.0,88,2026-05-22 05:44:10.803048
05:44:15,31.4,89,2026-05-22 05:44:15.828314
05:44:20,36.4,81,2026-05-22 05:44:20.861968
05:44:25,27.6,43,2026-05-22 05:44:25.886938
05:44:30,37.9,89,2026-05-22 05:44:30.914027
05:44:35,39.9,52,2026-05-22 05:44:35.936474
05:44:40,27.3,74,2026-05-22 05:44:40.955386
05:44:45,30.3,43,2026-05-22 05:44:45.978797
05:44:50,25.7,46,2026-05-22 05:44:50.996407
05:44:56,31.8,69,2026-05-22 05:44:56.022098
05:45:01,30.9,75,2026-05-22 05:45:01.042781
05:45:06,39.5,76,2026-05-22 05:45:06.061650
05:45:11,28.8,87,2026-05-22 05:45:11.075137
05:45:16,31.5,40,2026-05-22 05:45:16.092849
05:45:21,34.2,62,2026-05-22 05:45:21.117386
05:45:26,38.8,73,2026-05-22 05:45:26.134209
05:45:31,32.5,50,2026-05-22 05:45:31.152205
05:45:36,30.7,72,2026-05-22 05:45:36.172378
05:45:41,31.6,41,2026-05-22 05:45:41.193278
05:45:46,35.1,49,2026-05-22 05:45:46.212984
05:45:51,34.6,49,2026-05-22 05:45:51.227165
05:45:56,38.1,56,2026-05-22 05:45:56.241445
05:46:01,37.8,56,2026-05-22 05:46:01.260133
05:46:06,33.9,71,2026-05-22 05:46:06.272048
05:46:11,29.7,90,2026-05-22 05:46:11.288096
05:46:16,25.8,52,2026-05-22 05:46:16.318132
05:46:21,34.9,59,2026-05-22 05:46:21.342964
05:46:26,27.2,89,2026-05-22 05:46:26.360091
05:46:31,33.5,42,2026-05-22 05:46:31.374908
05:46:36,26.6,88,2026-05-22 05:46:36.392578
05:46:41,28.6,79,2026-05-22 05:46:41.414342
05:46:46,37.5,77,2026-05-22 05:46:46.427791
05:46:51,29.9,44,2026-05-22 05:46:51.449060
05:46:56,27.0,75,2026-05-22 05:46:56.467791
05:47:01,35.4,67,2026-05-22 05:47:01.491085
05:47:06,28.9,50,2026-05-22 05:47:06.509821
05:47:11,29.9,74,2026-05-22 05:47:11.525151
05:47:16,40.0,52,2026-05-22 05:47:16.538433
05:43:20,33.7,63,2026-05-22 05:43:20.568466
05:43:25,34.4,63,2026-05-22 05:43:25.589615
05:43:30,37.6,66,2026-05-22 05:43:30.612151
05:43:35,36.5,53,2026-05-22 05:43:35.632372
05:43:40,39.0,75,2026-05-22 05:43:40.664853
05:43:45,37.5,56,2026-05-22 05:43:45.689311
05:43:50,39.3,84,2026-05-22 05:43:50.702033
05:43:55,34.4,61,2026-05-22 05:43:55.725746
05:44:00,36.3,63,2026-05-22 05:44:00.750833
05:44:05,39.7,75,2026-05-22 05:44:05.768043
05:44:10,35.0,88,2026-05-22 05:44:10.803048
05:44:15,31.4,89,2026-05-22 05:44:15.828314
05:44:20,36.4,81,2026-05-22 05:44:20.861968
05:44:25,27.6,43,2026-05-22 05:44:25.886938
05:44:30,37.9,89,2026-05-22 05:44:30.914027
05:44:35,39.9,52,2026-05-22 05:44:35.936474
05:44:40,27.3,74,2026-05-22 05:44:40.955386
05:44:45,30.3,43,2026-05-22 05:44:45.978797
05:44:50,25.7,46,2026-05-22 05:44:50.996407
05:44:56,31.8,69,2026-05-22 05:44:56.022098
05:45:01,30.9,75,2026-05-22 05:45:01.042781
05:45:06,39.5,76,2026-05-22 05:45:06.061650
05:45:11,28.8,87,2026-05-22 05:45:11.075137
05:45:16,31.5,40,2026-05-22 05:45:16.092849
05:45:21,34.2,62,2026-05-22 05:45:21.117386
05:45:26,38.8,73,2026-05-22 05:45:26.134209
05:45:31,32.5,50,2026-05-22 05:45:31.152205
05:45:36,30.7,72,2026-05-22 05:45:36.172378
05:45:41,31.6,41,2026-05-22 05:45:41.193278
05:45:46,35.1,49,2026-05-22 05:45:46.212984
05:45:51,34.6,49,2026-05-22 05:45:51.227165
05:45:56,38.1,56,2026-05-22 05:45:56.241445
05:46:01,37.8,56,2026-05-22 05:46:01.260133
05:46:06,33.9,71,2026-05-22 05:46:06.272048
05:46:11,29.7,90,2026-05-22 05:46:11.288096
05:46:16,25.8,52,2026-05-22 05:46:16.318132
05:46:21,34.9,59,2026-05-22 05:46:21.342964
05:46:26,27.2,89,2026-05-22 05:46:26.360091
05:46:31,33.5,42,2026-05-22 05:46:31.374908
05:46:36,26.6,88,2026-05-22 05:46:36.392578
05:46:41,28.6,79,2026-05-22 05:46:41.414342
05:46:46,37.5,77,2026-05-22 05:46:46.427791
05:46:51,29.9,44,2026-05-22 05:46:51.449060
05:46:56,27.0,75,2026-05-22 05:46:56.467791
05:47:01,35.4,67,2026-05-22 05:47:01.491085
05:47:06,28.9,50,2026-05-22 05:47:06.509821
05:47:11,29.9,74,2026-05-22 05:47:11.525151
05:47:16,40.0,52,2026-05-22 05:47:16.538433
05:47:21,37.8,86,2026-05-22 05:47:21.555144
05:43:20,33.7,63,2026-05-22 05:43:20.568466
05:43:25,34.4,63,2026-05-22 05:43:25.589615
05:43:30,37.6,66,2026-05-22 05:43:30.612151
05:43:35,36.5,53,2026-05-22 05:43:35.632372
05:43:40,39.0,75,2026-05-22 05:43:40.664853
05:43:45,37.5,56,2026-05-22 05:43:45.689311
05:43:50,39.3,84,2026-05-22 05:43:50.702033
05:43:55,34.4,61,2026-05-22 05:43:55.725746
05:44:00,36.3,63,2026-05-22 05:44:00.750833
05:44:05,39.7,75,2026-05-22 05:44:05.768043
05:44:10,35.0,88,2026-05-22 05:44:10.803048
05:44:15,31.4,89,2026-05-22 05:44:15.828314
05:44:20,36.4,81,2026-05-22 05:44:20.861968
05:44:25,27.6,43,2026-05-22 05:44:25.886938
05:44:30,37.9,89,2026-05-22 05:44:30.914027
05:44:35,39.9,52,2026-05-22 05:44:35.936474
05:44:40,27.3,74,2026-05-22 05:44:40.955386
05:44:45,30.3,43,2026-05-22 05:44:45.978797
05:44:50,25.7,46,2026-05-22 05:44:50.996407
05:44:56,31.8,69,2026-05-22 05:44:56.022098
05:45:01,30.9,75,2026-05-22 05:45:01.042781
05:45:06,39.5,76,2026-05-22 05:45:06.061650
05:45:11,28.8,87,2026-05-22 05:45:11.075137
05:45:16,31.5,40,2026-05-22 05:45:16.092849
05:45:21,34.2,62,2026-05-22 05:45:21.117386
05:45:26,38.8,73,2026-05-22 05:45:26.134209
05:45:31,32.5,50,2026-05-22 05:45:31.152205
05:45:36,30.7,72,2026-05-22 05:45:36.172378
05:45:41,31.6,41,2026-05-22 05:45:41.193278
05:45:46,35.1,49,2026-05-22 05:45:46.212984
05:45:51,34.6,49,2026-05-22 05:45:51.227165
05:45:56,38.1,56,2026-05-22 05:45:56.241445
05:46:01,37.8,56,2026-05-22 05:46:01.260133
05:46:06,33.9,71,2026-05-22 05:46:06.272048
05:46:11,29.7,90,2026-05-22 05:46:11.288096
05:46:16,25.8,52,2026-05-22 05:46:16.318132
05:46:21,34.9,59,2026-05-22 05:46:21.342964
05:46:26,27.2,89,2026-05-22 05:46:26.360091
05:46:31,33.5,42,2026-05-22 05:46:31.374908
05:46:36,26.6,88,2026-05-22 05:46:36.392578
05:46:41,28.6,79,2026-05-22 05:46:41.414342
05:46:46,37.5,77,2026-05-22 05:46:46.427791
05:46:51,29.9,44,2026-05-22 05:46:51.449060
05:46:56,27.0,75,2026-05-22 05:46:56.467791
05:47:01,35.4,67,2026-05-22 05:47:01.491085
05:47:06,28.9,50,2026-05-22 05:47:06.509821
05:47:11,29.9,74,2026-05-22 05:47:11.525151
05:47:16,40.0,52,2026-05-22 05:47:16.538433
05:47:21,37.8,86,2026-05-22 05:47:21.555144
05:47:26,31.6,85,2026-05-22 05:47:26.588004
05:43:25,34.4,63,2026-05-22 05:43:25.589615
05:43:30,37.6,66,2026-05-22 05:43:30.612151
05:43:35,36.5,53,2026-05-22 05:43:35.632372
05:43:40,39.0,75,2026-05-22 05:43:40.664853
05:43:45,37.5,56,2026-05-22 05:43:45.689311
05:43:50,39.3,84,2026-05-22 05:43:50.702033
05:43:55,34.4,61,2026-05-22 05:43:55.725746
05:44:00,36.3,63,2026-05-22 05:44:00.750833
05:44:05,39.7,75,2026-05-22 05:44:05.768043
05:44:10,35.0,88,2026-05-22 05:44:10.803048
05:44:15,31.4,89,2026-05-22 05:44:15.828314
05:44:20,36.4,81,2026-05-22 05:44:20.861968
05:44:25,27.6,43,2026-05-22 05:44:25.886938
05:44:30,37.9,89,2026-05-22 05:44:30.914027
05:44:35,39.9,52,2026-05-22 05:44:35.936474
05:44:40,27.3,74,2026-05-22 05:44:40.955386
05:44:45,30.3,43,2026-05-22 05:44:45.978797
05:44:50,25.7,46,2026-05-22 05:44:50.996407
05:44:56,31.8,69,2026-05-22 05:44:56.022098
05:45:01,30.9,75,2026-05-22 05:45:01.042781
05:45:06,39.5,76,2026-05-22 05:45:06.061650
05:45:11,28.8,87,2026-05-22 05:45:11.075137
05:45:16,31.5,40,2026-05-22 05:45:16.092849
05:45:21,34.2,62,2026-05-22 05:45:21.117386
05:45:26,38.8,73,2026-05-22 05:45:26.134209
05:45:31,32.5,50,2026-05-22 05:45:31.152205
05:45:36,30.7,72,2026-05-22 05:45:36.172378
05:45:41,31.6,41,2026-05-22 05:45:41.193278
05:45:46,35.1,49,2026-05-22 05:45:46.212984
05:45:51,34.6,49,2026-05-22 05:45:51.227165
05:45:56,38.1,56,2026-05-22 05:45:56.241445
05:46:01,37.8,56,2026-05-22 05:46:01.260133
05:46:06,33.9,71,2026-05-22 05:46:06.272048
05:46:11,29.7,90,2026-05-22 05:46:11.288096
05:46:16,25.8,52,2026-05-22 05:46:16.318132
05:46:21,34.9,59,2026-05-22 05:46:21.342964
05:46:26,27.2,89,2026-05-22 05:46:26.360091
05:46:31,33.5,42,2026-05-22 05:46:31.374908
05:46:36,26.6,88,2026-05-22 05:46:36.392578
05:46:41,28.6,79,2026-05-22 05:46:41.414342
05:46:46,37.5,77,2026-05-22 05:46:46.427791
05:46:51,29.9,44,2026-05-22 05:46:51.449060
05:46:56,27.0,75,2026-05-22 05:46:56.467791
05:47:01,35.4,67,2026-05-22 05:47:01.491085
05:47:06,28.9,50,2026-05-22 05:47:06.509821
05:47:11,29.9,74,2026-05-22 05:47:11.525151
05:47:16,40.0,52,2026-05-22 05:47:16.538433
05:47:21,37.8,86,2026-05-22 05:47:21.555144
05:47:26,31.6,85,2026-05-22 05:47:26.588004
05:47:31,34.4,62,2026-05-22 05:47:31.614989
05:43:30,37.6,66,2026-05-22 05:43:30.612151
05:43:35,36.5,53,2026-05-22 05:43:35.632372
05:43:40,39.0,75,2026-05-22 05:43:40.664853
05:43:45,37.5,56,2026-05-22 05:43:45.689311
05:43:50,39.3,84,2026-05-22 05:43:50.702033
05:43:55,34.4,61,2026-05-22 05:43:55.725746
05:44:00,36.3,63,2026-05-22 05:44:00.750833
05:44:05,39.7,75,2026-05-22 05:44:05.768043
05:44:10,35.0,88,2026-05-22 05:44:10.803048
05:44:15,31.4,89,2026-05-22 05:44:15.828314
05:44:20,36.4,81,2026-05-22 05:44:20.861968
05:44:25,27.6,43,2026-05-22 05:44:25.886938
05:44:30,37.9,89,2026-05-22 05:44:30.914027
05:44:35,39.9,52,2026-05-22 05:44:35.936474
05:44:40,27.3,74,2026-05-22 05:44:40.955386
05:44:45,30.3,43,2026-05-22 05:44:45.978797
05:44:50,25.7,46,2026-05-22 05:44:50.996407
05:44:56,31.8,69,2026-05-22 05:44:56.022098
05:45:01,30.9,75,2026-05-22 05:45:01.042781
05:45:06,39.5,76,2026-05-22 05:45:06.061650
05:45:11,28.8,87,2026-05-22 05:45:11.075137
05:45:16,31.5,40,2026-05-22 05:45:16.092849
05:45:21,34.2,62,2026-05-22 05:45:21.117386
05:45:26,38.8,73,2026-05-22 05:45:26.134209
05:45:31,32.5,50,2026-05-22 05:45:31.152205
05:45:36,30.7,72,2026-05-22 05:45:36.172378
05:45:41,31.6,41,2026-05-22 05:45:41.193278
05:45:46,35.1,49,2026-05-22 05:45:46.212984
05:45:51,34.6,49,2026-05-22 05:45:51.227165
05:45:56,38.1,56,2026-05-22 05:45:56.241445
05:46:01,37.8,56,2026-05-22 05:46:01.260133
05:46:06,33.9,71,2026-05-22 05:46:06.272048
05:46:11,29.7,90,2026-05-22 05:46:11.288096
05:46:16,25.8,52,2026-05-22 05:46:16.318132
05:46:21,34.9,59,2026-05-22 05:46:21.342964
05:46:26,27.2,89,2026-05-22 05:46:26.360091
05:46:31,33.5,42,2026-05-22 05:46:31.374908
05:46:36,26.6,88,2026-05-22 05:46:36.392578
05:46:41,28.6,79,2026-05-22 05:46:41.414342
05:46:46,37.5,77,2026-05-22 05:46:46.427791
05:46:51,29.9,44,2026-05-22 05:46:51.449060
05:46:56,27.0,75,2026-05-22 05:46:56.467791
05:47:01,35.4,67,2026-05-22 05:47:01.491085
05:47:06,28.9,50,2026-05-22 05:47:06.509821
05:47:11,29.9,74,2026-05-22 05:47:11.525151
05:47:16,40.0,52,2026-05-22 05:47:16.538433
05:47:21,37.8,86,2026-05-22 05:47:21.555144
05:47:26,31.6,85,2026-05-22 05:47:26.588004
05:47:31,34.4,62,2026-05-22 05:47:31.614989
05:47:36,37.2,90,2026-05-22 05:47:36.635476
05:43:35,36.5,53,2026-05-22 05:43:35.632372
05:43:40,39.0,75,2026-05-22 05:43:40.664853
05:43:45,37.5,56,2026-05-22 05:43:45.689311
05:43:50,39.3,84,2026-05-22 05:43:50.702033
05:43:55,34.4,61,2026-05-22 05:43:55.725746
05:44:00,36.3,63,2026-05-22 05:44:00.750833
05:44:05,39.7,75,2026-05-22 05:44:05.768043
05:44:10,35.0,88,2026-05-22 05:44:10.803048
05:44:15,31.4,89,2026-05-22 05:44:15.828314
05:44:20,36.4,81,2026-05-22 05:44:20.861968
05:44:25,27.6,43,2026-05-22 05:44:25.886938
05:44:30,37.9,89,2026-05-22 05:44:30.914027
05:44:35,39.9,52,2026-05-22 05:44:35.936474
05:44:40,27.3,74,2026-05-22 05:44:40.955386
05:44:45,30.3,43,2026-05-22 05:44:45.978797
05:44:50,25.7,46,2026-05-22 05:44:50.996407
05:44:56,31.8,69,2026-05-22 05:44:56.022098
05:45:01,30.9,75,2026-05-22 05:45:01.042781
05:45:06,39.5,76,2026-05-22 05:45:06.061650
05:45:11,28.8,87,2026-05-22 05:45:11.075137
05:45:16,31.5,40,2026-05-22 05:45:16.092849
05:45:21,34.2,62,2026-05-22 05:45:21.117386
05:45:26,38.8,73,2026-05-22 05:45:26.134209
05:45:31,32.5,50,2026-05-22 05:45:31.152205
05:45:36,30.7,72,2026-05-22 05:45:36.172378
05:45:41,31.6,41,2026-05-22 05:45:41.193278
05:45:46,35.1,49,2026-05-22 05:45:46.212984
05:45:51,34.6,49,2026-05-22 05:45:51.227165
05:45:56,38.1,56,2026-05-22 05:45:56.241445
05:46:01,37.8,56,2026-05-22 05:46:01.260133
05:46:06,33.9,71,2026-05-22 05:46:06.272048
05:46:11,29.7,90,2026-05-22 05:46:11.288096
05:46:16,25.8,52,2026-05-22 05:46:16.318132
05:46:21,34.9,59,2026-05-22 05:46:21.342964
05:46:26,27.2,89,2026-05-22 05:46:26.360091
05:46:31,33.5,42,2026-05-22 05:46:31.374908
05:46:36,26.6,88,2026-05-22 05:46:36.392578
05:46:41,28.6,79,2026-05-22 05:46:41.414342
05:46:46,37.5,77,2026-05-22 05:46:46.427791
05:46:51,29.9,44,2026-05-22 05:46:51.449060
05:46:56,27.0,75,2026-05-22 05:46:56.467791
05:47:01,35.4,67,2026-05-22 05:47:01.491085
05:47:06,28.9,50,2026-05-22 05:47:06.509821
05:47:11,29.9,74,2026-05-22 05:47:11.525151
05:47:16,40.0,52,2026-05-22 05:47:16.538433
05:47:21,37.8,86,2026-05-22 05:47:21.555144
05:47:26,31.6,85,2026-05-22 05:47:26.588004
05:47:31,34.4,62,2026-05-22 05:47:31.614989
05:47:36,37.2,90,2026-05-22 05:47:36.635476
05:47:41,29.3,40,2026-05-22 05:47:41.671100
05:43:40,39.0,75,2026-05-22 05:43:40.664853
05:43:45,37.5,56,2026-05-22 05:43:45.689311
05:43:50,39.3,84,2026-05-22 05:43:50.702033
05:43:55,34.4,61,2026-05-22 05:43:55.725746
05:44:00,36.3,63,2026-05-22 05:44:00.750833
05:44:05,39.7,75,2026-05-22 05:44:05.768043
05:44:10,35.0,88,2026-05-22 05:44:10.803048
05:44:15,31.4,89,2026-05-22 05:44:15.828314
05:44:20,36.4,81,2026-05-22 05:44:20.861968
05:44:25,27.6,43,2026-05-22 05:44:25.886938
05:44:30,37.9,89,2026-05-22 05:44:30.914027
05:44:35,39.9,52,2026-05-22 05:44:35.936474
05:44:40,27.3,74,2026-05-22 05:44:40.955386
05:44:45,30.3,43,2026-05-22 05:44:45.978797
05:44:50,25.7,46,2026-05-22 05:44:50.996407
05:44:56,31.8,69,2026-05-22 05:44:56.022098
05:45:01,30.9,75,2026-05-22 05:45:01.042781
05:45:06,39.5,76,2026-05-22 05:45:06.061650
05:45:11,28.8,87,2026-05-22 05:45:11.075137
05:45:16,31.5,40,2026-05-22 05:45:16.092849
05:45:21,34.2,62,2026-05-22 05:45:21.117386
05:45:26,38.8,73,2026-05-22 05:45:26.134209
05:45:31,32.5,50,2026-05-22 05:45:31.152205
05:45:36,30.7,72,2026-05-22 05:45:36.172378
05:45:41,31.6,41,2026-05-22 05:45:41.193278
05:45:46,35.1,49,2026-05-22 05:45:46.212984
05:45:51,34.6,49,2026-05-22 05:45:51.227165
05:45:56,38.1,56,2026-05-22 05:45:56.241445
05:46:01,37.8,56,2026-05-22 05:46:01.260133
05:46:06,33.9,71,2026-05-22 05:46:06.272048
05:46:11,29.7,90,2026-05-22 05:46:11.288096
05:46:16,25.8,52,2026-05-22 05:46:16.318132
05:46:21,34.9,59,2026-05-22 05:46:21.342964
05:46:26,27.2,89,2026-05-22 05:46:26.360091
05:46:31,33.5,42,2026-05-22 05:46:31.374908
05:46:36,26.6,88,2026-05-22 05:46:36.392578
05:46:41,28.6,79,2026-05-22 05:46:41.414342
05:46:46,37.5,77,2026-05-22 05:46:46.427791
05:46:51,29.9,44,2026-05-22 05:46:51.449060
05:46:56,27.0,75,2026-05-22 05:46:56.467791
05:47:01,35.4,67,2026-05-22 05:47:01.491085
05:47:06,28.9,50,2026-05-22 05:47:06.509821
05:47:11,29.9,74,2026-05-22 05:47:11.525151
05:47:16,40.0,52,2026-05-22 05:47:16.538433
05:47:21,37.8,86,2026-05-22 05:47:21.555144
05:47:26,31.6,85,2026-05-22 05:47:26.588004
05:47:31,34.4,62,2026-05-22 05:47:31.614989
05:47:36,37.2,90,2026-05-22 05:47:36.635476
05:47:41,29.3,40,2026-05-22 05:47:41.671100
05:47:46,30.7,58,2026-05-22 05:47:46.705729
05:47:51,35.8,59,2026-05-22 05:47:51.746315
05:47:51,35.8,59,2026-05-22 05:47:51.746315
05:47:56,30.4,50,2026-05-22 05:47:56.764250
05:48:01,28.6,47,2026-05-22 05:48:01.791218
05:48:01,28.6,47,2026-05-22 05:48:01.791218
05:48:06,37.9,79,2026-05-22 05:48:06.823936
05:48:01,28.6,47,2026-05-22 05:48:01.791218
05:48:06,37.9,79,2026-05-22 05:48:06.823936
05:48:11,36.5,75,2026-05-22 05:48:11.853665
05:48:01,28.6,47,2026-05-22 05:48:01.791218
05:48:06,37.9,79,2026-05-22 05:48:06.823936
05:48:11,36.5,75,2026-05-22 05:48:11.853665
05:48:16,39.3,48,2026-05-22 05:48:16.876248
05:48:01,28.6,47,2026-05-22 05:48:01.791218
05:48:06,37.9,79,2026-05-22 05:48:06.823936
05:48:11,36.5,75,2026-05-22 05:48:11.853665
05:48:16,39.3,48,2026-05-22 05:48:16.876248
05:48:21,38.8,40,2026-05-22 05:48:21.910837
05:48:01,28.6,47,2026-05-22 05:48:01.791218
05:48:06,37.9,79,2026-05-22 05:48:06.823936
05:48:11,36.5,75,2026-05-22 05:48:11.853665
05:48:16,39.3,48,2026-05-22 05:48:16.876248
05:48:21,38.8,40,2026-05-22 05:48:21.910837
05:48:26,37.3,48,2026-05-22 05:48:26.940660
05:48:01,28.6,47,2026-05-22 05:48:01.791218
05:48:06,37.9,79,2026-05-22 05:48:06.823936
05:48:11,36.5,75,2026-05-22 05:48:11.853665
05:48:16,39.3,48,2026-05-22 05:48:16.876248
05:48:21,38.8,40,2026-05-22 05:48:21.910837
05:48:26,37.3,48,2026-05-22 05:48:26.940660
05:48:31,31.2,77,2026-05-22 05:48:31.966757
05:48:01,28.6,47,2026-05-22 05:48:01.791218
05:48:06,37.9,79,2026-05-22 05:48:06.823936
05:48:11,36.5,75,2026-05-22 05:48:11.853665
05:48:16,39.3,48,2026-05-22 05:48:16.876248
05:48:21,38.8,40,2026-05-22 05:48:21.910837
05:48:26,37.3,48,2026-05-22 05:48:26.940660
05:48:31,31.2,77,2026-05-22 05:48:31.966757
05:48:37,32.3,83,2026-05-22 05:48:37.003193
05:48:01,28.6,47,2026-05-22 05:48:01.791218
05:48:06,37.9,79,2026-05-22 05:48:06.823936
05:48:11,36.5,75,2026-05-22 05:48:11.853665
05:48:16,39.3,48,2026-05-22 05:48:16.876248
05:48:21,38.8,40,2026-05-22 05:48:21.910837
05:48:26,37.3,48,2026-05-22 05:48:26.940660
05:48:31,31.2,77,2026-05-22 05:48:31.966757
05:48:37,32.3,83,2026-05-22 05:48:37.003193
05:48:42,34.1,48,2026-05-22 05:48:42.020428
05:48:01,28.6,47,2026-05-22 05:48:01.791218
05:48:06,37.9,79,2026-05-22 05:48:06.823936
05:48:11,36.5,75,2026-05-22 05:48:11.853665
05:48:16,39.3,48,2026-05-22 05:48:16.876248
05:48:21,38.8,40,2026-05-22 05:48:21.910837
05:48:26,37.3,48,2026-05-22 05:48:26.940660
05:48:31,31.2,77,2026-05-22 05:48:31.966757
05:48:37,32.3,83,2026-05-22 05:48:37.003193
05:48:42,34.1,48,2026-05-22 05:48:42.020428
05:48:47,31.7,72,2026-05-22 05:48:47.039011
05:48:01,28.6,47,2026-05-22 05:48:01.791218
05:48:06,37.9,79,2026-05-22 05:48:06.823936
05:48:11,36.5,75,2026-05-22 05:48:11.853665
05:48:16,39.3,48,2026-05-22 05:48:16.876248
05:48:21,38.8,40,2026-05-22 05:48:21.910837
05:48:26,37.3,48,2026-05-22 05:48:26.940660
05:48:31,31.2,77,2026-05-22 05:48:31.966757
05:48:37,32.3,83,2026-05-22 05:48:37.003193
05:48:42,34.1,48,2026-05-22 05:48:42.020428
05:48:47,31.7,72,2026-05-22 05:48:47.039011
05:48:52,33.1,64,2026-05-22 05:48:52.057911
05:48:01,28.6,47,2026-05-22 05:48:01.791218
05:48:06,37.9,79,2026-05-22 05:48:06.823936
05:48:11,36.5,75,2026-05-22 05:48:11.853665
05:48:16,39.3,48,2026-05-22 05:48:16.876248
05:48:21,38.8,40,2026-05-22 05:48:21.910837
05:48:26,37.3,48,2026-05-22 05:48:26.940660
05:48:31,31.2,77,2026-05-22 05:48:31.966757
05:48:37,32.3,83,2026-05-22 05:48:37.003193
05:48:42,34.1,48,2026-05-22 05:48:42.020428
05:48:47,31.7,72,2026-05-22 05:48:47.039011
05:48:52,33.1,64,2026-05-22 05:48:52.057911
05:48:57,35.7,47,2026-05-22 05:48:57.096866
05:48:01,28.6,47,2026-05-22 05:48:01.791218
05:48:06,37.9,79,2026-05-22 05:48:06.823936
05:48:11,36.5,75,2026-05-22 05:48:11.853665
05:48:16,39.3,48,2026-05-22 05:48:16.876248
05:48:21,38.8,40,2026-05-22 05:48:21.910837
05:48:26,37.3,48,2026-05-22 05:48:26.940660
05:48:31,31.2,77,2026-05-22 05:48:31.966757
05:48:37,32.3,83,2026-05-22 05:48:37.003193
05:48:42,34.1,48,2026-05-22 05:48:42.020428
05:48:47,31.7,72,2026-05-22 05:48:47.039011
05:48:52,33.1,64,2026-05-22 05:48:52.057911
05:48:57,35.7,47,2026-05-22 05:48:57.096866
05:49:02,28.6,85,2026-05-22 05:49:02.121515
05:48:01,28.6,47,2026-05-22 05:48:01.791218
05:48:06,37.9,79,2026-05-22 05:48:06.823936
05:48:11,36.5,75,2026-05-22 05:48:11.853665
05:48:16,39.3,48,2026-05-22 05:48:16.876248
05:48:21,38.8,40,2026-05-22 05:48:21.910837
05:48:26,37.3,48,2026-05-22 05:48:26.940660
05:48:31,31.2,77,2026-05-22 05:48:31.966757
05:48:37,32.3,83,2026-05-22 05:48:37.003193
05:48:42,34.1,48,2026-05-22 05:48:42.020428
05:48:47,31.7,72,2026-05-22 05:48:47.039011
05:48:52,33.1,64,2026-05-22 05:48:52.057911
05:48:57,35.7,47,2026-05-22 05:48:57.096866
05:49:02,28.6,85,2026-05-22 05:49:02.121515
05:49:07,28.6,52,2026-05-22 05:49:07.140550
05:48:01,28.6,47,2026-05-22 05:48:01.791218
05:48:06,37.9,79,2026-05-22 05:48:06.823936
05:48:11,36.5,75,2026-05-22 05:48:11.853665
05:48:16,39.3,48,2026-05-22 05:48:16.876248
05:48:21,38.8,40,2026-05-22 05:48:21.910837
05:48:26,37.3,48,2026-05-22 05:48:26.940660
05:48:31,31.2,77,2026-05-22 05:48:31.966757
05:48:37,32.3,83,2026-05-22 05:48:37.003193
05:48:42,34.1,48,2026-05-22 05:48:42.020428
05:48:47,31.7,72,2026-05-22 05:48:47.039011
05:48:52,33.1,64,2026-05-22 05:48:52.057911
05:48:57,35.7,47,2026-05-22 05:48:57.096866
05:49:02,28.6,85,2026-05-22 05:49:02.121515
05:49:07,28.6,52,2026-05-22 05:49:07.140550
05:49:12,25.8,61,2026-05-22 05:49:12.165314
05:48:01,28.6,47,2026-05-22 05:48:01.791218
05:48:06,37.9,79,2026-05-22 05:48:06.823936
05:48:11,36.5,75,2026-05-22 05:48:11.853665
05:48:16,39.3,48,2026-05-22 05:48:16.876248
05:48:21,38.8,40,2026-05-22 05:48:21.910837
05:48:26,37.3,48,2026-05-22 05:48:26.940660
05:48:31,31.2,77,2026-05-22 05:48:31.966757
05:48:37,32.3,83,2026-05-22 05:48:37.003193
05:48:42,34.1,48,2026-05-22 05:48:42.020428
05:48:47,31.7,72,2026-05-22 05:48:47.039011
05:48:52,33.1,64,2026-05-22 05:48:52.057911
05:48:57,35.7,47,2026-05-22 05:48:57.096866
05:49:02,28.6,85,2026-05-22 05:49:02.121515
05:49:07,28.6,52,2026-05-22 05:49:07.140550
05:49:12,25.8,61,2026-05-22 05:49:12.165314
05:49:17,38.1,82,2026-05-22 05:49:17.195266
05:49:22,33.9,74,2026-05-22 05:49:22.223650
05:49:22,33.9,74,2026-05-22 05:49:22.223650
05:49:27,27.4,89,2026-05-22 05:49:27.238549
05:49:22,33.9,74,2026-05-22 05:49:22.223650
05:49:27,27.4,89,2026-05-22 05:49:27.238549
05:49:32,30.4,88,2026-05-22 05:49:32.263987
05:49:22,33.9,74,2026-05-22 05:49:22.223650
05:49:27,27.4,89,2026-05-22 05:49:27.238549
05:49:32,30.4,88,2026-05-22 05:49:32.263987
05:49:37,32.6,44,2026-05-22 05:49:37.294321
05:49:22,33.9,74,2026-05-22 05:49:22.223650
05:49:27,27.4,89,2026-05-22 05:49:27.238549
05:49:32,30.4,88,2026-05-22 05:49:32.263987
05:49:37,32.6,44,2026-05-22 05:49:37.294321
05:49:42,29.6,54,2026-05-22 05:49:42.315012
05:49:22,33.9,74,2026-05-22 05:49:22.223650
05:49:27,27.4,89,2026-05-22 05:49:27.238549
05:49:32,30.4,88,2026-05-22 05:49:32.263987
05:49:37,32.6,44,2026-05-22 05:49:37.294321
05:49:42,29.6,54,2026-05-22 05:49:42.315012
05:49:47,27.7,57,2026-05-22 05:49:47.332794
05:49:22,33.9,74,2026-05-22 05:49:22.223650
05:49:27,27.4,89,2026-05-22 05:49:27.238549
05:49:32,30.4,88,2026-05-22 05:49:32.263987
05:49:37,32.6,44,2026-05-22 05:49:37.294321
05:49:42,29.6,54,2026-05-22 05:49:42.315012
05:49:47,27.7,57,2026-05-22 05:49:47.332794
05:49:52,29.0,47,2026-05-22 05:49:52.355755
05:49:22,33.9,74,2026-05-22 05:49:22.223650
05:49:27,27.4,89,2026-05-22 05:49:27.238549
05:49:32,30.4,88,2026-05-22 05:49:32.263987
05:49:37,32.6,44,2026-05-22 05:49:37.294321
05:49:42,29.6,54,2026-05-22 05:49:42.315012
05:49:47,27.7,57,2026-05-22 05:49:47.332794
05:49:52,29.0,47,2026-05-22 05:49:52.355755
05:49:57,32.2,81,2026-05-22 05:49:57.378881
05:49:22,33.9,74,2026-05-22 05:49:22.223650
05:49:27,27.4,89,2026-05-22 05:49:27.238549
05:49:32,30.4,88,2026-05-22 05:49:32.263987
05:49:37,32.6,44,2026-05-22 05:49:37.294321
05:49:42,29.6,54,2026-05-22 05:49:42.315012
05:49:47,27.7,57,2026-05-22 05:49:47.332794
05:49:52,29.0,47,2026-05-22 05:49:52.355755
05:49:57,32.2,81,2026-05-22 05:49:57.378881
05:50:02,26.6,58,2026-05-22 05:50:02.402302
05:49:22,33.9,74,2026-05-22 05:49:22.223650
05:49:27,27.4,89,2026-05-22 05:49:27.238549
05:49:32,30.4,88,2026-05-22 05:49:32.263987
05:49:37,32.6,44,2026-05-22 05:49:37.294321
05:49:42,29.6,54,2026-05-22 05:49:42.315012
05:49:47,27.7,57,2026-05-22 05:49:47.332794
05:49:52,29.0,47,2026-05-22 05:49:52.355755
05:49:57,32.2,81,2026-05-22 05:49:57.378881
05:50:02,26.6,58,2026-05-22 05:50:02.402302
05:50:07,38.3,49,2026-05-22 05:50:07.417347
05:49:22,33.9,74,2026-05-22 05:49:22.223650
05:49:27,27.4,89,2026-05-22 05:49:27.238549
05:49:32,30.4,88,2026-05-22 05:49:32.263987
05:49:37,32.6,44,2026-05-22 05:49:37.294321
05:49:42,29.6,54,2026-05-22 05:49:42.315012
05:49:47,27.7,57,2026-05-22 05:49:47.332794
05:49:52,29.0,47,2026-05-22 05:49:52.355755
05:49:57,32.2,81,2026-05-22 05:49:57.378881
05:50:02,26.6,58,2026-05-22 05:50:02.402302
05:50:07,38.3,49,2026-05-22 05:50:07.417347
05:50:12,36.9,42,2026-05-22 05:50:12.432977
05:49:22,33.9,74,2026-05-22 05:49:22.223650
05:49:27,27.4,89,2026-05-22 05:49:27.238549
05:49:32,30.4,88,2026-05-22 05:49:32.263987
05:49:37,32.6,44,2026-05-22 05:49:37.294321
05:49:42,29.6,54,2026-05-22 05:49:42.315012
05:49:47,27.7,57,2026-05-22 05:49:47.332794
05:49:52,29.0,47,2026-05-22 05:49:52.355755
05:49:57,32.2,81,2026-05-22 05:49:57.378881
05:50:02,26.6,58,2026-05-22 05:50:02.402302
05:50:07,38.3,49,2026-05-22 05:50:07.417347
05:50:12,36.9,42,2026-05-22 05:50:12.432977
05:50:17,35.1,42,2026-05-22 05:50:17.452036
05:49:22,33.9,74,2026-05-22 05:49:22.223650
05:49:27,27.4,89,2026-05-22 05:49:27.238549
05:49:32,30.4,88,2026-05-22 05:49:32.263987
05:49:37,32.6,44,2026-05-22 05:49:37.294321
05:49:42,29.6,54,2026-05-22 05:49:42.315012
05:49:47,27.7,57,2026-05-22 05:49:47.332794
05:49:52,29.0,47,2026-05-22 05:49:52.355755
05:49:57,32.2,81,2026-05-22 05:49:57.378881
05:50:02,26.6,58,2026-05-22 05:50:02.402302
05:50:07,38.3,49,2026-05-22 05:50:07.417347
05:50:12,36.9,42,2026-05-22 05:50:12.432977
05:50:17,35.1,42,2026-05-22 05:50:17.452036
05:50:22,38.5,77,2026-05-22 05:50:22.480744
05:50:27,26.7,63,2026-05-22 05:50:27.515899
05:50:27,26.7,63,2026-05-22 05:50:27.515899
05:50:32,26.9,56,2026-05-22 05:50:32.542559
05:50:27,26.7,63,2026-05-22 05:50:27.515899
05:50:32,26.9,56,2026-05-22 05:50:32.542559
05:50:37,27.3,43,2026-05-22 05:50:37.562393
05:50:27,26.7,63,2026-05-22 05:50:27.515899
05:50:32,26.9,56,2026-05-22 05:50:32.542559
05:50:37,27.3,43,2026-05-22 05:50:37.562393
05:50:42,34.3,69,2026-05-22 05:50:42.576075
05:50:27,26.7,63,2026-05-22 05:50:27.515899
05:50:32,26.9,56,2026-05-22 05:50:32.542559
05:50:37,27.3,43,2026-05-22 05:50:37.562393
05:50:42,34.3,69,2026-05-22 05:50:42.576075
05:50:47,28.9,88,2026-05-22 05:50:47.593136
05:50:27,26.7,63,2026-05-22 05:50:27.515899
05:50:32,26.9,56,2026-05-22 05:50:32.542559
05:50:37,27.3,43,2026-05-22 05:50:37.562393
05:50:42,34.3,69,2026-05-22 05:50:42.576075
05:50:47,28.9,88,2026-05-22 05:50:47.593136
05:50:52,35.7,75,2026-05-22 05:50:52.610360
05:50:27,26.7,63,2026-05-22 05:50:27.515899
05:50:32,26.9,56,2026-05-22 05:50:32.542559
05:50:37,27.3,43,2026-05-22 05:50:37.562393
05:50:42,34.3,69,2026-05-22 05:50:42.576075
05:50:47,28.9,88,2026-05-22 05:50:47.593136
05:50:52,35.7,75,2026-05-22 05:50:52.610360
05:50:57,33.5,53,2026-05-22 05:50:57.626821
05:50:27,26.7,63,2026-05-22 05:50:27.515899
05:50:32,26.9,56,2026-05-22 05:50:32.542559
05:50:37,27.3,43,2026-05-22 05:50:37.562393
05:50:42,34.3,69,2026-05-22 05:50:42.576075
05:50:47,28.9,88,2026-05-22 05:50:47.593136
05:50:52,35.7,75,2026-05-22 05:50:52.610360
05:50:57,33.5,53,2026-05-22 05:50:57.626821
05:51:02,25.0,69,2026-05-22 05:51:02.650637
05:50:27,26.7,63,2026-05-22 05:50:27.515899
05:50:32,26.9,56,2026-05-22 05:50:32.542559
05:50:37,27.3,43,2026-05-22 05:50:37.562393
05:50:42,34.3,69,2026-05-22 05:50:42.576075
05:50:47,28.9,88,2026-05-22 05:50:47.593136
05:50:52,35.7,75,2026-05-22 05:50:52.610360
05:50:57,33.5,53,2026-05-22 05:50:57.626821
05:51:02,25.0,69,2026-05-22 05:51:02.650637
05:51:07,38.2,82,2026-05-22 05:51:07.689264
05:50:27,26.7,63,2026-05-22 05:50:27.515899
05:50:32,26.9,56,2026-05-22 05:50:32.542559
05:50:37,27.3,43,2026-05-22 05:50:37.562393
05:50:42,34.3,69,2026-05-22 05:50:42.576075
05:50:47,28.9,88,2026-05-22 05:50:47.593136
05:50:52,35.7,75,2026-05-22 05:50:52.610360
05:50:57,33.5,53,2026-05-22 05:50:57.626821
05:51:02,25.0,69,2026-05-22 05:51:02.650637
05:51:07,38.2,82,2026-05-22 05:51:07.689264
05:51:12,37.1,49,2026-05-22 05:51:12.726236
05:50:27,26.7,63,2026-05-22 05:50:27.515899
05:50:32,26.9,56,2026-05-22 05:50:32.542559
05:50:37,27.3,43,2026-05-22 05:50:37.562393
05:50:42,34.3,69,2026-05-22 05:50:42.576075
05:50:47,28.9,88,2026-05-22 05:50:47.593136
05:50:52,35.7,75,2026-05-22 05:50:52.610360
05:50:57,33.5,53,2026-05-22 05:50:57.626821
05:51:02,25.0,69,2026-05-22 05:51:02.650637
05:51:07,38.2,82,2026-05-22 05:51:07.689264
05:51:12,37.1,49,2026-05-22 05:51:12.726236
05:51:17,34.1,85,2026-05-22 05:51:17.741489
05:50:27,26.7,63,2026-05-22 05:50:27.515899
05:50:32,26.9,56,2026-05-22 05:50:32.542559
05:50:37,27.3,43,2026-05-22 05:50:37.562393
05:50:42,34.3,69,2026-05-22 05:50:42.576075
05:50:47,28.9,88,2026-05-22 05:50:47.593136
05:50:52,35.7,75,2026-05-22 05:50:52.610360
05:50:57,33.5,53,2026-05-22 05:50:57.626821
05:51:02,25.0,69,2026-05-22 05:51:02.650637
05:51:07,38.2,82,2026-05-22 05:51:07.689264
05:51:12,37.1,49,2026-05-22 05:51:12.726236
05:51:17,34.1,85,2026-05-22 05:51:17.741489
05:51:22,27.6,57,2026-05-22 05:51:22.756757
05:50:27,26.7,63,2026-05-22 05:50:27.515899
05:50:32,26.9,56,2026-05-22 05:50:32.542559
05:50:37,27.3,43,2026-05-22 05:50:37.562393
05:50:42,34.3,69,2026-05-22 05:50:42.576075
05:50:47,28.9,88,2026-05-22 05:50:47.593136
05:50:52,35.7,75,2026-05-22 05:50:52.610360
05:50:57,33.5,53,2026-05-22 05:50:57.626821
05:51:02,25.0,69,2026-05-22 05:51:02.650637
05:51:07,38.2,82,2026-05-22 05:51:07.689264
05:51:12,37.1,49,2026-05-22 05:51:12.726236
05:51:17,34.1,85,2026-05-22 05:51:17.741489
05:51:22,27.6,57,2026-05-22 05:51:22.756757
05:51:27,34.3,49,2026-05-22 05:51:27.772149
05:50:27,26.7,63,2026-05-22 05:50:27.515899
05:50:32,26.9,56,2026-05-22 05:50:32.542559
05:50:37,27.3,43,2026-05-22 05:50:37.562393
05:50:42,34.3,69,2026-05-22 05:50:42.576075
05:50:47,28.9,88,2026-05-22 05:50:47.593136
05:50:52,35.7,75,2026-05-22 05:50:52.610360
05:50:57,33.5,53,2026-05-22 05:50:57.626821
05:51:02,25.0,69,2026-05-22 05:51:02.650637
05:51:07,38.2,82,2026-05-22 05:51:07.689264
05:51:12,37.1,49,2026-05-22 05:51:12.726236
05:51:17,34.1,85,2026-05-22 05:51:17.741489
05:51:22,27.6,57,2026-05-22 05:51:22.756757
05:51:27,34.3,49,2026-05-22 05:51:27.772149
05:51:32,34.5,78,2026-05-22 05:51:32.794356
05:50:27,26.7,63,2026-05-22 05:50:27.515899
05:50:32,26.9,56,2026-05-22 05:50:32.542559
05:50:37,27.3,43,2026-05-22 05:50:37.562393
05:50:42,34.3,69,2026-05-22 05:50:42.576075
05:50:47,28.9,88,2026-05-22 05:50:47.593136
05:50:52,35.7,75,2026-05-22 05:50:52.610360
05:50:57,33.5,53,2026-05-22 05:50:57.626821
05:51:02,25.0,69,2026-05-22 05:51:02.650637
05:51:07,38.2,82,2026-05-22 05:51:07.689264
05:51:12,37.1,49,2026-05-22 05:51:12.726236
05:51:17,34.1,85,2026-05-22 05:51:17.741489
05:51:22,27.6,57,2026-05-22 05:51:22.756757
05:51:27,34.3,49,2026-05-22 05:51:27.772149
05:51:32,34.5,78,2026-05-22 05:51:32.794356
05:51:37,28.6,56,2026-05-22 05:51:37.821599
05:50:27,26.7,63,2026-05-22 05:50:27.515899
05:50:32,26.9,56,2026-05-22 05:50:32.542559
05:50:37,27.3,43,2026-05-22 05:50:37.562393
05:50:42,34.3,69,2026-05-22 05:50:42.576075
05:50:47,28.9,88,2026-05-22 05:50:47.593136
05:50:52,35.7,75,2026-05-22 05:50:52.610360
05:50:57,33.5,53,2026-05-22 05:50:57.626821
05:51:02,25.0,69,2026-05-22 05:51:02.650637
05:51:07,38.2,82,2026-05-22 05:51:07.689264
05:51:12,37.1,49,2026-05-22 05:51:12.726236
05:51:17,34.1,85,2026-05-22 05:51:17.741489
05:51:22,27.6,57,2026-05-22 05:51:22.756757
05:51:27,34.3,49,2026-05-22 05:51:27.772149
05:51:32,34.5,78,2026-05-22 05:51:32.794356
05:51:37,28.6,56,2026-05-22 05:51:37.821599
05:51:42,27.3,62,2026-05-22 05:51:42.844065
05:51:47,37.2,71,2026-05-22 05:51:47.876743
05:51:47,37.2,71,2026-05-22 05:51:47.876743
05:51:52,25.9,82,2026-05-22 05:51:52.905279
05:51:58,31.4,85,2026-05-22 05:51:58.092849
05:51:58,31.4,85,2026-05-22 05:51:58.092849
05:52:03,31.3,46,2026-05-22 05:52:03.111137
05:51:58,31.4,85,2026-05-22 05:51:58.092849
05:52:03,31.3,46,2026-05-22 05:52:03.111137
05:52:08,35.8,45,2026-05-22 05:52:08.135403
05:51:58,31.4,85,2026-05-22 05:51:58.092849
05:52:03,31.3,46,2026-05-22 05:52:03.111137
05:52:08,35.8,45,2026-05-22 05:52:08.135403
05:52:13,26.8,76,2026-05-22 05:52:13.148814
05:51:58,31.4,85,2026-05-22 05:51:58.092849
05:52:03,31.3,46,2026-05-22 05:52:03.111137
05:52:08,35.8,45,2026-05-22 05:52:08.135403
05:52:13,26.8,76,2026-05-22 05:52:13.148814
05:52:18,39.8,86,2026-05-22 05:52:18.171335
05:51:58,31.4,85,2026-05-22 05:51:58.092849
05:52:03,31.3,46,2026-05-22 05:52:03.111137
05:52:08,35.8,45,2026-05-22 05:52:08.135403
05:52:13,26.8,76,2026-05-22 05:52:13.148814
05:52:18,39.8,86,2026-05-22 05:52:18.171335
05:52:23,29.9,52,2026-05-22 05:52:23.196269
05:51:58,31.4,85,2026-05-22 05:51:58.092849
05:52:03,31.3,46,2026-05-22 05:52:03.111137
05:52:08,35.8,45,2026-05-22 05:52:08.135403
05:52:13,26.8,76,2026-05-22 05:52:13.148814
05:52:18,39.8,86,2026-05-22 05:52:18.171335
05:52:23,29.9,52,2026-05-22 05:52:23.196269
05:52:28,32.8,71,2026-05-22 05:52:28.221040
05:51:58,31.4,85,2026-05-22 05:51:58.092849
05:52:03,31.3,46,2026-05-22 05:52:03.111137
05:52:08,35.8,45,2026-05-22 05:52:08.135403
05:52:13,26.8,76,2026-05-22 05:52:13.148814
05:52:18,39.8,86,2026-05-22 05:52:18.171335
05:52:23,29.9,52,2026-05-22 05:52:23.196269
05:52:28,32.8,71,2026-05-22 05:52:28.221040
05:52:33,36.7,83,2026-05-22 05:52:33.243190
05:51:58,31.4,85,2026-05-22 05:51:58.092849
05:52:03,31.3,46,2026-05-22 05:52:03.111137
05:52:08,35.8,45,2026-05-22 05:52:08.135403
05:52:13,26.8,76,2026-05-22 05:52:13.148814
05:52:18,39.8,86,2026-05-22 05:52:18.171335
05:52:23,29.9,52,2026-05-22 05:52:23.196269
05:52:28,32.8,71,2026-05-22 05:52:28.221040
05:52:33,36.7,83,2026-05-22 05:52:33.243190
05:52:38,32.4,84,2026-05-22 05:52:38.257997
05:51:58,31.4,85,2026-05-22 05:51:58.092849
05:52:03,31.3,46,2026-05-22 05:52:03.111137
05:52:08,35.8,45,2026-05-22 05:52:08.135403
05:52:13,26.8,76,2026-05-22 05:52:13.148814
05:52:18,39.8,86,2026-05-22 05:52:18.171335
05:52:23,29.9,52,2026-05-22 05:52:23.196269
05:52:28,32.8,71,2026-05-22 05:52:28.221040
05:52:33,36.7,83,2026-05-22 05:52:33.243190
05:52:38,32.4,84,2026-05-22 05:52:38.257997
05:52:43,38.9,52,2026-05-22 05:52:43.282982
05:51:58,31.4,85,2026-05-22 05:51:58.092849
05:52:03,31.3,46,2026-05-22 05:52:03.111137
05:52:08,35.8,45,2026-05-22 05:52:08.135403
05:52:13,26.8,76,2026-05-22 05:52:13.148814
05:52:18,39.8,86,2026-05-22 05:52:18.171335
05:52:23,29.9,52,2026-05-22 05:52:23.196269
05:52:28,32.8,71,2026-05-22 05:52:28.221040
05:52:33,36.7,83,2026-05-22 05:52:33.243190
05:52:38,32.4,84,2026-05-22 05:52:38.257997
05:52:43,38.9,52,2026-05-22 05:52:43.282982
05:52:48,39.9,87,2026-05-22 05:52:48.316490
05:51:58,31.4,85,2026-05-22 05:51:58.092849
05:52:03,31.3,46,2026-05-22 05:52:03.111137
05:52:08,35.8,45,2026-05-22 05:52:08.135403
05:52:13,26.8,76,2026-05-22 05:52:13.148814
05:52:18,39.8,86,2026-05-22 05:52:18.171335
05:52:23,29.9,52,2026-05-22 05:52:23.196269
05:52:28,32.8,71,2026-05-22 05:52:28.221040
05:52:33,36.7,83,2026-05-22 05:52:33.243190
05:52:38,32.4,84,2026-05-22 05:52:38.257997
05:52:43,38.9,52,2026-05-22 05:52:43.282982
05:52:48,39.9,87,2026-05-22 05:52:48.316490
05:52:53,37.8,58,2026-05-22 05:52:53.339169
05:51:58,31.4,85,2026-05-22 05:51:58.092849
05:52:03,31.3,46,2026-05-22 05:52:03.111137
05:52:08,35.8,45,2026-05-22 05:52:08.135403
05:52:13,26.8,76,2026-05-22 05:52:13.148814
05:52:18,39.8,86,2026-05-22 05:52:18.171335
05:52:23,29.9,52,2026-05-22 05:52:23.196269
05:52:28,32.8,71,2026-05-22 05:52:28.221040
05:52:33,36.7,83,2026-05-22 05:52:33.243190
05:52:38,32.4,84,2026-05-22 05:52:38.257997
05:52:43,38.9,52,2026-05-22 05:52:43.282982
05:52:48,39.9,87,2026-05-22 05:52:48.316490
05:52:53,37.8,58,2026-05-22 05:52:53.339169
05:52:58,32.8,85,2026-05-22 05:52:58.355283
05:51:58,31.4,85,2026-05-22 05:51:58.092849
05:52:03,31.3,46,2026-05-22 05:52:03.111137
05:52:08,35.8,45,2026-05-22 05:52:08.135403
05:52:13,26.8,76,2026-05-22 05:52:13.148814
05:52:18,39.8,86,2026-05-22 05:52:18.171335
05:52:23,29.9,52,2026-05-22 05:52:23.196269
05:52:28,32.8,71,2026-05-22 05:52:28.221040
05:52:33,36.7,83,2026-05-22 05:52:33.243190
05:52:38,32.4,84,2026-05-22 05:52:38.257997
05:52:43,38.9,52,2026-05-22 05:52:43.282982
05:52:48,39.9,87,2026-05-22 05:52:48.316490
05:52:53,37.8,58,2026-05-22 05:52:53.339169
05:52:58,32.8,85,2026-05-22 05:52:58.355283
05:53:03,33.2,59,2026-05-22 05:53:03.369492
05:51:58,31.4,85,2026-05-22 05:51:58.092849
05:52:03,31.3,46,2026-05-22 05:52:03.111137
05:52:08,35.8,45,2026-05-22 05:52:08.135403
05:52:13,26.8,76,2026-05-22 05:52:13.148814
05:52:18,39.8,86,2026-05-22 05:52:18.171335
05:52:23,29.9,52,2026-05-22 05:52:23.196269
05:52:28,32.8,71,2026-05-22 05:52:28.221040
05:52:33,36.7,83,2026-05-22 05:52:33.243190
05:52:38,32.4,84,2026-05-22 05:52:38.257997
05:52:43,38.9,52,2026-05-22 05:52:43.282982
05:52:48,39.9,87,2026-05-22 05:52:48.316490
05:52:53,37.8,58,2026-05-22 05:52:53.339169
05:52:58,32.8,85,2026-05-22 05:52:58.355283
05:53:03,33.2,59,2026-05-22 05:53:03.369492
05:53:08,25.7,48,2026-05-22 05:53:08.389722
05:51:58,31.4,85,2026-05-22 05:51:58.092849
05:52:03,31.3,46,2026-05-22 05:52:03.111137
05:52:08,35.8,45,2026-05-22 05:52:08.135403
05:52:13,26.8,76,2026-05-22 05:52:13.148814
05:52:18,39.8,86,2026-05-22 05:52:18.171335
05:52:23,29.9,52,2026-05-22 05:52:23.196269
05:52:28,32.8,71,2026-05-22 05:52:28.221040
05:52:33,36.7,83,2026-05-22 05:52:33.243190
05:52:38,32.4,84,2026-05-22 05:52:38.257997
05:52:43,38.9,52,2026-05-22 05:52:43.282982
05:52:48,39.9,87,2026-05-22 05:52:48.316490
05:52:53,37.8,58,2026-05-22 05:52:53.339169
05:52:58,32.8,85,2026-05-22 05:52:58.355283
05:53:03,33.2,59,2026-05-22 05:53:03.369492
05:53:08,25.7,48,2026-05-22 05:53:08.389722
05:53:13,38.6,70,2026-05-22 05:53:13.411506
05:51:58,31.4,85,2026-05-22 05:51:58.092849
05:52:03,31.3,46,2026-05-22 05:52:03.111137
05:52:08,35.8,45,2026-05-22 05:52:08.135403
05:52:13,26.8,76,2026-05-22 05:52:13.148814
05:52:18,39.8,86,2026-05-22 05:52:18.171335
05:52:23,29.9,52,2026-05-22 05:52:23.196269
05:52:28,32.8,71,2026-05-22 05:52:28.221040
05:52:33,36.7,83,2026-05-22 05:52:33.243190
05:52:38,32.4,84,2026-05-22 05:52:38.257997
05:52:43,38.9,52,2026-05-22 05:52:43.282982
05:52:48,39.9,87,2026-05-22 05:52:48.316490
05:52:53,37.8,58,2026-05-22 05:52:53.339169
05:52:58,32.8,85,2026-05-22 05:52:58.355283
05:53:03,33.2,59,2026-05-22 05:53:03.369492
05:53:08,25.7,48,2026-05-22 05:53:08.389722
05:53:13,38.6,70,2026-05-22 05:53:13.411506
05:53:18,26.5,62,2026-05-22 05:53:18.481155
05:51:58,31.4,85,2026-05-22 05:51:58.092849
05:52:03,31.3,46,2026-05-22 05:52:03.111137
05:52:08,35.8,45,2026-05-22 05:52:08.135403
05:52:13,26.8,76,2026-05-22 05:52:13.148814
05:52:18,39.8,86,2026-05-22 05:52:18.171335
05:52:23,29.9,52,2026-05-22 05:52:23.196269
05:52:28,32.8,71,2026-05-22 05:52:28.221040
05:52:33,36.7,83,2026-05-22 05:52:33.243190
05:52:38,32.4,84,2026-05-22 05:52:38.257997
05:52:43,38.9,52,2026-05-22 05:52:43.282982
05:52:48,39.9,87,2026-05-22 05:52:48.316490
05:52:53,37.8,58,2026-05-22 05:52:53.339169
05:52:58,32.8,85,2026-05-22 05:52:58.355283
05:53:03,33.2,59,2026-05-22 05:53:03.369492
05:53:08,25.7,48,2026-05-22 05:53:08.389722
05:53:13,38.6,70,2026-05-22 05:53:13.411506
05:53:18,26.5,62,2026-05-22 05:53:18.481155
05:53:23,31.5,44,2026-05-22 05:53:23.511804
05:51:58,31.4,85,2026-05-22 05:51:58.092849
05:52:03,31.3,46,2026-05-22 05:52:03.111137
05:52:08,35.8,45,2026-05-22 05:52:08.135403
05:52:13,26.8,76,2026-05-22 05:52:13.148814
05:52:18,39.8,86,2026-05-22 05:52:18.171335
05:52:23,29.9,52,2026-05-22 05:52:23.196269
05:52:28,32.8,71,2026-05-22 05:52:28.221040
05:52:33,36.7,83,2026-05-22 05:52:33.243190
05:52:38,32.4,84,2026-05-22 05:52:38.257997
05:52:43,38.9,52,2026-05-22 05:52:43.282982
05:52:48,39.9,87,2026-05-22 05:52:48.316490
05:52:53,37.8,58,2026-05-22 05:52:53.339169
05:52:58,32.8,85,2026-05-22 05:52:58.355283
05:53:03,33.2,59,2026-05-22 05:53:03.369492
05:53:08,25.7,48,2026-05-22 05:53:08.389722
05:53:13,38.6,70,2026-05-22 05:53:13.411506
05:53:18,26.5,62,2026-05-22 05:53:18.481155
05:53:23,31.5,44,2026-05-22 05:53:23.511804
05:53:28,31.4,78,2026-05-22 05:53:28.535339
05:51:58,31.4,85,2026-05-22 05:51:58.092849
05:52:03,31.3,46,2026-05-22 05:52:03.111137
05:52:08,35.8,45,2026-05-22 05:52:08.135403
05:52:13,26.8,76,2026-05-22 05:52:13.148814
05:52:18,39.8,86,2026-05-22 05:52:18.171335
05:52:23,29.9,52,2026-05-22 05:52:23.196269
05:52:28,32.8,71,2026-05-22 05:52:28.221040
05:52:33,36.7,83,2026-05-22 05:52:33.243190
05:52:38,32.4,84,2026-05-22 05:52:38.257997
05:52:43,38.9,52,2026-05-22 05:52:43.282982
05:52:48,39.9,87,2026-05-22 05:52:48.316490
05:52:53,37.8,58,2026-05-22 05:52:53.339169
05:52:58,32.8,85,2026-05-22 05:52:58.355283
05:53:03,33.2,59,2026-05-22 05:53:03.369492
05:53:08,25.7,48,2026-05-22 05:53:08.389722
05:53:13,38.6,70,2026-05-22 05:53:13.411506
05:53:18,26.5,62,2026-05-22 05:53:18.481155
05:53:23,31.5,44,2026-05-22 05:53:23.511804
05:53:28,31.4,78,2026-05-22 05:53:28.535339
05:53:33,37.1,47,2026-05-22 05:53:33.557224
05:51:58,31.4,85,2026-05-22 05:51:58.092849
05:52:03,31.3,46,2026-05-22 05:52:03.111137
05:52:08,35.8,45,2026-05-22 05:52:08.135403
05:52:13,26.8,76,2026-05-22 05:52:13.148814
05:52:18,39.8,86,2026-05-22 05:52:18.171335
05:52:23,29.9,52,2026-05-22 05:52:23.196269
05:52:28,32.8,71,2026-05-22 05:52:28.221040
05:52:33,36.7,83,2026-05-22 05:52:33.243190
05:52:38,32.4,84,2026-05-22 05:52:38.257997
05:52:43,38.9,52,2026-05-22 05:52:43.282982
05:52:48,39.9,87,2026-05-22 05:52:48.316490
05:52:53,37.8,58,2026-05-22 05:52:53.339169
05:52:58,32.8,85,2026-05-22 05:52:58.355283
05:53:03,33.2,59,2026-05-22 05:53:03.369492
05:53:08,25.7,48,2026-05-22 05:53:08.389722
05:53:13,38.6,70,2026-05-22 05:53:13.411506
05:53:18,26.5,62,2026-05-22 05:53:18.481155
05:53:23,31.5,44,2026-05-22 05:53:23.511804
05:53:28,31.4,78,2026-05-22 05:53:28.535339
05:53:33,37.1,47,2026-05-22 05:53:33.557224
05:53:38,38.5,70,2026-05-22 05:53:38.579414
05:51:58,31.4,85,2026-05-22 05:51:58.092849
05:52:03,31.3,46,2026-05-22 05:52:03.111137
05:52:08,35.8,45,2026-05-22 05:52:08.135403
05:52:13,26.8,76,2026-05-22 05:52:13.148814
05:52:18,39.8,86,2026-05-22 05:52:18.171335
05:52:23,29.9,52,2026-05-22 05:52:23.196269
05:52:28,32.8,71,2026-05-22 05:52:28.221040
05:52:33,36.7,83,2026-05-22 05:52:33.243190
05:52:38,32.4,84,2026-05-22 05:52:38.257997
05:52:43,38.9,52,2026-05-22 05:52:43.282982
05:52:48,39.9,87,2026-05-22 05:52:48.316490
05:52:53,37.8,58,2026-05-22 05:52:53.339169
05:52:58,32.8,85,2026-05-22 05:52:58.355283
05:53:03,33.2,59,2026-05-22 05:53:03.369492
05:53:08,25.7,48,2026-05-22 05:53:08.389722
05:53:13,38.6,70,2026-05-22 05:53:13.411506
05:53:18,26.5,62,2026-05-22 05:53:18.481155
05:53:23,31.5,44,2026-05-22 05:53:23.511804
05:53:28,31.4,78,2026-05-22 05:53:28.535339
05:53:33,37.1,47,2026-05-22 05:53:33.557224
05:53:38,38.5,70,2026-05-22 05:53:38.579414
05:53:43,36.4,62,2026-05-22 05:53:43.597550
05:51:58,31.4,85,2026-05-22 05:51:58.092849
05:52:03,31.3,46,2026-05-22 05:52:03.111137
05:52:08,35.8,45,2026-05-22 05:52:08.135403
05:52:13,26.8,76,2026-05-22 05:52:13.148814
05:52:18,39.8,86,2026-05-22 05:52:18.171335
05:52:23,29.9,52,2026-05-22 05:52:23.196269
05:52:28,32.8,71,2026-05-22 05:52:28.221040
05:52:33,36.7,83,2026-05-22 05:52:33.243190
05:52:38,32.4,84,2026-05-22 05:52:38.257997
05:52:43,38.9,52,2026-05-22 05:52:43.282982
05:52:48,39.9,87,2026-05-22 05:52:48.316490
05:52:53,37.8,58,2026-05-22 05:52:53.339169
05:52:58,32.8,85,2026-05-22 05:52:58.355283
05:53:03,33.2,59,2026-05-22 05:53:03.369492
05:53:08,25.7,48,2026-05-22 05:53:08.389722
05:53:13,38.6,70,2026-05-22 05:53:13.411506
05:53:18,26.5,62,2026-05-22 05:53:18.481155
05:53:23,31.5,44,2026-05-22 05:53:23.511804
05:53:28,31.4,78,2026-05-22 05:53:28.535339
05:53:33,37.1,47,2026-05-22 05:53:33.557224
05:53:38,38.5,70,2026-05-22 05:53:38.579414
05:53:43,36.4,62,2026-05-22 05:53:43.597550
05:53:48,26.2,67,2026-05-22 05:53:48.612729
05:51:58,31.4,85,2026-05-22 05:51:58.092849
05:52:03,31.3,46,2026-05-22 05:52:03.111137
05:52:08,35.8,45,2026-05-22 05:52:08.135403
05:52:13,26.8,76,2026-05-22 05:52:13.148814
05:52:18,39.8,86,2026-05-22 05:52:18.171335
05:52:23,29.9,52,2026-05-22 05:52:23.196269
05:52:28,32.8,71,2026-05-22 05:52:28.221040
05:52:33,36.7,83,2026-05-22 05:52:33.243190
05:52:38,32.4,84,2026-05-22 05:52:38.257997
05:52:43,38.9,52,2026-05-22 05:52:43.282982
05:52:48,39.9,87,2026-05-22 05:52:48.316490
05:52:53,37.8,58,2026-05-22 05:52:53.339169
05:52:58,32.8,85,2026-05-22 05:52:58.355283
05:53:03,33.2,59,2026-05-22 05:53:03.369492
05:53:08,25.7,48,2026-05-22 05:53:08.389722
05:53:13,38.6,70,2026-05-22 05:53:13.411506
05:53:18,26.5,62,2026-05-22 05:53:18.481155
05:53:23,31.5,44,2026-05-22 05:53:23.511804
05:53:28,31.4,78,2026-05-22 05:53:28.535339
05:53:33,37.1,47,2026-05-22 05:53:33.557224
05:53:38,38.5,70,2026-05-22 05:53:38.579414
05:53:43,36.4,62,2026-05-22 05:53:43.597550
05:53:48,26.2,67,2026-05-22 05:53:48.612729
05:53:53,37.3,55,2026-05-22 05:53:53.630680
05:51:58,31.4,85,2026-05-22 05:51:58.092849
05:52:03,31.3,46,2026-05-22 05:52:03.111137
05:52:08,35.8,45,2026-05-22 05:52:08.135403
05:52:13,26.8,76,2026-05-22 05:52:13.148814
05:52:18,39.8,86,2026-05-22 05:52:18.171335
05:52:23,29.9,52,2026-05-22 05:52:23.196269
05:52:28,32.8,71,2026-05-22 05:52:28.221040
05:52:33,36.7,83,2026-05-22 05:52:33.243190
05:52:38,32.4,84,2026-05-22 05:52:38.257997
05:52:43,38.9,52,2026-05-22 05:52:43.282982
05:52:48,39.9,87,2026-05-22 05:52:48.316490
05:52:53,37.8,58,2026-05-22 05:52:53.339169
05:52:58,32.8,85,2026-05-22 05:52:58.355283
05:53:03,33.2,59,2026-05-22 05:53:03.369492
05:53:08,25.7,48,2026-05-22 05:53:08.389722
05:53:13,38.6,70,2026-05-22 05:53:13.411506
05:53:18,26.5,62,2026-05-22 05:53:18.481155
05:53:23,31.5,44,2026-05-22 05:53:23.511804
05:53:28,31.4,78,2026-05-22 05:53:28.535339
05:53:33,37.1,47,2026-05-22 05:53:33.557224
05:53:38,38.5,70,2026-05-22 05:53:38.579414
05:53:43,36.4,62,2026-05-22 05:53:43.597550
05:53:48,26.2,67,2026-05-22 05:53:48.612729
05:53:53,37.3,55,2026-05-22 05:53:53.630680
05:53:58,38.8,79,2026-05-22 05:53:58.653544
05:51:58,31.4,85,2026-05-22 05:51:58.092849
05:52:03,31.3,46,2026-05-22 05:52:03.111137
05:52:08,35.8,45,2026-05-22 05:52:08.135403
05:52:13,26.8,76,2026-05-22 05:52:13.148814
05:52:18,39.8,86,2026-05-22 05:52:18.171335
05:52:23,29.9,52,2026-05-22 05:52:23.196269
05:52:28,32.8,71,2026-05-22 05:52:28.221040
05:52:33,36.7,83,2026-05-22 05:52:33.243190
05:52:38,32.4,84,2026-05-22 05:52:38.257997
05:52:43,38.9,52,2026-05-22 05:52:43.282982
05:52:48,39.9,87,2026-05-22 05:52:48.316490
05:52:53,37.8,58,2026-05-22 05:52:53.339169
05:52:58,32.8,85,2026-05-22 05:52:58.355283
05:53:03,33.2,59,2026-05-22 05:53:03.369492
05:53:08,25.7,48,2026-05-22 05:53:08.389722
05:53:13,38.6,70,2026-05-22 05:53:13.411506
05:53:18,26.5,62,2026-05-22 05:53:18.481155
05:53:23,31.5,44,2026-05-22 05:53:23.511804
05:53:28,31.4,78,2026-05-22 05:53:28.535339
05:53:33,37.1,47,2026-05-22 05:53:33.557224
05:53:38,38.5,70,2026-05-22 05:53:38.579414
05:53:43,36.4,62,2026-05-22 05:53:43.597550
05:53:48,26.2,67,2026-05-22 05:53:48.612729
05:53:53,37.3,55,2026-05-22 05:53:53.630680
05:53:58,38.8,79,2026-05-22 05:53:58.653544
05:54:03,29.2,63,2026-05-22 05:54:03.670495
05:54:08,35.7,72,2026-05-22 05:54:08.692789
05:54:08,35.7,72,2026-05-22 05:54:08.692789
05:54:13,33.4,50,2026-05-22 05:54:13.707723
05:54:08,35.7,72,2026-05-22 05:54:08.692789
05:54:13,33.4,50,2026-05-22 05:54:13.707723
05:54:18,30.6,68,2026-05-22 05:54:18.726400
05:54:23,38.5,88,2026-05-22 05:54:23.750979
05:54:23,38.5,88,2026-05-22 05:54:23.750979
05:54:28,39.4,82,2026-05-22 05:54:28.765052
05:54:23,38.5,88,2026-05-22 05:54:23.750979
05:54:28,39.4,82,2026-05-22 05:54:28.765052
05:54:33,32.6,87,2026-05-22 05:54:33.779247
05:54:38,34.9,42,2026-05-22 05:54:38.798835
05:54:38,34.9,42,2026-05-22 05:54:38.798835
05:54:43,38.9,56,2026-05-22 05:54:43.814074
05:54:48,25.1,71,2026-05-22 05:54:48.834475
05:54:48,25.1,71,2026-05-22 05:54:48.834475
05:54:53,33.6,47,2026-05-22 05:54:53.855265
05:54:48,25.1,71,2026-05-22 05:54:48.834475
05:54:53,33.6,47,2026-05-22 05:54:53.855265
05:54:58,35.7,70,2026-05-22 05:54:58.878286
05:54:48,25.1,71,2026-05-22 05:54:48.834475
05:54:53,33.6,47,2026-05-22 05:54:53.855265
05:54:58,35.7,70,2026-05-22 05:54:58.878286
05:55:03,37.9,60,2026-05-22 05:55:03.893421
05:54:48,25.1,71,2026-05-22 05:54:48.834475
05:54:53,33.6,47,2026-05-22 05:54:53.855265
05:54:58,35.7,70,2026-05-22 05:54:58.878286
05:55:03,37.9,60,2026-05-22 05:55:03.893421
05:55:08,30.4,74,2026-05-22 05:55:08.908032
05:54:48,25.1,71,2026-05-22 05:54:48.834475
05:54:53,33.6,47,2026-05-22 05:54:53.855265
05:54:58,35.7,70,2026-05-22 05:54:58.878286
05:55:03,37.9,60,2026-05-22 05:55:03.893421
05:55:08,30.4,74,2026-05-22 05:55:08.908032
05:55:13,39.3,60,2026-05-22 05:55:13.924862
05:54:48,25.1,71,2026-05-22 05:54:48.834475
05:54:53,33.6,47,2026-05-22 05:54:53.855265
05:54:58,35.7,70,2026-05-22 05:54:58.878286
05:55:03,37.9,60,2026-05-22 05:55:03.893421
05:55:08,30.4,74,2026-05-22 05:55:08.908032
05:55:13,39.3,60,2026-05-22 05:55:13.924862
05:55:18,37.4,65,2026-05-22 05:55:18.954318
05:54:48,25.1,71,2026-05-22 05:54:48.834475
05:54:53,33.6,47,2026-05-22 05:54:53.855265
05:54:58,35.7,70,2026-05-22 05:54:58.878286
05:55:03,37.9,60,2026-05-22 05:55:03.893421
05:55:08,30.4,74,2026-05-22 05:55:08.908032
05:55:13,39.3,60,2026-05-22 05:55:13.924862
05:55:18,37.4,65,2026-05-22 05:55:18.954318
05:55:23,39.8,64,2026-05-22 05:55:23.978255
05:54:48,25.1,71,2026-05-22 05:54:48.834475
05:54:53,33.6,47,2026-05-22 05:54:53.855265
05:54:58,35.7,70,2026-05-22 05:54:58.878286
05:55:03,37.9,60,2026-05-22 05:55:03.893421
05:55:08,30.4,74,2026-05-22 05:55:08.908032
05:55:13,39.3,60,2026-05-22 05:55:13.924862
05:55:18,37.4,65,2026-05-22 05:55:18.954318
05:55:23,39.8,64,2026-05-22 05:55:23.978255
05:55:28,36.2,47,2026-05-22 05:55:28.996831
05:54:48,25.1,71,2026-05-22 05:54:48.834475
05:54:53,33.6,47,2026-05-22 05:54:53.855265
05:54:58,35.7,70,2026-05-22 05:54:58.878286
05:55:03,37.9,60,2026-05-22 05:55:03.893421
05:55:08,30.4,74,2026-05-22 05:55:08.908032
05:55:13,39.3,60,2026-05-22 05:55:13.924862
05:55:18,37.4,65,2026-05-22 05:55:18.954318
05:55:23,39.8,64,2026-05-22 05:55:23.978255
05:55:28,36.2,47,2026-05-22 05:55:28.996831
05:55:34,36.9,60,2026-05-22 05:55:34.028730
05:54:48,25.1,71,2026-05-22 05:54:48.834475
05:54:53,33.6,47,2026-05-22 05:54:53.855265
05:54:58,35.7,70,2026-05-22 05:54:58.878286
05:55:03,37.9,60,2026-05-22 05:55:03.893421
05:55:08,30.4,74,2026-05-22 05:55:08.908032
05:55:13,39.3,60,2026-05-22 05:55:13.924862
05:55:18,37.4,65,2026-05-22 05:55:18.954318
05:55:23,39.8,64,2026-05-22 05:55:23.978255
05:55:28,36.2,47,2026-05-22 05:55:28.996831
05:55:34,36.9,60,2026-05-22 05:55:34.028730
05:55:39,31.6,50,2026-05-22 05:55:39.057917
05:54:48,25.1,71,2026-05-22 05:54:48.834475
05:54:53,33.6,47,2026-05-22 05:54:53.855265
05:54:58,35.7,70,2026-05-22 05:54:58.878286
05:55:03,37.9,60,2026-05-22 05:55:03.893421
05:55:08,30.4,74,2026-05-22 05:55:08.908032
05:55:13,39.3,60,2026-05-22 05:55:13.924862
05:55:18,37.4,65,2026-05-22 05:55:18.954318
05:55:23,39.8,64,2026-05-22 05:55:23.978255
05:55:28,36.2,47,2026-05-22 05:55:28.996831
05:55:34,36.9,60,2026-05-22 05:55:34.028730
05:55:39,31.6,50,2026-05-22 05:55:39.057917
05:55:44,33.1,76,2026-05-22 05:55:44.144743
05:54:48,25.1,71,2026-05-22 05:54:48.834475
05:54:53,33.6,47,2026-05-22 05:54:53.855265
05:54:58,35.7,70,2026-05-22 05:54:58.878286
05:55:03,37.9,60,2026-05-22 05:55:03.893421
05:55:08,30.4,74,2026-05-22 05:55:08.908032
05:55:13,39.3,60,2026-05-22 05:55:13.924862
05:55:18,37.4,65,2026-05-22 05:55:18.954318
05:55:23,39.8,64,2026-05-22 05:55:23.978255
05:55:28,36.2,47,2026-05-22 05:55:28.996831
05:55:34,36.9,60,2026-05-22 05:55:34.028730
05:55:39,31.6,50,2026-05-22 05:55:39.057917
05:55:44,33.1,76,2026-05-22 05:55:44.144743
05:55:49,28.3,87,2026-05-22 05:55:49.214881
05:54:48,25.1,71,2026-05-22 05:54:48.834475
05:54:53,33.6,47,2026-05-22 05:54:53.855265
05:54:58,35.7,70,2026-05-22 05:54:58.878286
05:55:03,37.9,60,2026-05-22 05:55:03.893421
05:55:08,30.4,74,2026-05-22 05:55:08.908032
05:55:13,39.3,60,2026-05-22 05:55:13.924862
05:55:18,37.4,65,2026-05-22 05:55:18.954318
05:55:23,39.8,64,2026-05-22 05:55:23.978255
05:55:28,36.2,47,2026-05-22 05:55:28.996831
05:55:34,36.9,60,2026-05-22 05:55:34.028730
05:55:39,31.6,50,2026-05-22 05:55:39.057917
05:55:44,33.1,76,2026-05-22 05:55:44.144743
05:55:49,28.3,87,2026-05-22 05:55:49.214881
05:55:54,36.7,62,2026-05-22 05:55:54.231515
05:54:48,25.1,71,2026-05-22 05:54:48.834475
05:54:53,33.6,47,2026-05-22 05:54:53.855265
05:54:58,35.7,70,2026-05-22 05:54:58.878286
05:55:03,37.9,60,2026-05-22 05:55:03.893421
05:55:08,30.4,74,2026-05-22 05:55:08.908032
05:55:13,39.3,60,2026-05-22 05:55:13.924862
05:55:18,37.4,65,2026-05-22 05:55:18.954318
05:55:23,39.8,64,2026-05-22 05:55:23.978255
05:55:28,36.2,47,2026-05-22 05:55:28.996831
05:55:34,36.9,60,2026-05-22 05:55:34.028730
05:55:39,31.6,50,2026-05-22 05:55:39.057917
05:55:44,33.1,76,2026-05-22 05:55:44.144743
05:55:49,28.3,87,2026-05-22 05:55:49.214881
05:55:54,36.7,62,2026-05-22 05:55:54.231515
05:55:59,27.0,42,2026-05-22 05:55:59.247934
05:54:48,25.1,71,2026-05-22 05:54:48.834475
05:54:53,33.6,47,2026-05-22 05:54:53.855265
05:54:58,35.7,70,2026-05-22 05:54:58.878286
05:55:03,37.9,60,2026-05-22 05:55:03.893421
05:55:08,30.4,74,2026-05-22 05:55:08.908032
05:55:13,39.3,60,2026-05-22 05:55:13.924862
05:55:18,37.4,65,2026-05-22 05:55:18.954318
05:55:23,39.8,64,2026-05-22 05:55:23.978255
05:55:28,36.2,47,2026-05-22 05:55:28.996831
05:55:34,36.9,60,2026-05-22 05:55:34.028730
05:55:39,31.6,50,2026-05-22 05:55:39.057917
05:55:44,33.1,76,2026-05-22 05:55:44.144743
05:55:49,28.3,87,2026-05-22 05:55:49.214881
05:55:54,36.7,62,2026-05-22 05:55:54.231515
05:55:59,27.0,42,2026-05-22 05:55:59.247934
05:56:04,34.3,61,2026-05-22 05:56:04.271635
05:54:48,25.1,71,2026-05-22 05:54:48.834475
05:54:53,33.6,47,2026-05-22 05:54:53.855265
05:54:58,35.7,70,2026-05-22 05:54:58.878286
05:55:03,37.9,60,2026-05-22 05:55:03.893421
05:55:08,30.4,74,2026-05-22 05:55:08.908032
05:55:13,39.3,60,2026-05-22 05:55:13.924862
05:55:18,37.4,65,2026-05-22 05:55:18.954318
05:55:23,39.8,64,2026-05-22 05:55:23.978255
05:55:28,36.2,47,2026-05-22 05:55:28.996831
05:55:34,36.9,60,2026-05-22 05:55:34.028730
05:55:39,31.6,50,2026-05-22 05:55:39.057917
05:55:44,33.1,76,2026-05-22 05:55:44.144743
05:55:49,28.3,87,2026-05-22 05:55:49.214881
05:55:54,36.7,62,2026-05-22 05:55:54.231515
05:55:59,27.0,42,2026-05-22 05:55:59.247934
05:56:04,34.3,61,2026-05-22 05:56:04.271635
05:56:09,35.6,89,2026-05-22 05:56:09.300178
05:54:48,25.1,71,2026-05-22 05:54:48.834475
05:54:53,33.6,47,2026-05-22 05:54:53.855265
05:54:58,35.7,70,2026-05-22 05:54:58.878286
05:55:03,37.9,60,2026-05-22 05:55:03.893421
05:55:08,30.4,74,2026-05-22 05:55:08.908032
05:55:13,39.3,60,2026-05-22 05:55:13.924862
05:55:18,37.4,65,2026-05-22 05:55:18.954318
05:55:23,39.8,64,2026-05-22 05:55:23.978255
05:55:28,36.2,47,2026-05-22 05:55:28.996831
05:55:34,36.9,60,2026-05-22 05:55:34.028730
05:55:39,31.6,50,2026-05-22 05:55:39.057917
05:55:44,33.1,76,2026-05-22 05:55:44.144743
05:55:49,28.3,87,2026-05-22 05:55:49.214881
05:55:54,36.7,62,2026-05-22 05:55:54.231515
05:55:59,27.0,42,2026-05-22 05:55:59.247934
05:56:04,34.3,61,2026-05-22 05:56:04.271635
05:56:09,35.6,89,2026-05-22 05:56:09.300178
05:56:14,26.0,68,2026-05-22 05:56:14.313126
05:54:48,25.1,71,2026-05-22 05:54:48.834475
05:54:53,33.6,47,2026-05-22 05:54:53.855265
05:54:58,35.7,70,2026-05-22 05:54:58.878286
05:55:03,37.9,60,2026-05-22 05:55:03.893421
05:55:08,30.4,74,2026-05-22 05:55:08.908032
05:55:13,39.3,60,2026-05-22 05:55:13.924862
05:55:18,37.4,65,2026-05-22 05:55:18.954318
05:55:23,39.8,64,2026-05-22 05:55:23.978255
05:55:28,36.2,47,2026-05-22 05:55:28.996831
05:55:34,36.9,60,2026-05-22 05:55:34.028730
05:55:39,31.6,50,2026-05-22 05:55:39.057917
05:55:44,33.1,76,2026-05-22 05:55:44.144743
05:55:49,28.3,87,2026-05-22 05:55:49.214881
05:55:54,36.7,62,2026-05-22 05:55:54.231515
05:55:59,27.0,42,2026-05-22 05:55:59.247934
05:56:04,34.3,61,2026-05-22 05:56:04.271635
05:56:09,35.6,89,2026-05-22 05:56:09.300178
05:56:14,26.0,68,2026-05-22 05:56:14.313126
05:56:19,27.9,61,2026-05-22 05:56:19.326540
05:54:48,25.1,71,2026-05-22 05:54:48.834475
05:54:53,33.6,47,2026-05-22 05:54:53.855265
05:54:58,35.7,70,2026-05-22 05:54:58.878286
05:55:03,37.9,60,2026-05-22 05:55:03.893421
05:55:08,30.4,74,2026-05-22 05:55:08.908032
05:55:13,39.3,60,2026-05-22 05:55:13.924862
05:55:18,37.4,65,2026-05-22 05:55:18.954318
05:55:23,39.8,64,2026-05-22 05:55:23.978255
05:55:28,36.2,47,2026-05-22 05:55:28.996831
05:55:34,36.9,60,2026-05-22 05:55:34.028730
05:55:39,31.6,50,2026-05-22 05:55:39.057917
05:55:44,33.1,76,2026-05-22 05:55:44.144743
05:55:49,28.3,87,2026-05-22 05:55:49.214881
05:55:54,36.7,62,2026-05-22 05:55:54.231515
05:55:59,27.0,42,2026-05-22 05:55:59.247934
05:56:04,34.3,61,2026-05-22 05:56:04.271635
05:56:09,35.6,89,2026-05-22 05:56:09.300178
05:56:14,26.0,68,2026-05-22 05:56:14.313126
05:56:19,27.9,61,2026-05-22 05:56:19.326540
05:56:24,34.8,50,2026-05-22 05:56:24.343560
05:54:48,25.1,71,2026-05-22 05:54:48.834475
05:54:53,33.6,47,2026-05-22 05:54:53.855265
05:54:58,35.7,70,2026-05-22 05:54:58.878286
05:55:03,37.9,60,2026-05-22 05:55:03.893421
05:55:08,30.4,74,2026-05-22 05:55:08.908032
05:55:13,39.3,60,2026-05-22 05:55:13.924862
05:55:18,37.4,65,2026-05-22 05:55:18.954318
05:55:23,39.8,64,2026-05-22 05:55:23.978255
05:55:28,36.2,47,2026-05-22 05:55:28.996831
05:55:34,36.9,60,2026-05-22 05:55:34.028730
05:55:39,31.6,50,2026-05-22 05:55:39.057917
05:55:44,33.1,76,2026-05-22 05:55:44.144743
05:55:49,28.3,87,2026-05-22 05:55:49.214881
05:55:54,36.7,62,2026-05-22 05:55:54.231515
05:55:59,27.0,42,2026-05-22 05:55:59.247934
05:56:04,34.3,61,2026-05-22 05:56:04.271635
05:56:09,35.6,89,2026-05-22 05:56:09.300178
05:56:14,26.0,68,2026-05-22 05:56:14.313126
05:56:19,27.9,61,2026-05-22 05:56:19.326540
05:56:24,34.8,50,2026-05-22 05:56:24.343560
05:56:29,27.7,47,2026-05-22 05:56:29.369510
05:54:48,25.1,71,2026-05-22 05:54:48.834475
05:54:53,33.6,47,2026-05-22 05:54:53.855265
05:54:58,35.7,70,2026-05-22 05:54:58.878286
05:55:03,37.9,60,2026-05-22 05:55:03.893421
05:55:08,30.4,74,2026-05-22 05:55:08.908032
05:55:13,39.3,60,2026-05-22 05:55:13.924862
05:55:18,37.4,65,2026-05-22 05:55:18.954318
05:55:23,39.8,64,2026-05-22 05:55:23.978255
05:55:28,36.2,47,2026-05-22 05:55:28.996831
05:55:34,36.9,60,2026-05-22 05:55:34.028730
05:55:39,31.6,50,2026-05-22 05:55:39.057917
05:55:44,33.1,76,2026-05-22 05:55:44.144743
05:55:49,28.3,87,2026-05-22 05:55:49.214881
05:55:54,36.7,62,2026-05-22 05:55:54.231515
05:55:59,27.0,42,2026-05-22 05:55:59.247934
05:56:04,34.3,61,2026-05-22 05:56:04.271635
05:56:09,35.6,89,2026-05-22 05:56:09.300178
05:56:14,26.0,68,2026-05-22 05:56:14.313126
05:56:19,27.9,61,2026-05-22 05:56:19.326540
05:56:24,34.8,50,2026-05-22 05:56:24.343560
05:56:29,27.7,47,2026-05-22 05:56:29.369510
05:56:34,32.8,85,2026-05-22 05:56:34.393670
05:56:39,26.7,49,2026-05-22 05:56:39.426077
05:56:39,26.7,49,2026-05-22 05:56:39.426077
05:56:44,27.6,67,2026-05-22 05:56:44.443928
05:56:39,26.7,49,2026-05-22 05:56:39.426077
05:56:44,27.6,67,2026-05-22 05:56:44.443928
05:56:49,35.4,88,2026-05-22 05:56:49.457946
05:56:54,31.6,82,2026-05-22 05:56:54.477181
05:56:54,31.6,82,2026-05-22 05:56:54.477181
05:56:59,35.1,68,2026-05-22 05:56:59.492347
05:56:54,31.6,82,2026-05-22 05:56:54.477181
05:56:59,35.1,68,2026-05-22 05:56:59.492347
05:57:04,32.2,68,2026-05-22 05:57:04.512774
05:57:09,36.2,43,2026-05-22 05:57:09.550046
05:57:09,36.2,43,2026-05-22 05:57:09.550046
05:57:14,37.7,72,2026-05-22 05:57:14.582055
05:57:09,36.2,43,2026-05-22 05:57:09.550046
05:57:14,37.7,72,2026-05-22 05:57:14.582055
05:57:19,33.2,81,2026-05-22 05:57:19.601663
05:57:24,26.6,44,2026-05-22 05:57:24.628353
05:57:24,26.6,44,2026-05-22 05:57:24.628353
05:57:29,38.8,58,2026-05-22 05:57:29.647673
05:57:24,26.6,44,2026-05-22 05:57:24.628353
05:57:29,38.8,58,2026-05-22 05:57:29.647673
05:57:34,29.1,84,2026-05-22 05:57:34.671647
05:57:24,26.6,44,2026-05-22 05:57:24.628353
05:57:29,38.8,58,2026-05-22 05:57:29.647673
05:57:34,29.1,84,2026-05-22 05:57:34.671647
05:57:39,29.3,86,2026-05-22 05:57:39.694608
05:57:24,26.6,44,2026-05-22 05:57:24.628353
05:57:29,38.8,58,2026-05-22 05:57:29.647673
05:57:34,29.1,84,2026-05-22 05:57:34.671647
05:57:39,29.3,86,2026-05-22 05:57:39.694608
05:57:44,38.5,41,2026-05-22 05:57:44.712413
05:57:24,26.6,44,2026-05-22 05:57:24.628353
05:57:29,38.8,58,2026-05-22 05:57:29.647673
05:57:34,29.1,84,2026-05-22 05:57:34.671647
05:57:39,29.3,86,2026-05-22 05:57:39.694608
05:57:44,38.5,41,2026-05-22 05:57:44.712413
05:57:49,25.9,48,2026-05-22 05:57:49.728997
05:57:24,26.6,44,2026-05-22 05:57:24.628353
05:57:29,38.8,58,2026-05-22 05:57:29.647673
05:57:34,29.1,84,2026-05-22 05:57:34.671647
05:57:39,29.3,86,2026-05-22 05:57:39.694608
05:57:44,38.5,41,2026-05-22 05:57:44.712413
05:57:49,25.9,48,2026-05-22 05:57:49.728997
05:57:54,26.9,46,2026-05-22 05:57:54.750274
05:57:24,26.6,44,2026-05-22 05:57:24.628353
05:57:29,38.8,58,2026-05-22 05:57:29.647673
05:57:34,29.1,84,2026-05-22 05:57:34.671647
05:57:39,29.3,86,2026-05-22 05:57:39.694608
05:57:44,38.5,41,2026-05-22 05:57:44.712413
05:57:49,25.9,48,2026-05-22 05:57:49.728997
05:57:54,26.9,46,2026-05-22 05:57:54.750274
05:57:59,36.5,45,2026-05-22 05:57:59.771170
05:57:24,26.6,44,2026-05-22 05:57:24.628353
05:57:29,38.8,58,2026-05-22 05:57:29.647673
05:57:34,29.1,84,2026-05-22 05:57:34.671647
05:57:39,29.3,86,2026-05-22 05:57:39.694608
05:57:44,38.5,41,2026-05-22 05:57:44.712413
05:57:49,25.9,48,2026-05-22 05:57:49.728997
05:57:54,26.9,46,2026-05-22 05:57:54.750274
05:57:59,36.5,45,2026-05-22 05:57:59.771170
05:58:04,33.7,54,2026-05-22 05:58:04.790248
05:57:24,26.6,44,2026-05-22 05:57:24.628353
05:57:29,38.8,58,2026-05-22 05:57:29.647673
05:57:34,29.1,84,2026-05-22 05:57:34.671647
05:57:39,29.3,86,2026-05-22 05:57:39.694608
05:57:44,38.5,41,2026-05-22 05:57:44.712413
05:57:49,25.9,48,2026-05-22 05:57:49.728997
05:57:54,26.9,46,2026-05-22 05:57:54.750274
05:57:59,36.5,45,2026-05-22 05:57:59.771170
05:58:04,33.7,54,2026-05-22 05:58:04.790248
05:58:09,37.3,65,2026-05-22 05:58:09.806575
05:57:24,26.6,44,2026-05-22 05:57:24.628353
05:57:29,38.8,58,2026-05-22 05:57:29.647673
05:57:34,29.1,84,2026-05-22 05:57:34.671647
05:57:39,29.3,86,2026-05-22 05:57:39.694608
05:57:44,38.5,41,2026-05-22 05:57:44.712413
05:57:49,25.9,48,2026-05-22 05:57:49.728997
05:57:54,26.9,46,2026-05-22 05:57:54.750274
05:57:59,36.5,45,2026-05-22 05:57:59.771170
05:58:04,33.7,54,2026-05-22 05:58:04.790248
05:58:09,37.3,65,2026-05-22 05:58:09.806575
05:58:14,38.5,90,2026-05-22 05:58:14.822359
05:57:24,26.6,44,2026-05-22 05:57:24.628353
05:57:29,38.8,58,2026-05-22 05:57:29.647673
05:57:34,29.1,84,2026-05-22 05:57:34.671647
05:57:39,29.3,86,2026-05-22 05:57:39.694608
05:57:44,38.5,41,2026-05-22 05:57:44.712413
05:57:49,25.9,48,2026-05-22 05:57:49.728997
05:57:54,26.9,46,2026-05-22 05:57:54.750274
05:57:59,36.5,45,2026-05-22 05:57:59.771170
05:58:04,33.7,54,2026-05-22 05:58:04.790248
05:58:09,37.3,65,2026-05-22 05:58:09.806575
05:58:14,38.5,90,2026-05-22 05:58:14.822359
05:58:19,26.5,40,2026-05-22 05:58:19.900916
05:58:24,26.1,78,2026-05-22 05:58:24.931425
05:58:24,26.1,78,2026-05-22 05:58:24.931425
05:58:29,29.2,89,2026-05-22 05:58:29.947987
05:58:24,26.1,78,2026-05-22 05:58:24.931425
05:58:29,29.2,89,2026-05-22 05:58:29.947987
05:58:34,34.8,43,2026-05-22 05:58:34.964838
05:58:24,26.1,78,2026-05-22 05:58:24.931425
05:58:29,29.2,89,2026-05-22 05:58:29.947987
05:58:34,34.8,43,2026-05-22 05:58:34.964838
05:58:39,34.5,56,2026-05-22 05:58:39.981275
05:58:24,26.1,78,2026-05-22 05:58:24.931425
05:58:29,29.2,89,2026-05-22 05:58:29.947987
05:58:34,34.8,43,2026-05-22 05:58:34.964838
05:58:39,34.5,56,2026-05-22 05:58:39.981275
05:58:44,26.5,72,2026-05-22 05:58:44.997697
05:58:24,26.1,78,2026-05-22 05:58:24.931425
05:58:29,29.2,89,2026-05-22 05:58:29.947987
05:58:34,34.8,43,2026-05-22 05:58:34.964838
05:58:39,34.5,56,2026-05-22 05:58:39.981275
05:58:44,26.5,72,2026-05-22 05:58:44.997697
05:58:50,30.9,85,2026-05-22 05:58:50.015412
05:58:24,26.1,78,2026-05-22 05:58:24.931425
05:58:29,29.2,89,2026-05-22 05:58:29.947987
05:58:34,34.8,43,2026-05-22 05:58:34.964838
05:58:39,34.5,56,2026-05-22 05:58:39.981275
05:58:44,26.5,72,2026-05-22 05:58:44.997697
05:58:50,30.9,85,2026-05-22 05:58:50.015412
05:58:55,35.8,53,2026-05-22 05:58:55.031146
05:58:24,26.1,78,2026-05-22 05:58:24.931425
05:58:29,29.2,89,2026-05-22 05:58:29.947987
05:58:34,34.8,43,2026-05-22 05:58:34.964838
05:58:39,34.5,56,2026-05-22 05:58:39.981275
05:58:44,26.5,72,2026-05-22 05:58:44.997697
05:58:50,30.9,85,2026-05-22 05:58:50.015412
05:58:55,35.8,53,2026-05-22 05:58:55.031146
05:59:00,31.4,42,2026-05-22 05:59:00.043723
05:58:24,26.1,78,2026-05-22 05:58:24.931425
05:58:29,29.2,89,2026-05-22 05:58:29.947987
05:58:34,34.8,43,2026-05-22 05:58:34.964838
05:58:39,34.5,56,2026-05-22 05:58:39.981275
05:58:44,26.5,72,2026-05-22 05:58:44.997697
05:58:50,30.9,85,2026-05-22 05:58:50.015412
05:58:55,35.8,53,2026-05-22 05:58:55.031146
05:59:00,31.4,42,2026-05-22 05:59:00.043723
05:59:05,28.8,48,2026-05-22 05:59:05.059949
05:59:10,27.1,90,2026-05-22 05:59:10.085892
05:59:10,27.1,90,2026-05-22 05:59:10.085892
05:59:15,30.6,83,2026-05-22 05:59:15.109547
05:59:10,27.1,90,2026-05-22 05:59:10.085892
05:59:15,30.6,83,2026-05-22 05:59:15.109547
05:59:20,33.1,58,2026-05-22 05:59:20.123668
05:59:10,27.1,90,2026-05-22 05:59:10.085892
05:59:15,30.6,83,2026-05-22 05:59:15.109547
05:59:20,33.1,58,2026-05-22 05:59:20.123668
05:59:25,36.4,50,2026-05-22 05:59:25.136932
05:59:10,27.1,90,2026-05-22 05:59:10.085892
05:59:15,30.6,83,2026-05-22 05:59:15.109547
05:59:20,33.1,58,2026-05-22 05:59:20.123668
05:59:25,36.4,50,2026-05-22 05:59:25.136932
05:59:30,37.3,68,2026-05-22 05:59:30.152039
05:59:10,27.1,90,2026-05-22 05:59:10.085892
05:59:15,30.6,83,2026-05-22 05:59:15.109547
05:59:20,33.1,58,2026-05-22 05:59:20.123668
05:59:25,36.4,50,2026-05-22 05:59:25.136932
05:59:30,37.3,68,2026-05-22 05:59:30.152039
05:59:35,37.6,73,2026-05-22 05:59:35.173476
05:59:10,27.1,90,2026-05-22 05:59:10.085892
05:59:15,30.6,83,2026-05-22 05:59:15.109547
05:59:20,33.1,58,2026-05-22 05:59:20.123668
05:59:25,36.4,50,2026-05-22 05:59:25.136932
05:59:30,37.3,68,2026-05-22 05:59:30.152039
05:59:35,37.6,73,2026-05-22 05:59:35.173476
05:59:40,25.2,45,2026-05-22 05:59:40.202495
05:59:10,27.1,90,2026-05-22 05:59:10.085892
05:59:15,30.6,83,2026-05-22 05:59:15.109547
05:59:20,33.1,58,2026-05-22 05:59:20.123668
05:59:25,36.4,50,2026-05-22 05:59:25.136932
05:59:30,37.3,68,2026-05-22 05:59:30.152039
05:59:35,37.6,73,2026-05-22 05:59:35.173476
05:59:40,25.2,45,2026-05-22 05:59:40.202495
05:59:45,27.2,52,2026-05-22 05:59:45.232217
05:59:10,27.1,90,2026-05-22 05:59:10.085892
05:59:15,30.6,83,2026-05-22 05:59:15.109547
05:59:20,33.1,58,2026-05-22 05:59:20.123668
05:59:25,36.4,50,2026-05-22 05:59:25.136932
05:59:30,37.3,68,2026-05-22 05:59:30.152039
05:59:35,37.6,73,2026-05-22 05:59:35.173476
05:59:40,25.2,45,2026-05-22 05:59:40.202495
05:59:45,27.2,52,2026-05-22 05:59:45.232217
05:59:50,30.0,90,2026-05-22 05:59:50.255261
05:59:10,27.1,90,2026-05-22 05:59:10.085892
05:59:15,30.6,83,2026-05-22 05:59:15.109547
05:59:20,33.1,58,2026-05-22 05:59:20.123668
05:59:25,36.4,50,2026-05-22 05:59:25.136932
05:59:30,37.3,68,2026-05-22 05:59:30.152039
05:59:35,37.6,73,2026-05-22 05:59:35.173476
05:59:40,25.2,45,2026-05-22 05:59:40.202495
05:59:45,27.2,52,2026-05-22 05:59:45.232217
05:59:50,30.0,90,2026-05-22 05:59:50.255261
05:59:55,31.4,50,2026-05-22 05:59:55.275134
05:59:10,27.1,90,2026-05-22 05:59:10.085892
05:59:15,30.6,83,2026-05-22 05:59:15.109547
05:59:20,33.1,58,2026-05-22 05:59:20.123668
05:59:25,36.4,50,2026-05-22 05:59:25.136932
05:59:30,37.3,68,2026-05-22 05:59:30.152039
05:59:35,37.6,73,2026-05-22 05:59:35.173476
05:59:40,25.2,45,2026-05-22 05:59:40.202495
05:59:45,27.2,52,2026-05-22 05:59:45.232217
05:59:50,30.0,90,2026-05-22 05:59:50.255261
05:59:55,31.4,50,2026-05-22 05:59:55.275134
06:00:00,39.6,66,2026-05-22 06:00:00.291964
05:59:10,27.1,90,2026-05-22 05:59:10.085892
05:59:15,30.6,83,2026-05-22 05:59:15.109547
05:59:20,33.1,58,2026-05-22 05:59:20.123668
05:59:25,36.4,50,2026-05-22 05:59:25.136932
05:59:30,37.3,68,2026-05-22 05:59:30.152039
05:59:35,37.6,73,2026-05-22 05:59:35.173476
05:59:40,25.2,45,2026-05-22 05:59:40.202495
05:59:45,27.2,52,2026-05-22 05:59:45.232217
05:59:50,30.0,90,2026-05-22 05:59:50.255261
05:59:55,31.4,50,2026-05-22 05:59:55.275134
06:00:00,39.6,66,2026-05-22 06:00:00.291964
06:00:05,29.0,49,2026-05-22 06:00:05.308853
05:59:10,27.1,90,2026-05-22 05:59:10.085892
05:59:15,30.6,83,2026-05-22 05:59:15.109547
05:59:20,33.1,58,2026-05-22 05:59:20.123668
05:59:25,36.4,50,2026-05-22 05:59:25.136932
05:59:30,37.3,68,2026-05-22 05:59:30.152039
05:59:35,37.6,73,2026-05-22 05:59:35.173476
05:59:40,25.2,45,2026-05-22 05:59:40.202495
05:59:45,27.2,52,2026-05-22 05:59:45.232217
05:59:50,30.0,90,2026-05-22 05:59:50.255261
05:59:55,31.4,50,2026-05-22 05:59:55.275134
06:00:00,39.6,66,2026-05-22 06:00:00.291964
06:00:05,29.0,49,2026-05-22 06:00:05.308853
06:00:10,29.4,88,2026-05-22 06:00:10.324265
05:59:10,27.1,90,2026-05-22 05:59:10.085892
05:59:15,30.6,83,2026-05-22 05:59:15.109547
05:59:20,33.1,58,2026-05-22 05:59:20.123668
05:59:25,36.4,50,2026-05-22 05:59:25.136932
05:59:30,37.3,68,2026-05-22 05:59:30.152039
05:59:35,37.6,73,2026-05-22 05:59:35.173476
05:59:40,25.2,45,2026-05-22 05:59:40.202495
05:59:45,27.2,52,2026-05-22 05:59:45.232217
05:59:50,30.0,90,2026-05-22 05:59:50.255261
05:59:55,31.4,50,2026-05-22 05:59:55.275134
06:00:00,39.6,66,2026-05-22 06:00:00.291964
06:00:05,29.0,49,2026-05-22 06:00:05.308853
06:00:10,29.4,88,2026-05-22 06:00:10.324265
06:00:15,37.1,68,2026-05-22 06:00:15.343061
05:59:10,27.1,90,2026-05-22 05:59:10.085892
05:59:15,30.6,83,2026-05-22 05:59:15.109547
05:59:20,33.1,58,2026-05-22 05:59:20.123668
05:59:25,36.4,50,2026-05-22 05:59:25.136932
05:59:30,37.3,68,2026-05-22 05:59:30.152039
05:59:35,37.6,73,2026-05-22 05:59:35.173476
05:59:40,25.2,45,2026-05-22 05:59:40.202495
05:59:45,27.2,52,2026-05-22 05:59:45.232217
05:59:50,30.0,90,2026-05-22 05:59:50.255261
05:59:55,31.4,50,2026-05-22 05:59:55.275134
06:00:00,39.6,66,2026-05-22 06:00:00.291964
06:00:05,29.0,49,2026-05-22 06:00:05.308853
06:00:10,29.4,88,2026-05-22 06:00:10.324265
06:00:15,37.1,68,2026-05-22 06:00:15.343061
06:00:20,36.8,86,2026-05-22 06:00:20.363490
05:59:10,27.1,90,2026-05-22 05:59:10.085892
05:59:15,30.6,83,2026-05-22 05:59:15.109547
05:59:20,33.1,58,2026-05-22 05:59:20.123668
05:59:25,36.4,50,2026-05-22 05:59:25.136932
05:59:30,37.3,68,2026-05-22 05:59:30.152039
05:59:35,37.6,73,2026-05-22 05:59:35.173476
05:59:40,25.2,45,2026-05-22 05:59:40.202495
05:59:45,27.2,52,2026-05-22 05:59:45.232217
05:59:50,30.0,90,2026-05-22 05:59:50.255261
05:59:55,31.4,50,2026-05-22 05:59:55.275134
06:00:00,39.6,66,2026-05-22 06:00:00.291964
06:00:05,29.0,49,2026-05-22 06:00:05.308853
06:00:10,29.4,88,2026-05-22 06:00:10.324265
06:00:15,37.1,68,2026-05-22 06:00:15.343061
06:00:20,36.8,86,2026-05-22 06:00:20.363490
06:00:25,31.4,74,2026-05-22 06:00:25.380825
05:59:10,27.1,90,2026-05-22 05:59:10.085892
05:59:15,30.6,83,2026-05-22 05:59:15.109547
05:59:20,33.1,58,2026-05-22 05:59:20.123668
05:59:25,36.4,50,2026-05-22 05:59:25.136932
05:59:30,37.3,68,2026-05-22 05:59:30.152039
05:59:35,37.6,73,2026-05-22 05:59:35.173476
05:59:40,25.2,45,2026-05-22 05:59:40.202495
05:59:45,27.2,52,2026-05-22 05:59:45.232217
05:59:50,30.0,90,2026-05-22 05:59:50.255261
05:59:55,31.4,50,2026-05-22 05:59:55.275134
06:00:00,39.6,66,2026-05-22 06:00:00.291964
06:00:05,29.0,49,2026-05-22 06:00:05.308853
06:00:10,29.4,88,2026-05-22 06:00:10.324265
06:00:15,37.1,68,2026-05-22 06:00:15.343061
06:00:20,36.8,86,2026-05-22 06:00:20.363490
06:00:25,31.4,74,2026-05-22 06:00:25.380825
06:00:30,35.3,57,2026-05-22 06:00:30.394645
05:59:10,27.1,90,2026-05-22 05:59:10.085892
05:59:15,30.6,83,2026-05-22 05:59:15.109547
05:59:20,33.1,58,2026-05-22 05:59:20.123668
05:59:25,36.4,50,2026-05-22 05:59:25.136932
05:59:30,37.3,68,2026-05-22 05:59:30.152039
05:59:35,37.6,73,2026-05-22 05:59:35.173476
05:59:40,25.2,45,2026-05-22 05:59:40.202495
05:59:45,27.2,52,2026-05-22 05:59:45.232217
05:59:50,30.0,90,2026-05-22 05:59:50.255261
05:59:55,31.4,50,2026-05-22 05:59:55.275134
06:00:00,39.6,66,2026-05-22 06:00:00.291964
06:00:05,29.0,49,2026-05-22 06:00:05.308853
06:00:10,29.4,88,2026-05-22 06:00:10.324265
06:00:15,37.1,68,2026-05-22 06:00:15.343061
06:00:20,36.8,86,2026-05-22 06:00:20.363490
06:00:25,31.4,74,2026-05-22 06:00:25.380825
06:00:30,35.3,57,2026-05-22 06:00:30.394645
06:00:35,31.4,53,2026-05-22 06:00:35.407902
06:00:40,31.4,60,2026-05-22 06:00:40.428162
06:00:45,26.5,76,2026-05-22 06:00:45.449563
06:00:45,26.5,76,2026-05-22 06:00:45.449563
06:00:50,36.2,63,2026-05-22 06:00:50.464781
06:00:45,26.5,76,2026-05-22 06:00:45.449563
06:00:50,36.2,63,2026-05-22 06:00:50.464781
06:00:55,39.4,45,2026-05-22 06:00:55.478953
06:00:45,26.5,76,2026-05-22 06:00:45.449563
06:00:50,36.2,63,2026-05-22 06:00:50.464781
06:00:55,39.4,45,2026-05-22 06:00:55.478953
06:01:00,26.0,79,2026-05-22 06:01:00.504934
06:00:45,26.5,76,2026-05-22 06:00:45.449563
06:00:50,36.2,63,2026-05-22 06:00:50.464781
06:00:55,39.4,45,2026-05-22 06:00:55.478953
06:01:00,26.0,79,2026-05-22 06:01:00.504934
06:01:05,38.9,72,2026-05-22 06:01:05.520796
06:00:45,26.5,76,2026-05-22 06:00:45.449563
06:00:50,36.2,63,2026-05-22 06:00:50.464781
06:00:55,39.4,45,2026-05-22 06:00:55.478953
06:01:00,26.0,79,2026-05-22 06:01:00.504934
06:01:05,38.9,72,2026-05-22 06:01:05.520796
06:01:10,39.8,40,2026-05-22 06:01:10.536255
06:00:45,26.5,76,2026-05-22 06:00:45.449563
06:00:50,36.2,63,2026-05-22 06:00:50.464781
06:00:55,39.4,45,2026-05-22 06:00:55.478953
06:01:00,26.0,79,2026-05-22 06:01:00.504934
06:01:05,38.9,72,2026-05-22 06:01:05.520796
06:01:10,39.8,40,2026-05-22 06:01:10.536255
06:01:15,34.8,81,2026-05-22 06:01:15.557102
06:00:45,26.5,76,2026-05-22 06:00:45.449563
06:00:50,36.2,63,2026-05-22 06:00:50.464781
06:00:55,39.4,45,2026-05-22 06:00:55.478953
06:01:00,26.0,79,2026-05-22 06:01:00.504934
06:01:05,38.9,72,2026-05-22 06:01:05.520796
06:01:10,39.8,40,2026-05-22 06:01:10.536255
06:01:15,34.8,81,2026-05-22 06:01:15.557102
06:01:20,33.3,61,2026-05-22 06:01:20.582080
06:00:45,26.5,76,2026-05-22 06:00:45.449563
06:00:50,36.2,63,2026-05-22 06:00:50.464781
06:00:55,39.4,45,2026-05-22 06:00:55.478953
06:01:00,26.0,79,2026-05-22 06:01:00.504934
06:01:05,38.9,72,2026-05-22 06:01:05.520796
06:01:10,39.8,40,2026-05-22 06:01:10.536255
06:01:15,34.8,81,2026-05-22 06:01:15.557102
06:01:20,33.3,61,2026-05-22 06:01:20.582080
06:01:25,26.6,90,2026-05-22 06:01:25.601968
06:00:45,26.5,76,2026-05-22 06:00:45.449563
06:00:50,36.2,63,2026-05-22 06:00:50.464781
06:00:55,39.4,45,2026-05-22 06:00:55.478953
06:01:00,26.0,79,2026-05-22 06:01:00.504934
06:01:05,38.9,72,2026-05-22 06:01:05.520796
06:01:10,39.8,40,2026-05-22 06:01:10.536255
06:01:15,34.8,81,2026-05-22 06:01:15.557102
06:01:20,33.3,61,2026-05-22 06:01:20.582080
06:01:25,26.6,90,2026-05-22 06:01:25.601968
06:01:30,31.1,90,2026-05-22 06:01:30.619195
06:00:45,26.5,76,2026-05-22 06:00:45.449563
06:00:50,36.2,63,2026-05-22 06:00:50.464781
06:00:55,39.4,45,2026-05-22 06:00:55.478953
06:01:00,26.0,79,2026-05-22 06:01:00.504934
06:01:05,38.9,72,2026-05-22 06:01:05.520796
06:01:10,39.8,40,2026-05-22 06:01:10.536255
06:01:15,34.8,81,2026-05-22 06:01:15.557102
06:01:20,33.3,61,2026-05-22 06:01:20.582080
06:01:25,26.6,90,2026-05-22 06:01:25.601968
06:01:30,31.1,90,2026-05-22 06:01:30.619195
06:01:35,34.1,84,2026-05-22 06:01:35.639239
06:00:45,26.5,76,2026-05-22 06:00:45.449563
06:00:50,36.2,63,2026-05-22 06:00:50.464781
06:00:55,39.4,45,2026-05-22 06:00:55.478953
06:01:00,26.0,79,2026-05-22 06:01:00.504934
06:01:05,38.9,72,2026-05-22 06:01:05.520796
06:01:10,39.8,40,2026-05-22 06:01:10.536255
06:01:15,34.8,81,2026-05-22 06:01:15.557102
06:01:20,33.3,61,2026-05-22 06:01:20.582080
06:01:25,26.6,90,2026-05-22 06:01:25.601968
06:01:30,31.1,90,2026-05-22 06:01:30.619195
06:01:35,34.1,84,2026-05-22 06:01:35.639239
06:01:40,28.3,73,2026-05-22 06:01:40.661105
06:00:45,26.5,76,2026-05-22 06:00:45.449563
06:00:50,36.2,63,2026-05-22 06:00:50.464781
06:00:55,39.4,45,2026-05-22 06:00:55.478953
06:01:00,26.0,79,2026-05-22 06:01:00.504934
06:01:05,38.9,72,2026-05-22 06:01:05.520796
06:01:10,39.8,40,2026-05-22 06:01:10.536255
06:01:15,34.8,81,2026-05-22 06:01:15.557102
06:01:20,33.3,61,2026-05-22 06:01:20.582080
06:01:25,26.6,90,2026-05-22 06:01:25.601968
06:01:30,31.1,90,2026-05-22 06:01:30.619195
06:01:35,34.1,84,2026-05-22 06:01:35.639239
06:01:40,28.3,73,2026-05-22 06:01:40.661105
06:01:45,36.7,41,2026-05-22 06:01:45.677000
06:00:45,26.5,76,2026-05-22 06:00:45.449563
06:00:50,36.2,63,2026-05-22 06:00:50.464781
06:00:55,39.4,45,2026-05-22 06:00:55.478953
06:01:00,26.0,79,2026-05-22 06:01:00.504934
06:01:05,38.9,72,2026-05-22 06:01:05.520796
06:01:10,39.8,40,2026-05-22 06:01:10.536255
06:01:15,34.8,81,2026-05-22 06:01:15.557102
06:01:20,33.3,61,2026-05-22 06:01:20.582080
06:01:25,26.6,90,2026-05-22 06:01:25.601968
06:01:30,31.1,90,2026-05-22 06:01:30.619195
06:01:35,34.1,84,2026-05-22 06:01:35.639239
06:01:40,28.3,73,2026-05-22 06:01:40.661105
06:01:45,36.7,41,2026-05-22 06:01:45.677000
06:01:50,34.6,56,2026-05-22 06:01:50.701801
06:00:45,26.5,76,2026-05-22 06:00:45.449563
06:00:50,36.2,63,2026-05-22 06:00:50.464781
06:00:55,39.4,45,2026-05-22 06:00:55.478953
06:01:00,26.0,79,2026-05-22 06:01:00.504934
06:01:05,38.9,72,2026-05-22 06:01:05.520796
06:01:10,39.8,40,2026-05-22 06:01:10.536255
06:01:15,34.8,81,2026-05-22 06:01:15.557102
06:01:20,33.3,61,2026-05-22 06:01:20.582080
06:01:25,26.6,90,2026-05-22 06:01:25.601968
06:01:30,31.1,90,2026-05-22 06:01:30.619195
06:01:35,34.1,84,2026-05-22 06:01:35.639239
06:01:40,28.3,73,2026-05-22 06:01:40.661105
06:01:45,36.7,41,2026-05-22 06:01:45.677000
06:01:50,34.6,56,2026-05-22 06:01:50.701801
06:01:55,38.5,46,2026-05-22 06:01:55.732575
06:00:45,26.5,76,2026-05-22 06:00:45.449563
06:00:50,36.2,63,2026-05-22 06:00:50.464781
06:00:55,39.4,45,2026-05-22 06:00:55.478953
06:01:00,26.0,79,2026-05-22 06:01:00.504934
06:01:05,38.9,72,2026-05-22 06:01:05.520796
06:01:10,39.8,40,2026-05-22 06:01:10.536255
06:01:15,34.8,81,2026-05-22 06:01:15.557102
06:01:20,33.3,61,2026-05-22 06:01:20.582080
06:01:25,26.6,90,2026-05-22 06:01:25.601968
06:01:30,31.1,90,2026-05-22 06:01:30.619195
06:01:35,34.1,84,2026-05-22 06:01:35.639239
06:01:40,28.3,73,2026-05-22 06:01:40.661105
06:01:45,36.7,41,2026-05-22 06:01:45.677000
06:01:50,34.6,56,2026-05-22 06:01:50.701801
06:01:55,38.5,46,2026-05-22 06:01:55.732575
06:02:00,29.6,85,2026-05-22 06:02:00.755007
06:00:45,26.5,76,2026-05-22 06:00:45.449563
06:00:50,36.2,63,2026-05-22 06:00:50.464781
06:00:55,39.4,45,2026-05-22 06:00:55.478953
06:01:00,26.0,79,2026-05-22 06:01:00.504934
06:01:05,38.9,72,2026-05-22 06:01:05.520796
06:01:10,39.8,40,2026-05-22 06:01:10.536255
06:01:15,34.8,81,2026-05-22 06:01:15.557102
06:01:20,33.3,61,2026-05-22 06:01:20.582080
06:01:25,26.6,90,2026-05-22 06:01:25.601968
06:01:30,31.1,90,2026-05-22 06:01:30.619195
06:01:35,34.1,84,2026-05-22 06:01:35.639239
06:01:40,28.3,73,2026-05-22 06:01:40.661105
06:01:45,36.7,41,2026-05-22 06:01:45.677000
06:01:50,34.6,56,2026-05-22 06:01:50.701801
06:01:55,38.5,46,2026-05-22 06:01:55.732575
06:02:00,29.6,85,2026-05-22 06:02:00.755007
06:02:05,35.4,51,2026-05-22 06:02:05.772069
06:00:45,26.5,76,2026-05-22 06:00:45.449563
06:00:50,36.2,63,2026-05-22 06:00:50.464781
06:00:55,39.4,45,2026-05-22 06:00:55.478953
06:01:00,26.0,79,2026-05-22 06:01:00.504934
06:01:05,38.9,72,2026-05-22 06:01:05.520796
06:01:10,39.8,40,2026-05-22 06:01:10.536255
06:01:15,34.8,81,2026-05-22 06:01:15.557102
06:01:20,33.3,61,2026-05-22 06:01:20.582080
06:01:25,26.6,90,2026-05-22 06:01:25.601968
06:01:30,31.1,90,2026-05-22 06:01:30.619195
06:01:35,34.1,84,2026-05-22 06:01:35.639239
06:01:40,28.3,73,2026-05-22 06:01:40.661105
06:01:45,36.7,41,2026-05-22 06:01:45.677000
06:01:50,34.6,56,2026-05-22 06:01:50.701801
06:01:55,38.5,46,2026-05-22 06:01:55.732575
06:02:00,29.6,85,2026-05-22 06:02:00.755007
06:02:05,35.4,51,2026-05-22 06:02:05.772069
06:02:10,30.1,75,2026-05-22 06:02:10.788720
06:00:45,26.5,76,2026-05-22 06:00:45.449563
06:00:50,36.2,63,2026-05-22 06:00:50.464781
06:00:55,39.4,45,2026-05-22 06:00:55.478953
06:01:00,26.0,79,2026-05-22 06:01:00.504934
06:01:05,38.9,72,2026-05-22 06:01:05.520796
06:01:10,39.8,40,2026-05-22 06:01:10.536255
06:01:15,34.8,81,2026-05-22 06:01:15.557102
06:01:20,33.3,61,2026-05-22 06:01:20.582080
06:01:25,26.6,90,2026-05-22 06:01:25.601968
06:01:30,31.1,90,2026-05-22 06:01:30.619195
06:01:35,34.1,84,2026-05-22 06:01:35.639239
06:01:40,28.3,73,2026-05-22 06:01:40.661105
06:01:45,36.7,41,2026-05-22 06:01:45.677000
06:01:50,34.6,56,2026-05-22 06:01:50.701801
06:01:55,38.5,46,2026-05-22 06:01:55.732575
06:02:00,29.6,85,2026-05-22 06:02:00.755007
06:02:05,35.4,51,2026-05-22 06:02:05.772069
06:02:10,30.1,75,2026-05-22 06:02:10.788720
06:02:15,26.8,47,2026-05-22 06:02:15.809945
06:00:45,26.5,76,2026-05-22 06:00:45.449563
06:00:50,36.2,63,2026-05-22 06:00:50.464781
06:00:55,39.4,45,2026-05-22 06:00:55.478953
06:01:00,26.0,79,2026-05-22 06:01:00.504934
06:01:05,38.9,72,2026-05-22 06:01:05.520796
06:01:10,39.8,40,2026-05-22 06:01:10.536255
06:01:15,34.8,81,2026-05-22 06:01:15.557102
06:01:20,33.3,61,2026-05-22 06:01:20.582080
06:01:25,26.6,90,2026-05-22 06:01:25.601968
06:01:30,31.1,90,2026-05-22 06:01:30.619195
06:01:35,34.1,84,2026-05-22 06:01:35.639239
06:01:40,28.3,73,2026-05-22 06:01:40.661105
06:01:45,36.7,41,2026-05-22 06:01:45.677000
06:01:50,34.6,56,2026-05-22 06:01:50.701801
06:01:55,38.5,46,2026-05-22 06:01:55.732575
06:02:00,29.6,85,2026-05-22 06:02:00.755007
06:02:05,35.4,51,2026-05-22 06:02:05.772069
06:02:10,30.1,75,2026-05-22 06:02:10.788720
06:02:15,26.8,47,2026-05-22 06:02:15.809945
06:02:20,37.1,48,2026-05-22 06:02:20.831865
06:00:45,26.5,76,2026-05-22 06:00:45.449563
06:00:50,36.2,63,2026-05-22 06:00:50.464781
06:00:55,39.4,45,2026-05-22 06:00:55.478953
06:01:00,26.0,79,2026-05-22 06:01:00.504934
06:01:05,38.9,72,2026-05-22 06:01:05.520796
06:01:10,39.8,40,2026-05-22 06:01:10.536255
06:01:15,34.8,81,2026-05-22 06:01:15.557102
06:01:20,33.3,61,2026-05-22 06:01:20.582080
06:01:25,26.6,90,2026-05-22 06:01:25.601968
06:01:30,31.1,90,2026-05-22 06:01:30.619195
06:01:35,34.1,84,2026-05-22 06:01:35.639239
06:01:40,28.3,73,2026-05-22 06:01:40.661105
06:01:45,36.7,41,2026-05-22 06:01:45.677000
06:01:50,34.6,56,2026-05-22 06:01:50.701801
06:01:55,38.5,46,2026-05-22 06:01:55.732575
06:02:00,29.6,85,2026-05-22 06:02:00.755007
06:02:05,35.4,51,2026-05-22 06:02:05.772069
06:02:10,30.1,75,2026-05-22 06:02:10.788720
06:02:15,26.8,47,2026-05-22 06:02:15.809945
06:02:20,37.1,48,2026-05-22 06:02:20.831865
06:02:25,26.1,64,2026-05-22 06:02:25.846715
06:00:45,26.5,76,2026-05-22 06:00:45.449563
06:00:50,36.2,63,2026-05-22 06:00:50.464781
06:00:55,39.4,45,2026-05-22 06:00:55.478953
06:01:00,26.0,79,2026-05-22 06:01:00.504934
06:01:05,38.9,72,2026-05-22 06:01:05.520796
06:01:10,39.8,40,2026-05-22 06:01:10.536255
06:01:15,34.8,81,2026-05-22 06:01:15.557102
06:01:20,33.3,61,2026-05-22 06:01:20.582080
06:01:25,26.6,90,2026-05-22 06:01:25.601968
06:01:30,31.1,90,2026-05-22 06:01:30.619195
06:01:35,34.1,84,2026-05-22 06:01:35.639239
06:01:40,28.3,73,2026-05-22 06:01:40.661105
06:01:45,36.7,41,2026-05-22 06:01:45.677000
06:01:50,34.6,56,2026-05-22 06:01:50.701801
06:01:55,38.5,46,2026-05-22 06:01:55.732575
06:02:00,29.6,85,2026-05-22 06:02:00.755007
06:02:05,35.4,51,2026-05-22 06:02:05.772069
06:02:10,30.1,75,2026-05-22 06:02:10.788720
06:02:15,26.8,47,2026-05-22 06:02:15.809945
06:02:20,37.1,48,2026-05-22 06:02:20.831865
06:02:25,26.1,64,2026-05-22 06:02:25.846715
06:02:30,32.9,82,2026-05-22 06:02:30.880381
06:00:45,26.5,76,2026-05-22 06:00:45.449563
06:00:50,36.2,63,2026-05-22 06:00:50.464781
06:00:55,39.4,45,2026-05-22 06:00:55.478953
06:01:00,26.0,79,2026-05-22 06:01:00.504934
06:01:05,38.9,72,2026-05-22 06:01:05.520796
06:01:10,39.8,40,2026-05-22 06:01:10.536255
06:01:15,34.8,81,2026-05-22 06:01:15.557102
06:01:20,33.3,61,2026-05-22 06:01:20.582080
06:01:25,26.6,90,2026-05-22 06:01:25.601968
06:01:30,31.1,90,2026-05-22 06:01:30.619195
06:01:35,34.1,84,2026-05-22 06:01:35.639239
06:01:40,28.3,73,2026-05-22 06:01:40.661105
06:01:45,36.7,41,2026-05-22 06:01:45.677000
06:01:50,34.6,56,2026-05-22 06:01:50.701801
06:01:55,38.5,46,2026-05-22 06:01:55.732575
06:02:00,29.6,85,2026-05-22 06:02:00.755007
06:02:05,35.4,51,2026-05-22 06:02:05.772069
06:02:10,30.1,75,2026-05-22 06:02:10.788720
06:02:15,26.8,47,2026-05-22 06:02:15.809945
06:02:20,37.1,48,2026-05-22 06:02:20.831865
06:02:25,26.1,64,2026-05-22 06:02:25.846715
06:02:30,32.9,82,2026-05-22 06:02:30.880381
06:02:35,29.3,78,2026-05-22 06:02:35.894428
06:00:45,26.5,76,2026-05-22 06:00:45.449563
06:00:50,36.2,63,2026-05-22 06:00:50.464781
06:00:55,39.4,45,2026-05-22 06:00:55.478953
06:01:00,26.0,79,2026-05-22 06:01:00.504934
06:01:05,38.9,72,2026-05-22 06:01:05.520796
06:01:10,39.8,40,2026-05-22 06:01:10.536255
06:01:15,34.8,81,2026-05-22 06:01:15.557102
06:01:20,33.3,61,2026-05-22 06:01:20.582080
06:01:25,26.6,90,2026-05-22 06:01:25.601968
06:01:30,31.1,90,2026-05-22 06:01:30.619195
06:01:35,34.1,84,2026-05-22 06:01:35.639239
06:01:40,28.3,73,2026-05-22 06:01:40.661105
06:01:45,36.7,41,2026-05-22 06:01:45.677000
06:01:50,34.6,56,2026-05-22 06:01:50.701801
06:01:55,38.5,46,2026-05-22 06:01:55.732575
06:02:00,29.6,85,2026-05-22 06:02:00.755007
06:02:05,35.4,51,2026-05-22 06:02:05.772069
06:02:10,30.1,75,2026-05-22 06:02:10.788720
06:02:15,26.8,47,2026-05-22 06:02:15.809945
06:02:20,37.1,48,2026-05-22 06:02:20.831865
06:02:25,26.1,64,2026-05-22 06:02:25.846715
06:02:30,32.9,82,2026-05-22 06:02:30.880381
06:02:35,29.3,78,2026-05-22 06:02:35.894428
06:02:40,33.2,48,2026-05-22 06:02:40.911696
06:00:45,26.5,76,2026-05-22 06:00:45.449563
06:00:50,36.2,63,2026-05-22 06:00:50.464781
06:00:55,39.4,45,2026-05-22 06:00:55.478953
06:01:00,26.0,79,2026-05-22 06:01:00.504934
06:01:05,38.9,72,2026-05-22 06:01:05.520796
06:01:10,39.8,40,2026-05-22 06:01:10.536255
06:01:15,34.8,81,2026-05-22 06:01:15.557102
06:01:20,33.3,61,2026-05-22 06:01:20.582080
06:01:25,26.6,90,2026-05-22 06:01:25.601968
06:01:30,31.1,90,2026-05-22 06:01:30.619195
06:01:35,34.1,84,2026-05-22 06:01:35.639239
06:01:40,28.3,73,2026-05-22 06:01:40.661105
06:01:45,36.7,41,2026-05-22 06:01:45.677000
06:01:50,34.6,56,2026-05-22 06:01:50.701801
06:01:55,38.5,46,2026-05-22 06:01:55.732575
06:02:00,29.6,85,2026-05-22 06:02:00.755007
06:02:05,35.4,51,2026-05-22 06:02:05.772069
06:02:10,30.1,75,2026-05-22 06:02:10.788720
06:02:15,26.8,47,2026-05-22 06:02:15.809945
06:02:20,37.1,48,2026-05-22 06:02:20.831865
06:02:25,26.1,64,2026-05-22 06:02:25.846715
06:02:30,32.9,82,2026-05-22 06:02:30.880381
06:02:35,29.3,78,2026-05-22 06:02:35.894428
06:02:40,33.2,48,2026-05-22 06:02:40.911696
06:02:45,33.3,40,2026-05-22 06:02:45.934145
06:00:45,26.5,76,2026-05-22 06:00:45.449563
06:00:50,36.2,63,2026-05-22 06:00:50.464781
06:00:55,39.4,45,2026-05-22 06:00:55.478953
06:01:00,26.0,79,2026-05-22 06:01:00.504934
06:01:05,38.9,72,2026-05-22 06:01:05.520796
06:01:10,39.8,40,2026-05-22 06:01:10.536255
06:01:15,34.8,81,2026-05-22 06:01:15.557102
06:01:20,33.3,61,2026-05-22 06:01:20.582080
06:01:25,26.6,90,2026-05-22 06:01:25.601968
06:01:30,31.1,90,2026-05-22 06:01:30.619195
06:01:35,34.1,84,2026-05-22 06:01:35.639239
06:01:40,28.3,73,2026-05-22 06:01:40.661105
06:01:45,36.7,41,2026-05-22 06:01:45.677000
06:01:50,34.6,56,2026-05-22 06:01:50.701801
06:01:55,38.5,46,2026-05-22 06:01:55.732575
06:02:00,29.6,85,2026-05-22 06:02:00.755007
06:02:05,35.4,51,2026-05-22 06:02:05.772069
06:02:10,30.1,75,2026-05-22 06:02:10.788720
06:02:15,26.8,47,2026-05-22 06:02:15.809945
06:02:20,37.1,48,2026-05-22 06:02:20.831865
06:02:25,26.1,64,2026-05-22 06:02:25.846715
06:02:30,32.9,82,2026-05-22 06:02:30.880381
06:02:35,29.3,78,2026-05-22 06:02:35.894428
06:02:40,33.2,48,2026-05-22 06:02:40.911696
06:02:45,33.3,40,2026-05-22 06:02:45.934145
06:02:50,39.0,75,2026-05-22 06:02:50.958420
06:00:45,26.5,76,2026-05-22 06:00:45.449563
06:00:50,36.2,63,2026-05-22 06:00:50.464781
06:00:55,39.4,45,2026-05-22 06:00:55.478953
06:01:00,26.0,79,2026-05-22 06:01:00.504934
06:01:05,38.9,72,2026-05-22 06:01:05.520796
06:01:10,39.8,40,2026-05-22 06:01:10.536255
06:01:15,34.8,81,2026-05-22 06:01:15.557102
06:01:20,33.3,61,2026-05-22 06:01:20.582080
06:01:25,26.6,90,2026-05-22 06:01:25.601968
06:01:30,31.1,90,2026-05-22 06:01:30.619195
06:01:35,34.1,84,2026-05-22 06:01:35.639239
06:01:40,28.3,73,2026-05-22 06:01:40.661105
06:01:45,36.7,41,2026-05-22 06:01:45.677000
06:01:50,34.6,56,2026-05-22 06:01:50.701801
06:01:55,38.5,46,2026-05-22 06:01:55.732575
06:02:00,29.6,85,2026-05-22 06:02:00.755007
06:02:05,35.4,51,2026-05-22 06:02:05.772069
06:02:10,30.1,75,2026-05-22 06:02:10.788720
06:02:15,26.8,47,2026-05-22 06:02:15.809945
06:02:20,37.1,48,2026-05-22 06:02:20.831865
06:02:25,26.1,64,2026-05-22 06:02:25.846715
06:02:30,32.9,82,2026-05-22 06:02:30.880381
06:02:35,29.3,78,2026-05-22 06:02:35.894428
06:02:40,33.2,48,2026-05-22 06:02:40.911696
06:02:45,33.3,40,2026-05-22 06:02:45.934145
06:02:50,39.0,75,2026-05-22 06:02:50.958420
06:02:55,29.9,77,2026-05-22 06:02:55.982527
06:00:45,26.5,76,2026-05-22 06:00:45.449563
06:00:50,36.2,63,2026-05-22 06:00:50.464781
06:00:55,39.4,45,2026-05-22 06:00:55.478953
06:01:00,26.0,79,2026-05-22 06:01:00.504934
06:01:05,38.9,72,2026-05-22 06:01:05.520796
06:01:10,39.8,40,2026-05-22 06:01:10.536255
06:01:15,34.8,81,2026-05-22 06:01:15.557102
06:01:20,33.3,61,2026-05-22 06:01:20.582080
06:01:25,26.6,90,2026-05-22 06:01:25.601968
06:01:30,31.1,90,2026-05-22 06:01:30.619195
06:01:35,34.1,84,2026-05-22 06:01:35.639239
06:01:40,28.3,73,2026-05-22 06:01:40.661105
06:01:45,36.7,41,2026-05-22 06:01:45.677000
06:01:50,34.6,56,2026-05-22 06:01:50.701801
06:01:55,38.5,46,2026-05-22 06:01:55.732575
06:02:00,29.6,85,2026-05-22 06:02:00.755007
06:02:05,35.4,51,2026-05-22 06:02:05.772069
06:02:10,30.1,75,2026-05-22 06:02:10.788720
06:02:15,26.8,47,2026-05-22 06:02:15.809945
06:02:20,37.1,48,2026-05-22 06:02:20.831865
06:02:25,26.1,64,2026-05-22 06:02:25.846715
06:02:30,32.9,82,2026-05-22 06:02:30.880381
06:02:35,29.3,78,2026-05-22 06:02:35.894428
06:02:40,33.2,48,2026-05-22 06:02:40.911696
06:02:45,33.3,40,2026-05-22 06:02:45.934145
06:02:50,39.0,75,2026-05-22 06:02:50.958420
06:02:55,29.9,77,2026-05-22 06:02:55.982527
06:03:01,30.6,54,2026-05-22 06:03:01.016933
06:00:45,26.5,76,2026-05-22 06:00:45.449563
06:00:50,36.2,63,2026-05-22 06:00:50.464781
06:00:55,39.4,45,2026-05-22 06:00:55.478953
06:01:00,26.0,79,2026-05-22 06:01:00.504934
06:01:05,38.9,72,2026-05-22 06:01:05.520796
06:01:10,39.8,40,2026-05-22 06:01:10.536255
06:01:15,34.8,81,2026-05-22 06:01:15.557102
06:01:20,33.3,61,2026-05-22 06:01:20.582080
06:01:25,26.6,90,2026-05-22 06:01:25.601968
06:01:30,31.1,90,2026-05-22 06:01:30.619195
06:01:35,34.1,84,2026-05-22 06:01:35.639239
06:01:40,28.3,73,2026-05-22 06:01:40.661105
06:01:45,36.7,41,2026-05-22 06:01:45.677000
06:01:50,34.6,56,2026-05-22 06:01:50.701801
06:01:55,38.5,46,2026-05-22 06:01:55.732575
06:02:00,29.6,85,2026-05-22 06:02:00.755007
06:02:05,35.4,51,2026-05-22 06:02:05.772069
06:02:10,30.1,75,2026-05-22 06:02:10.788720
06:02:15,26.8,47,2026-05-22 06:02:15.809945
06:02:20,37.1,48,2026-05-22 06:02:20.831865
06:02:25,26.1,64,2026-05-22 06:02:25.846715
06:02:30,32.9,82,2026-05-22 06:02:30.880381
06:02:35,29.3,78,2026-05-22 06:02:35.894428
06:02:40,33.2,48,2026-05-22 06:02:40.911696
06:02:45,33.3,40,2026-05-22 06:02:45.934145
06:02:50,39.0,75,2026-05-22 06:02:50.958420
06:02:55,29.9,77,2026-05-22 06:02:55.982527
06:03:01,30.6,54,2026-05-22 06:03:01.016933
06:03:06,36.3,88,2026-05-22 06:03:06.045188
06:00:45,26.5,76,2026-05-22 06:00:45.449563
06:00:50,36.2,63,2026-05-22 06:00:50.464781
06:00:55,39.4,45,2026-05-22 06:00:55.478953
06:01:00,26.0,79,2026-05-22 06:01:00.504934
06:01:05,38.9,72,2026-05-22 06:01:05.520796
06:01:10,39.8,40,2026-05-22 06:01:10.536255
06:01:15,34.8,81,2026-05-22 06:01:15.557102
06:01:20,33.3,61,2026-05-22 06:01:20.582080
06:01:25,26.6,90,2026-05-22 06:01:25.601968
06:01:30,31.1,90,2026-05-22 06:01:30.619195
06:01:35,34.1,84,2026-05-22 06:01:35.639239
06:01:40,28.3,73,2026-05-22 06:01:40.661105
06:01:45,36.7,41,2026-05-22 06:01:45.677000
06:01:50,34.6,56,2026-05-22 06:01:50.701801
06:01:55,38.5,46,2026-05-22 06:01:55.732575
06:02:00,29.6,85,2026-05-22 06:02:00.755007
06:02:05,35.4,51,2026-05-22 06:02:05.772069
06:02:10,30.1,75,2026-05-22 06:02:10.788720
06:02:15,26.8,47,2026-05-22 06:02:15.809945
06:02:20,37.1,48,2026-05-22 06:02:20.831865
06:02:25,26.1,64,2026-05-22 06:02:25.846715
06:02:30,32.9,82,2026-05-22 06:02:30.880381
06:02:35,29.3,78,2026-05-22 06:02:35.894428
06:02:40,33.2,48,2026-05-22 06:02:40.911696
06:02:45,33.3,40,2026-05-22 06:02:45.934145
06:02:50,39.0,75,2026-05-22 06:02:50.958420
06:02:55,29.9,77,2026-05-22 06:02:55.982527
06:03:01,30.6,54,2026-05-22 06:03:01.016933
06:03:06,36.3,88,2026-05-22 06:03:06.045188
06:03:11,33.9,81,2026-05-22 06:03:11.065957
06:00:45,26.5,76,2026-05-22 06:00:45.449563
06:00:50,36.2,63,2026-05-22 06:00:50.464781
06:00:55,39.4,45,2026-05-22 06:00:55.478953
06:01:00,26.0,79,2026-05-22 06:01:00.504934
06:01:05,38.9,72,2026-05-22 06:01:05.520796
06:01:10,39.8,40,2026-05-22 06:01:10.536255
06:01:15,34.8,81,2026-05-22 06:01:15.557102
06:01:20,33.3,61,2026-05-22 06:01:20.582080
06:01:25,26.6,90,2026-05-22 06:01:25.601968
06:01:30,31.1,90,2026-05-22 06:01:30.619195
06:01:35,34.1,84,2026-05-22 06:01:35.639239
06:01:40,28.3,73,2026-05-22 06:01:40.661105
06:01:45,36.7,41,2026-05-22 06:01:45.677000
06:01:50,34.6,56,2026-05-22 06:01:50.701801
06:01:55,38.5,46,2026-05-22 06:01:55.732575
06:02:00,29.6,85,2026-05-22 06:02:00.755007
06:02:05,35.4,51,2026-05-22 06:02:05.772069
06:02:10,30.1,75,2026-05-22 06:02:10.788720
06:02:15,26.8,47,2026-05-22 06:02:15.809945
06:02:20,37.1,48,2026-05-22 06:02:20.831865
06:02:25,26.1,64,2026-05-22 06:02:25.846715
06:02:30,32.9,82,2026-05-22 06:02:30.880381
06:02:35,29.3,78,2026-05-22 06:02:35.894428
06:02:40,33.2,48,2026-05-22 06:02:40.911696
06:02:45,33.3,40,2026-05-22 06:02:45.934145
06:02:50,39.0,75,2026-05-22 06:02:50.958420
06:02:55,29.9,77,2026-05-22 06:02:55.982527
06:03:01,30.6,54,2026-05-22 06:03:01.016933
06:03:06,36.3,88,2026-05-22 06:03:06.045188
06:03:11,33.9,81,2026-05-22 06:03:11.065957
06:03:16,37.7,53,2026-05-22 06:03:16.087603
06:00:45,26.5,76,2026-05-22 06:00:45.449563
06:00:50,36.2,63,2026-05-22 06:00:50.464781
06:00:55,39.4,45,2026-05-22 06:00:55.478953
06:01:00,26.0,79,2026-05-22 06:01:00.504934
06:01:05,38.9,72,2026-05-22 06:01:05.520796
06:01:10,39.8,40,2026-05-22 06:01:10.536255
06:01:15,34.8,81,2026-05-22 06:01:15.557102
06:01:20,33.3,61,2026-05-22 06:01:20.582080
06:01:25,26.6,90,2026-05-22 06:01:25.601968
06:01:30,31.1,90,2026-05-22 06:01:30.619195
06:01:35,34.1,84,2026-05-22 06:01:35.639239
06:01:40,28.3,73,2026-05-22 06:01:40.661105
06:01:45,36.7,41,2026-05-22 06:01:45.677000
06:01:50,34.6,56,2026-05-22 06:01:50.701801
06:01:55,38.5,46,2026-05-22 06:01:55.732575
06:02:00,29.6,85,2026-05-22 06:02:00.755007
06:02:05,35.4,51,2026-05-22 06:02:05.772069
06:02:10,30.1,75,2026-05-22 06:02:10.788720
06:02:15,26.8,47,2026-05-22 06:02:15.809945
06:02:20,37.1,48,2026-05-22 06:02:20.831865
06:02:25,26.1,64,2026-05-22 06:02:25.846715
06:02:30,32.9,82,2026-05-22 06:02:30.880381
06:02:35,29.3,78,2026-05-22 06:02:35.894428
06:02:40,33.2,48,2026-05-22 06:02:40.911696
06:02:45,33.3,40,2026-05-22 06:02:45.934145
06:02:50,39.0,75,2026-05-22 06:02:50.958420
06:02:55,29.9,77,2026-05-22 06:02:55.982527
06:03:01,30.6,54,2026-05-22 06:03:01.016933
06:03:06,36.3,88,2026-05-22 06:03:06.045188
06:03:11,33.9,81,2026-05-22 06:03:11.065957
06:03:16,37.7,53,2026-05-22 06:03:16.087603
06:03:21,25.5,52,2026-05-22 06:03:21.121482
06:00:45,26.5,76,2026-05-22 06:00:45.449563
06:00:50,36.2,63,2026-05-22 06:00:50.464781
06:00:55,39.4,45,2026-05-22 06:00:55.478953
06:01:00,26.0,79,2026-05-22 06:01:00.504934
06:01:05,38.9,72,2026-05-22 06:01:05.520796
06:01:10,39.8,40,2026-05-22 06:01:10.536255
06:01:15,34.8,81,2026-05-22 06:01:15.557102
06:01:20,33.3,61,2026-05-22 06:01:20.582080
06:01:25,26.6,90,2026-05-22 06:01:25.601968
06:01:30,31.1,90,2026-05-22 06:01:30.619195
06:01:35,34.1,84,2026-05-22 06:01:35.639239
06:01:40,28.3,73,2026-05-22 06:01:40.661105
06:01:45,36.7,41,2026-05-22 06:01:45.677000
06:01:50,34.6,56,2026-05-22 06:01:50.701801
06:01:55,38.5,46,2026-05-22 06:01:55.732575
06:02:00,29.6,85,2026-05-22 06:02:00.755007
06:02:05,35.4,51,2026-05-22 06:02:05.772069
06:02:10,30.1,75,2026-05-22 06:02:10.788720
06:02:15,26.8,47,2026-05-22 06:02:15.809945
06:02:20,37.1,48,2026-05-22 06:02:20.831865
06:02:25,26.1,64,2026-05-22 06:02:25.846715
06:02:30,32.9,82,2026-05-22 06:02:30.880381
06:02:35,29.3,78,2026-05-22 06:02:35.894428
06:02:40,33.2,48,2026-05-22 06:02:40.911696
06:02:45,33.3,40,2026-05-22 06:02:45.934145
06:02:50,39.0,75,2026-05-22 06:02:50.958420
06:02:55,29.9,77,2026-05-22 06:02:55.982527
06:03:01,30.6,54,2026-05-22 06:03:01.016933
06:03:06,36.3,88,2026-05-22 06:03:06.045188
06:03:11,33.9,81,2026-05-22 06:03:11.065957
06:03:16,37.7,53,2026-05-22 06:03:16.087603
06:03:21,25.5,52,2026-05-22 06:03:21.121482
06:03:26,39.4,48,2026-05-22 06:03:26.140678
06:00:45,26.5,76,2026-05-22 06:00:45.449563
06:00:50,36.2,63,2026-05-22 06:00:50.464781
06:00:55,39.4,45,2026-05-22 06:00:55.478953
06:01:00,26.0,79,2026-05-22 06:01:00.504934
06:01:05,38.9,72,2026-05-22 06:01:05.520796
06:01:10,39.8,40,2026-05-22 06:01:10.536255
06:01:15,34.8,81,2026-05-22 06:01:15.557102
06:01:20,33.3,61,2026-05-22 06:01:20.582080
06:01:25,26.6,90,2026-05-22 06:01:25.601968
06:01:30,31.1,90,2026-05-22 06:01:30.619195
06:01:35,34.1,84,2026-05-22 06:01:35.639239
06:01:40,28.3,73,2026-05-22 06:01:40.661105
06:01:45,36.7,41,2026-05-22 06:01:45.677000
06:01:50,34.6,56,2026-05-22 06:01:50.701801
06:01:55,38.5,46,2026-05-22 06:01:55.732575
06:02:00,29.6,85,2026-05-22 06:02:00.755007
06:02:05,35.4,51,2026-05-22 06:02:05.772069
06:02:10,30.1,75,2026-05-22 06:02:10.788720
06:02:15,26.8,47,2026-05-22 06:02:15.809945
06:02:20,37.1,48,2026-05-22 06:02:20.831865
06:02:25,26.1,64,2026-05-22 06:02:25.846715
06:02:30,32.9,82,2026-05-22 06:02:30.880381
06:02:35,29.3,78,2026-05-22 06:02:35.894428
06:02:40,33.2,48,2026-05-22 06:02:40.911696
06:02:45,33.3,40,2026-05-22 06:02:45.934145
06:02:50,39.0,75,2026-05-22 06:02:50.958420
06:02:55,29.9,77,2026-05-22 06:02:55.982527
06:03:01,30.6,54,2026-05-22 06:03:01.016933
06:03:06,36.3,88,2026-05-22 06:03:06.045188
06:03:11,33.9,81,2026-05-22 06:03:11.065957
06:03:16,37.7,53,2026-05-22 06:03:16.087603
06:03:21,25.5,52,2026-05-22 06:03:21.121482
06:03:26,39.4,48,2026-05-22 06:03:26.140678
06:03:31,25.1,69,2026-05-22 06:03:31.156014
06:00:45,26.5,76,2026-05-22 06:00:45.449563
06:00:50,36.2,63,2026-05-22 06:00:50.464781
06:00:55,39.4,45,2026-05-22 06:00:55.478953
06:01:00,26.0,79,2026-05-22 06:01:00.504934
06:01:05,38.9,72,2026-05-22 06:01:05.520796
06:01:10,39.8,40,2026-05-22 06:01:10.536255
06:01:15,34.8,81,2026-05-22 06:01:15.557102
06:01:20,33.3,61,2026-05-22 06:01:20.582080
06:01:25,26.6,90,2026-05-22 06:01:25.601968
06:01:30,31.1,90,2026-05-22 06:01:30.619195
06:01:35,34.1,84,2026-05-22 06:01:35.639239
06:01:40,28.3,73,2026-05-22 06:01:40.661105
06:01:45,36.7,41,2026-05-22 06:01:45.677000
06:01:50,34.6,56,2026-05-22 06:01:50.701801
06:01:55,38.5,46,2026-05-22 06:01:55.732575
06:02:00,29.6,85,2026-05-22 06:02:00.755007
06:02:05,35.4,51,2026-05-22 06:02:05.772069
06:02:10,30.1,75,2026-05-22 06:02:10.788720
06:02:15,26.8,47,2026-05-22 06:02:15.809945
06:02:20,37.1,48,2026-05-22 06:02:20.831865
06:02:25,26.1,64,2026-05-22 06:02:25.846715
06:02:30,32.9,82,2026-05-22 06:02:30.880381
06:02:35,29.3,78,2026-05-22 06:02:35.894428
06:02:40,33.2,48,2026-05-22 06:02:40.911696
06:02:45,33.3,40,2026-05-22 06:02:45.934145
06:02:50,39.0,75,2026-05-22 06:02:50.958420
06:02:55,29.9,77,2026-05-22 06:02:55.982527
06:03:01,30.6,54,2026-05-22 06:03:01.016933
06:03:06,36.3,88,2026-05-22 06:03:06.045188
06:03:11,33.9,81,2026-05-22 06:03:11.065957
06:03:16,37.7,53,2026-05-22 06:03:16.087603
06:03:21,25.5,52,2026-05-22 06:03:21.121482
06:03:26,39.4,48,2026-05-22 06:03:26.140678
06:03:31,25.1,69,2026-05-22 06:03:31.156014
06:03:36,27.1,41,2026-05-22 06:03:36.168894
06:00:45,26.5,76,2026-05-22 06:00:45.449563
06:00:50,36.2,63,2026-05-22 06:00:50.464781
06:00:55,39.4,45,2026-05-22 06:00:55.478953
06:01:00,26.0,79,2026-05-22 06:01:00.504934
06:01:05,38.9,72,2026-05-22 06:01:05.520796
06:01:10,39.8,40,2026-05-22 06:01:10.536255
06:01:15,34.8,81,2026-05-22 06:01:15.557102
06:01:20,33.3,61,2026-05-22 06:01:20.582080
06:01:25,26.6,90,2026-05-22 06:01:25.601968
06:01:30,31.1,90,2026-05-22 06:01:30.619195
06:01:35,34.1,84,2026-05-22 06:01:35.639239
06:01:40,28.3,73,2026-05-22 06:01:40.661105
06:01:45,36.7,41,2026-05-22 06:01:45.677000
06:01:50,34.6,56,2026-05-22 06:01:50.701801
06:01:55,38.5,46,2026-05-22 06:01:55.732575
06:02:00,29.6,85,2026-05-22 06:02:00.755007
06:02:05,35.4,51,2026-05-22 06:02:05.772069
06:02:10,30.1,75,2026-05-22 06:02:10.788720
06:02:15,26.8,47,2026-05-22 06:02:15.809945
06:02:20,37.1,48,2026-05-22 06:02:20.831865
06:02:25,26.1,64,2026-05-22 06:02:25.846715
06:02:30,32.9,82,2026-05-22 06:02:30.880381
06:02:35,29.3,78,2026-05-22 06:02:35.894428
06:02:40,33.2,48,2026-05-22 06:02:40.911696
06:02:45,33.3,40,2026-05-22 06:02:45.934145
06:02:50,39.0,75,2026-05-22 06:02:50.958420
06:02:55,29.9,77,2026-05-22 06:02:55.982527
06:03:01,30.6,54,2026-05-22 06:03:01.016933
06:03:06,36.3,88,2026-05-22 06:03:06.045188
06:03:11,33.9,81,2026-05-22 06:03:11.065957
06:03:16,37.7,53,2026-05-22 06:03:16.087603
06:03:21,25.5,52,2026-05-22 06:03:21.121482
06:03:26,39.4,48,2026-05-22 06:03:26.140678
06:03:31,25.1,69,2026-05-22 06:03:31.156014
06:03:36,27.1,41,2026-05-22 06:03:36.168894
06:03:41,32.5,82,2026-05-22 06:03:41.183472
06:00:45,26.5,76,2026-05-22 06:00:45.449563
06:00:50,36.2,63,2026-05-22 06:00:50.464781
06:00:55,39.4,45,2026-05-22 06:00:55.478953
06:01:00,26.0,79,2026-05-22 06:01:00.504934
06:01:05,38.9,72,2026-05-22 06:01:05.520796
06:01:10,39.8,40,2026-05-22 06:01:10.536255
06:01:15,34.8,81,2026-05-22 06:01:15.557102
06:01:20,33.3,61,2026-05-22 06:01:20.582080
06:01:25,26.6,90,2026-05-22 06:01:25.601968
06:01:30,31.1,90,2026-05-22 06:01:30.619195
06:01:35,34.1,84,2026-05-22 06:01:35.639239
06:01:40,28.3,73,2026-05-22 06:01:40.661105
06:01:45,36.7,41,2026-05-22 06:01:45.677000
06:01:50,34.6,56,2026-05-22 06:01:50.701801
06:01:55,38.5,46,2026-05-22 06:01:55.732575
06:02:00,29.6,85,2026-05-22 06:02:00.755007
06:02:05,35.4,51,2026-05-22 06:02:05.772069
06:02:10,30.1,75,2026-05-22 06:02:10.788720
06:02:15,26.8,47,2026-05-22 06:02:15.809945
06:02:20,37.1,48,2026-05-22 06:02:20.831865
06:02:25,26.1,64,2026-05-22 06:02:25.846715
06:02:30,32.9,82,2026-05-22 06:02:30.880381
06:02:35,29.3,78,2026-05-22 06:02:35.894428
06:02:40,33.2,48,2026-05-22 06:02:40.911696
06:02:45,33.3,40,2026-05-22 06:02:45.934145
06:02:50,39.0,75,2026-05-22 06:02:50.958420
06:02:55,29.9,77,2026-05-22 06:02:55.982527
06:03:01,30.6,54,2026-05-22 06:03:01.016933
06:03:06,36.3,88,2026-05-22 06:03:06.045188
06:03:11,33.9,81,2026-05-22 06:03:11.065957
06:03:16,37.7,53,2026-05-22 06:03:16.087603
06:03:21,25.5,52,2026-05-22 06:03:21.121482
06:03:26,39.4,48,2026-05-22 06:03:26.140678
06:03:31,25.1,69,2026-05-22 06:03:31.156014
06:03:36,27.1,41,2026-05-22 06:03:36.168894
06:03:41,32.5,82,2026-05-22 06:03:41.183472
06:03:46,30.7,43,2026-05-22 06:03:46.198939
06:00:45,26.5,76,2026-05-22 06:00:45.449563
06:00:50,36.2,63,2026-05-22 06:00:50.464781
06:00:55,39.4,45,2026-05-22 06:00:55.478953
06:01:00,26.0,79,2026-05-22 06:01:00.504934
06:01:05,38.9,72,2026-05-22 06:01:05.520796
06:01:10,39.8,40,2026-05-22 06:01:10.536255
06:01:15,34.8,81,2026-05-22 06:01:15.557102
06:01:20,33.3,61,2026-05-22 06:01:20.582080
06:01:25,26.6,90,2026-05-22 06:01:25.601968
06:01:30,31.1,90,2026-05-22 06:01:30.619195
06:01:35,34.1,84,2026-05-22 06:01:35.639239
06:01:40,28.3,73,2026-05-22 06:01:40.661105
06:01:45,36.7,41,2026-05-22 06:01:45.677000
06:01:50,34.6,56,2026-05-22 06:01:50.701801
06:01:55,38.5,46,2026-05-22 06:01:55.732575
06:02:00,29.6,85,2026-05-22 06:02:00.755007
06:02:05,35.4,51,2026-05-22 06:02:05.772069
06:02:10,30.1,75,2026-05-22 06:02:10.788720
06:02:15,26.8,47,2026-05-22 06:02:15.809945
06:02:20,37.1,48,2026-05-22 06:02:20.831865
06:02:25,26.1,64,2026-05-22 06:02:25.846715
06:02:30,32.9,82,2026-05-22 06:02:30.880381
06:02:35,29.3,78,2026-05-22 06:02:35.894428
06:02:40,33.2,48,2026-05-22 06:02:40.911696
06:02:45,33.3,40,2026-05-22 06:02:45.934145
06:02:50,39.0,75,2026-05-22 06:02:50.958420
06:02:55,29.9,77,2026-05-22 06:02:55.982527
06:03:01,30.6,54,2026-05-22 06:03:01.016933
06:03:06,36.3,88,2026-05-22 06:03:06.045188
06:03:11,33.9,81,2026-05-22 06:03:11.065957
06:03:16,37.7,53,2026-05-22 06:03:16.087603
06:03:21,25.5,52,2026-05-22 06:03:21.121482
06:03:26,39.4,48,2026-05-22 06:03:26.140678
06:03:31,25.1,69,2026-05-22 06:03:31.156014
06:03:36,27.1,41,2026-05-22 06:03:36.168894
06:03:41,32.5,82,2026-05-22 06:03:41.183472
06:03:46,30.7,43,2026-05-22 06:03:46.198939
06:03:51,37.0,71,2026-05-22 06:03:51.214539
06:03:56,36.8,72,2026-05-22 06:03:56.235419
06:03:56,36.8,72,2026-05-22 06:03:56.235419
06:04:01,33.2,77,2026-05-22 06:04:01.254516
06:03:56,36.8,72,2026-05-22 06:03:56.235419
06:04:01,33.2,77,2026-05-22 06:04:01.254516
06:04:06,27.5,59,2026-05-22 06:04:06.270443
06:03:56,36.8,72,2026-05-22 06:03:56.235419
06:04:01,33.2,77,2026-05-22 06:04:01.254516
06:04:06,27.5,59,2026-05-22 06:04:06.270443
06:04:11,29.0,60,2026-05-22 06:04:11.288038
06:03:56,36.8,72,2026-05-22 06:03:56.235419
06:04:01,33.2,77,2026-05-22 06:04:01.254516
06:04:06,27.5,59,2026-05-22 06:04:06.270443
06:04:11,29.0,60,2026-05-22 06:04:11.288038
06:04:16,33.0,48,2026-05-22 06:04:16.314238
06:03:56,36.8,72,2026-05-22 06:03:56.235419
06:04:01,33.2,77,2026-05-22 06:04:01.254516
06:04:06,27.5,59,2026-05-22 06:04:06.270443
06:04:11,29.0,60,2026-05-22 06:04:11.288038
06:04:16,33.0,48,2026-05-22 06:04:16.314238
06:04:21,25.8,63,2026-05-22 06:04:21.335837
06:03:56,36.8,72,2026-05-22 06:03:56.235419
06:04:01,33.2,77,2026-05-22 06:04:01.254516
06:04:06,27.5,59,2026-05-22 06:04:06.270443
06:04:11,29.0,60,2026-05-22 06:04:11.288038
06:04:16,33.0,48,2026-05-22 06:04:16.314238
06:04:21,25.8,63,2026-05-22 06:04:21.335837
06:04:26,34.6,84,2026-05-22 06:04:26.362292
06:03:56,36.8,72,2026-05-22 06:03:56.235419
06:04:01,33.2,77,2026-05-22 06:04:01.254516
06:04:06,27.5,59,2026-05-22 06:04:06.270443
06:04:11,29.0,60,2026-05-22 06:04:11.288038
06:04:16,33.0,48,2026-05-22 06:04:16.314238
06:04:21,25.8,63,2026-05-22 06:04:21.335837
06:04:26,34.6,84,2026-05-22 06:04:26.362292
06:04:31,26.8,83,2026-05-22 06:04:31.390961
06:03:56,36.8,72,2026-05-22 06:03:56.235419
06:04:01,33.2,77,2026-05-22 06:04:01.254516
06:04:06,27.5,59,2026-05-22 06:04:06.270443
06:04:11,29.0,60,2026-05-22 06:04:11.288038
06:04:16,33.0,48,2026-05-22 06:04:16.314238
06:04:21,25.8,63,2026-05-22 06:04:21.335837
06:04:26,34.6,84,2026-05-22 06:04:26.362292
06:04:31,26.8,83,2026-05-22 06:04:31.390961
06:04:36,33.1,73,2026-05-22 06:04:36.418390
06:03:56,36.8,72,2026-05-22 06:03:56.235419
06:04:01,33.2,77,2026-05-22 06:04:01.254516
06:04:06,27.5,59,2026-05-22 06:04:06.270443
06:04:11,29.0,60,2026-05-22 06:04:11.288038
06:04:16,33.0,48,2026-05-22 06:04:16.314238
06:04:21,25.8,63,2026-05-22 06:04:21.335837
06:04:26,34.6,84,2026-05-22 06:04:26.362292
06:04:31,26.8,83,2026-05-22 06:04:31.390961
06:04:36,33.1,73,2026-05-22 06:04:36.418390
06:04:41,37.3,75,2026-05-22 06:04:41.445601
06:03:56,36.8,72,2026-05-22 06:03:56.235419
06:04:01,33.2,77,2026-05-22 06:04:01.254516
06:04:06,27.5,59,2026-05-22 06:04:06.270443
06:04:11,29.0,60,2026-05-22 06:04:11.288038
06:04:16,33.0,48,2026-05-22 06:04:16.314238
06:04:21,25.8,63,2026-05-22 06:04:21.335837
06:04:26,34.6,84,2026-05-22 06:04:26.362292
06:04:31,26.8,83,2026-05-22 06:04:31.390961
06:04:36,33.1,73,2026-05-22 06:04:36.418390
06:04:41,37.3,75,2026-05-22 06:04:41.445601
06:04:46,30.5,76,2026-05-22 06:04:46.469882
06:03:56,36.8,72,2026-05-22 06:03:56.235419
06:04:01,33.2,77,2026-05-22 06:04:01.254516
06:04:06,27.5,59,2026-05-22 06:04:06.270443
06:04:11,29.0,60,2026-05-22 06:04:11.288038
06:04:16,33.0,48,2026-05-22 06:04:16.314238
06:04:21,25.8,63,2026-05-22 06:04:21.335837
06:04:26,34.6,84,2026-05-22 06:04:26.362292
06:04:31,26.8,83,2026-05-22 06:04:31.390961
06:04:36,33.1,73,2026-05-22 06:04:36.418390
06:04:41,37.3,75,2026-05-22 06:04:41.445601
06:04:46,30.5,76,2026-05-22 06:04:46.469882
06:04:51,26.5,46,2026-05-22 06:04:51.499923
06:03:56,36.8,72,2026-05-22 06:03:56.235419
06:04:01,33.2,77,2026-05-22 06:04:01.254516
06:04:06,27.5,59,2026-05-22 06:04:06.270443
06:04:11,29.0,60,2026-05-22 06:04:11.288038
06:04:16,33.0,48,2026-05-22 06:04:16.314238
06:04:21,25.8,63,2026-05-22 06:04:21.335837
06:04:26,34.6,84,2026-05-22 06:04:26.362292
06:04:31,26.8,83,2026-05-22 06:04:31.390961
06:04:36,33.1,73,2026-05-22 06:04:36.418390
06:04:41,37.3,75,2026-05-22 06:04:41.445601
06:04:46,30.5,76,2026-05-22 06:04:46.469882
06:04:51,26.5,46,2026-05-22 06:04:51.499923
06:04:56,29.6,44,2026-05-22 06:04:56.528136
06:03:56,36.8,72,2026-05-22 06:03:56.235419
06:04:01,33.2,77,2026-05-22 06:04:01.254516
06:04:06,27.5,59,2026-05-22 06:04:06.270443
06:04:11,29.0,60,2026-05-22 06:04:11.288038
06:04:16,33.0,48,2026-05-22 06:04:16.314238
06:04:21,25.8,63,2026-05-22 06:04:21.335837
06:04:26,34.6,84,2026-05-22 06:04:26.362292
06:04:31,26.8,83,2026-05-22 06:04:31.390961
06:04:36,33.1,73,2026-05-22 06:04:36.418390
06:04:41,37.3,75,2026-05-22 06:04:41.445601
06:04:46,30.5,76,2026-05-22 06:04:46.469882
06:04:51,26.5,46,2026-05-22 06:04:51.499923
06:04:56,29.6,44,2026-05-22 06:04:56.528136
06:05:01,36.4,61,2026-05-22 06:05:01.553317
06:03:56,36.8,72,2026-05-22 06:03:56.235419
06:04:01,33.2,77,2026-05-22 06:04:01.254516
06:04:06,27.5,59,2026-05-22 06:04:06.270443
06:04:11,29.0,60,2026-05-22 06:04:11.288038
06:04:16,33.0,48,2026-05-22 06:04:16.314238
06:04:21,25.8,63,2026-05-22 06:04:21.335837
06:04:26,34.6,84,2026-05-22 06:04:26.362292
06:04:31,26.8,83,2026-05-22 06:04:31.390961
06:04:36,33.1,73,2026-05-22 06:04:36.418390
06:04:41,37.3,75,2026-05-22 06:04:41.445601
06:04:46,30.5,76,2026-05-22 06:04:46.469882
06:04:51,26.5,46,2026-05-22 06:04:51.499923
06:04:56,29.6,44,2026-05-22 06:04:56.528136
06:05:01,36.4,61,2026-05-22 06:05:01.553317
06:05:06,39.8,43,2026-05-22 06:05:06.581110
06:03:56,36.8,72,2026-05-22 06:03:56.235419
06:04:01,33.2,77,2026-05-22 06:04:01.254516
06:04:06,27.5,59,2026-05-22 06:04:06.270443
06:04:11,29.0,60,2026-05-22 06:04:11.288038
06:04:16,33.0,48,2026-05-22 06:04:16.314238
06:04:21,25.8,63,2026-05-22 06:04:21.335837
06:04:26,34.6,84,2026-05-22 06:04:26.362292
06:04:31,26.8,83,2026-05-22 06:04:31.390961
06:04:36,33.1,73,2026-05-22 06:04:36.418390
06:04:41,37.3,75,2026-05-22 06:04:41.445601
06:04:46,30.5,76,2026-05-22 06:04:46.469882
06:04:51,26.5,46,2026-05-22 06:04:51.499923
06:04:56,29.6,44,2026-05-22 06:04:56.528136
06:05:01,36.4,61,2026-05-22 06:05:01.553317
06:05:06,39.8,43,2026-05-22 06:05:06.581110
06:05:11,26.4,47,2026-05-22 06:05:11.608011
06:03:56,36.8,72,2026-05-22 06:03:56.235419
06:04:01,33.2,77,2026-05-22 06:04:01.254516
06:04:06,27.5,59,2026-05-22 06:04:06.270443
06:04:11,29.0,60,2026-05-22 06:04:11.288038
06:04:16,33.0,48,2026-05-22 06:04:16.314238
06:04:21,25.8,63,2026-05-22 06:04:21.335837
06:04:26,34.6,84,2026-05-22 06:04:26.362292
06:04:31,26.8,83,2026-05-22 06:04:31.390961
06:04:36,33.1,73,2026-05-22 06:04:36.418390
06:04:41,37.3,75,2026-05-22 06:04:41.445601
06:04:46,30.5,76,2026-05-22 06:04:46.469882
06:04:51,26.5,46,2026-05-22 06:04:51.499923
06:04:56,29.6,44,2026-05-22 06:04:56.528136
06:05:01,36.4,61,2026-05-22 06:05:01.553317
06:05:06,39.8,43,2026-05-22 06:05:06.581110
06:05:11,26.4,47,2026-05-22 06:05:11.608011
06:05:16,37.6,76,2026-05-22 06:05:16.624437
06:03:56,36.8,72,2026-05-22 06:03:56.235419
06:04:01,33.2,77,2026-05-22 06:04:01.254516
06:04:06,27.5,59,2026-05-22 06:04:06.270443
06:04:11,29.0,60,2026-05-22 06:04:11.288038
06:04:16,33.0,48,2026-05-22 06:04:16.314238
06:04:21,25.8,63,2026-05-22 06:04:21.335837
06:04:26,34.6,84,2026-05-22 06:04:26.362292
06:04:31,26.8,83,2026-05-22 06:04:31.390961
06:04:36,33.1,73,2026-05-22 06:04:36.418390
06:04:41,37.3,75,2026-05-22 06:04:41.445601
06:04:46,30.5,76,2026-05-22 06:04:46.469882
06:04:51,26.5,46,2026-05-22 06:04:51.499923
06:04:56,29.6,44,2026-05-22 06:04:56.528136
06:05:01,36.4,61,2026-05-22 06:05:01.553317
06:05:06,39.8,43,2026-05-22 06:05:06.581110
06:05:11,26.4,47,2026-05-22 06:05:11.608011
06:05:16,37.6,76,2026-05-22 06:05:16.624437
06:05:21,34.7,42,2026-05-22 06:05:21.644436
06:03:56,36.8,72,2026-05-22 06:03:56.235419
06:04:01,33.2,77,2026-05-22 06:04:01.254516
06:04:06,27.5,59,2026-05-22 06:04:06.270443
06:04:11,29.0,60,2026-05-22 06:04:11.288038
06:04:16,33.0,48,2026-05-22 06:04:16.314238
06:04:21,25.8,63,2026-05-22 06:04:21.335837
06:04:26,34.6,84,2026-05-22 06:04:26.362292
06:04:31,26.8,83,2026-05-22 06:04:31.390961
06:04:36,33.1,73,2026-05-22 06:04:36.418390
06:04:41,37.3,75,2026-05-22 06:04:41.445601
06:04:46,30.5,76,2026-05-22 06:04:46.469882
06:04:51,26.5,46,2026-05-22 06:04:51.499923
06:04:56,29.6,44,2026-05-22 06:04:56.528136
06:05:01,36.4,61,2026-05-22 06:05:01.553317
06:05:06,39.8,43,2026-05-22 06:05:06.581110
06:05:11,26.4,47,2026-05-22 06:05:11.608011
06:05:16,37.6,76,2026-05-22 06:05:16.624437
06:05:21,34.7,42,2026-05-22 06:05:21.644436
06:05:26,35.5,50,2026-05-22 06:05:26.672276
06:03:56,36.8,72,2026-05-22 06:03:56.235419
06:04:01,33.2,77,2026-05-22 06:04:01.254516
06:04:06,27.5,59,2026-05-22 06:04:06.270443
06:04:11,29.0,60,2026-05-22 06:04:11.288038
06:04:16,33.0,48,2026-05-22 06:04:16.314238
06:04:21,25.8,63,2026-05-22 06:04:21.335837
06:04:26,34.6,84,2026-05-22 06:04:26.362292
06:04:31,26.8,83,2026-05-22 06:04:31.390961
06:04:36,33.1,73,2026-05-22 06:04:36.418390
06:04:41,37.3,75,2026-05-22 06:04:41.445601
06:04:46,30.5,76,2026-05-22 06:04:46.469882
06:04:51,26.5,46,2026-05-22 06:04:51.499923
06:04:56,29.6,44,2026-05-22 06:04:56.528136
06:05:01,36.4,61,2026-05-22 06:05:01.553317
06:05:06,39.8,43,2026-05-22 06:05:06.581110
06:05:11,26.4,47,2026-05-22 06:05:11.608011
06:05:16,37.6,76,2026-05-22 06:05:16.624437
06:05:21,34.7,42,2026-05-22 06:05:21.644436
06:05:26,35.5,50,2026-05-22 06:05:26.672276
06:05:31,30.3,59,2026-05-22 06:05:31.694695
06:03:56,36.8,72,2026-05-22 06:03:56.235419
06:04:01,33.2,77,2026-05-22 06:04:01.254516
06:04:06,27.5,59,2026-05-22 06:04:06.270443
06:04:11,29.0,60,2026-05-22 06:04:11.288038
06:04:16,33.0,48,2026-05-22 06:04:16.314238
06:04:21,25.8,63,2026-05-22 06:04:21.335837
06:04:26,34.6,84,2026-05-22 06:04:26.362292
06:04:31,26.8,83,2026-05-22 06:04:31.390961
06:04:36,33.1,73,2026-05-22 06:04:36.418390
06:04:41,37.3,75,2026-05-22 06:04:41.445601
06:04:46,30.5,76,2026-05-22 06:04:46.469882
06:04:51,26.5,46,2026-05-22 06:04:51.499923
06:04:56,29.6,44,2026-05-22 06:04:56.528136
06:05:01,36.4,61,2026-05-22 06:05:01.553317
06:05:06,39.8,43,2026-05-22 06:05:06.581110
06:05:11,26.4,47,2026-05-22 06:05:11.608011
06:05:16,37.6,76,2026-05-22 06:05:16.624437
06:05:21,34.7,42,2026-05-22 06:05:21.644436
06:05:26,35.5,50,2026-05-22 06:05:26.672276
06:05:31,30.3,59,2026-05-22 06:05:31.694695
06:05:36,32.8,51,2026-05-22 06:05:36.712651
06:03:56,36.8,72,2026-05-22 06:03:56.235419
06:04:01,33.2,77,2026-05-22 06:04:01.254516
06:04:06,27.5,59,2026-05-22 06:04:06.270443
06:04:11,29.0,60,2026-05-22 06:04:11.288038
06:04:16,33.0,48,2026-05-22 06:04:16.314238
06:04:21,25.8,63,2026-05-22 06:04:21.335837
06:04:26,34.6,84,2026-05-22 06:04:26.362292
06:04:31,26.8,83,2026-05-22 06:04:31.390961
06:04:36,33.1,73,2026-05-22 06:04:36.418390
06:04:41,37.3,75,2026-05-22 06:04:41.445601
06:04:46,30.5,76,2026-05-22 06:04:46.469882
06:04:51,26.5,46,2026-05-22 06:04:51.499923
06:04:56,29.6,44,2026-05-22 06:04:56.528136
06:05:01,36.4,61,2026-05-22 06:05:01.553317
06:05:06,39.8,43,2026-05-22 06:05:06.581110
06:05:11,26.4,47,2026-05-22 06:05:11.608011
06:05:16,37.6,76,2026-05-22 06:05:16.624437
06:05:21,34.7,42,2026-05-22 06:05:21.644436
06:05:26,35.5,50,2026-05-22 06:05:26.672276
06:05:31,30.3,59,2026-05-22 06:05:31.694695
06:05:36,32.8,51,2026-05-22 06:05:36.712651
06:05:41,27.8,48,2026-05-22 06:05:41.735297
06:03:56,36.8,72,2026-05-22 06:03:56.235419
06:04:01,33.2,77,2026-05-22 06:04:01.254516
06:04:06,27.5,59,2026-05-22 06:04:06.270443
06:04:11,29.0,60,2026-05-22 06:04:11.288038
06:04:16,33.0,48,2026-05-22 06:04:16.314238
06:04:21,25.8,63,2026-05-22 06:04:21.335837
06:04:26,34.6,84,2026-05-22 06:04:26.362292
06:04:31,26.8,83,2026-05-22 06:04:31.390961
06:04:36,33.1,73,2026-05-22 06:04:36.418390
06:04:41,37.3,75,2026-05-22 06:04:41.445601
06:04:46,30.5,76,2026-05-22 06:04:46.469882
06:04:51,26.5,46,2026-05-22 06:04:51.499923
06:04:56,29.6,44,2026-05-22 06:04:56.528136
06:05:01,36.4,61,2026-05-22 06:05:01.553317
06:05:06,39.8,43,2026-05-22 06:05:06.581110
06:05:11,26.4,47,2026-05-22 06:05:11.608011
06:05:16,37.6,76,2026-05-22 06:05:16.624437
06:05:21,34.7,42,2026-05-22 06:05:21.644436
06:05:26,35.5,50,2026-05-22 06:05:26.672276
06:05:31,30.3,59,2026-05-22 06:05:31.694695
06:05:36,32.8,51,2026-05-22 06:05:36.712651
06:05:41,27.8,48,2026-05-22 06:05:41.735297
06:05:46,37.7,47,2026-05-22 06:05:46.754189
06:03:56,36.8,72,2026-05-22 06:03:56.235419
06:04:01,33.2,77,2026-05-22 06:04:01.254516
06:04:06,27.5,59,2026-05-22 06:04:06.270443
06:04:11,29.0,60,2026-05-22 06:04:11.288038
06:04:16,33.0,48,2026-05-22 06:04:16.314238
06:04:21,25.8,63,2026-05-22 06:04:21.335837
06:04:26,34.6,84,2026-05-22 06:04:26.362292
06:04:31,26.8,83,2026-05-22 06:04:31.390961
06:04:36,33.1,73,2026-05-22 06:04:36.418390
06:04:41,37.3,75,2026-05-22 06:04:41.445601
06:04:46,30.5,76,2026-05-22 06:04:46.469882
06:04:51,26.5,46,2026-05-22 06:04:51.499923
06:04:56,29.6,44,2026-05-22 06:04:56.528136
06:05:01,36.4,61,2026-05-22 06:05:01.553317
06:05:06,39.8,43,2026-05-22 06:05:06.581110
06:05:11,26.4,47,2026-05-22 06:05:11.608011
06:05:16,37.6,76,2026-05-22 06:05:16.624437
06:05:21,34.7,42,2026-05-22 06:05:21.644436
06:05:26,35.5,50,2026-05-22 06:05:26.672276
06:05:31,30.3,59,2026-05-22 06:05:31.694695
06:05:36,32.8,51,2026-05-22 06:05:36.712651
06:05:41,27.8,48,2026-05-22 06:05:41.735297
06:05:46,37.7,47,2026-05-22 06:05:46.754189
06:05:51,28.4,82,2026-05-22 06:05:51.772435
06:03:56,36.8,72,2026-05-22 06:03:56.235419
06:04:01,33.2,77,2026-05-22 06:04:01.254516
06:04:06,27.5,59,2026-05-22 06:04:06.270443
06:04:11,29.0,60,2026-05-22 06:04:11.288038
06:04:16,33.0,48,2026-05-22 06:04:16.314238
06:04:21,25.8,63,2026-05-22 06:04:21.335837
06:04:26,34.6,84,2026-05-22 06:04:26.362292
06:04:31,26.8,83,2026-05-22 06:04:31.390961
06:04:36,33.1,73,2026-05-22 06:04:36.418390
06:04:41,37.3,75,2026-05-22 06:04:41.445601
06:04:46,30.5,76,2026-05-22 06:04:46.469882
06:04:51,26.5,46,2026-05-22 06:04:51.499923
06:04:56,29.6,44,2026-05-22 06:04:56.528136
06:05:01,36.4,61,2026-05-22 06:05:01.553317
06:05:06,39.8,43,2026-05-22 06:05:06.581110
06:05:11,26.4,47,2026-05-22 06:05:11.608011
06:05:16,37.6,76,2026-05-22 06:05:16.624437
06:05:21,34.7,42,2026-05-22 06:05:21.644436
06:05:26,35.5,50,2026-05-22 06:05:26.672276
06:05:31,30.3,59,2026-05-22 06:05:31.694695
06:05:36,32.8,51,2026-05-22 06:05:36.712651
06:05:41,27.8,48,2026-05-22 06:05:41.735297
06:05:46,37.7,47,2026-05-22 06:05:46.754189
06:05:51,28.4,82,2026-05-22 06:05:51.772435
06:05:56,36.6,67,2026-05-22 06:05:56.788392
06:03:56,36.8,72,2026-05-22 06:03:56.235419
06:04:01,33.2,77,2026-05-22 06:04:01.254516
06:04:06,27.5,59,2026-05-22 06:04:06.270443
06:04:11,29.0,60,2026-05-22 06:04:11.288038
06:04:16,33.0,48,2026-05-22 06:04:16.314238
06:04:21,25.8,63,2026-05-22 06:04:21.335837
06:04:26,34.6,84,2026-05-22 06:04:26.362292
06:04:31,26.8,83,2026-05-22 06:04:31.390961
06:04:36,33.1,73,2026-05-22 06:04:36.418390
06:04:41,37.3,75,2026-05-22 06:04:41.445601
06:04:46,30.5,76,2026-05-22 06:04:46.469882
06:04:51,26.5,46,2026-05-22 06:04:51.499923
06:04:56,29.6,44,2026-05-22 06:04:56.528136
06:05:01,36.4,61,2026-05-22 06:05:01.553317
06:05:06,39.8,43,2026-05-22 06:05:06.581110
06:05:11,26.4,47,2026-05-22 06:05:11.608011
06:05:16,37.6,76,2026-05-22 06:05:16.624437
06:05:21,34.7,42,2026-05-22 06:05:21.644436
06:05:26,35.5,50,2026-05-22 06:05:26.672276
06:05:31,30.3,59,2026-05-22 06:05:31.694695
06:05:36,32.8,51,2026-05-22 06:05:36.712651
06:05:41,27.8,48,2026-05-22 06:05:41.735297
06:05:46,37.7,47,2026-05-22 06:05:46.754189
06:05:51,28.4,82,2026-05-22 06:05:51.772435
06:05:56,36.6,67,2026-05-22 06:05:56.788392
06:06:01,33.7,52,2026-05-22 06:06:01.805333
06:03:56,36.8,72,2026-05-22 06:03:56.235419
06:04:01,33.2,77,2026-05-22 06:04:01.254516
06:04:06,27.5,59,2026-05-22 06:04:06.270443
06:04:11,29.0,60,2026-05-22 06:04:11.288038
06:04:16,33.0,48,2026-05-22 06:04:16.314238
06:04:21,25.8,63,2026-05-22 06:04:21.335837
06:04:26,34.6,84,2026-05-22 06:04:26.362292
06:04:31,26.8,83,2026-05-22 06:04:31.390961
06:04:36,33.1,73,2026-05-22 06:04:36.418390
06:04:41,37.3,75,2026-05-22 06:04:41.445601
06:04:46,30.5,76,2026-05-22 06:04:46.469882
06:04:51,26.5,46,2026-05-22 06:04:51.499923
06:04:56,29.6,44,2026-05-22 06:04:56.528136
06:05:01,36.4,61,2026-05-22 06:05:01.553317
06:05:06,39.8,43,2026-05-22 06:05:06.581110
06:05:11,26.4,47,2026-05-22 06:05:11.608011
06:05:16,37.6,76,2026-05-22 06:05:16.624437
06:05:21,34.7,42,2026-05-22 06:05:21.644436
06:05:26,35.5,50,2026-05-22 06:05:26.672276
06:05:31,30.3,59,2026-05-22 06:05:31.694695
06:05:36,32.8,51,2026-05-22 06:05:36.712651
06:05:41,27.8,48,2026-05-22 06:05:41.735297
06:05:46,37.7,47,2026-05-22 06:05:46.754189
06:05:51,28.4,82,2026-05-22 06:05:51.772435
06:05:56,36.6,67,2026-05-22 06:05:56.788392
06:06:01,33.7,52,2026-05-22 06:06:01.805333
06:06:06,31.6,64,2026-05-22 06:06:06.822272
06:03:56,36.8,72,2026-05-22 06:03:56.235419
06:04:01,33.2,77,2026-05-22 06:04:01.254516
06:04:06,27.5,59,2026-05-22 06:04:06.270443
06:04:11,29.0,60,2026-05-22 06:04:11.288038
06:04:16,33.0,48,2026-05-22 06:04:16.314238
06:04:21,25.8,63,2026-05-22 06:04:21.335837
06:04:26,34.6,84,2026-05-22 06:04:26.362292
06:04:31,26.8,83,2026-05-22 06:04:31.390961
06:04:36,33.1,73,2026-05-22 06:04:36.418390
06:04:41,37.3,75,2026-05-22 06:04:41.445601
06:04:46,30.5,76,2026-05-22 06:04:46.469882
06:04:51,26.5,46,2026-05-22 06:04:51.499923
06:04:56,29.6,44,2026-05-22 06:04:56.528136
06:05:01,36.4,61,2026-05-22 06:05:01.553317
06:05:06,39.8,43,2026-05-22 06:05:06.581110
06:05:11,26.4,47,2026-05-22 06:05:11.608011
06:05:16,37.6,76,2026-05-22 06:05:16.624437
06:05:21,34.7,42,2026-05-22 06:05:21.644436
06:05:26,35.5,50,2026-05-22 06:05:26.672276
06:05:31,30.3,59,2026-05-22 06:05:31.694695
06:05:36,32.8,51,2026-05-22 06:05:36.712651
06:05:41,27.8,48,2026-05-22 06:05:41.735297
06:05:46,37.7,47,2026-05-22 06:05:46.754189
06:05:51,28.4,82,2026-05-22 06:05:51.772435
06:05:56,36.6,67,2026-05-22 06:05:56.788392
06:06:01,33.7,52,2026-05-22 06:06:01.805333
06:06:06,31.6,64,2026-05-22 06:06:06.822272
06:06:11,39.0,55,2026-05-22 06:06:11.841243
06:03:56,36.8,72,2026-05-22 06:03:56.235419
06:04:01,33.2,77,2026-05-22 06:04:01.254516
06:04:06,27.5,59,2026-05-22 06:04:06.270443
06:04:11,29.0,60,2026-05-22 06:04:11.288038
06:04:16,33.0,48,2026-05-22 06:04:16.314238
06:04:21,25.8,63,2026-05-22 06:04:21.335837
06:04:26,34.6,84,2026-05-22 06:04:26.362292
06:04:31,26.8,83,2026-05-22 06:04:31.390961
06:04:36,33.1,73,2026-05-22 06:04:36.418390
06:04:41,37.3,75,2026-05-22 06:04:41.445601
06:04:46,30.5,76,2026-05-22 06:04:46.469882
06:04:51,26.5,46,2026-05-22 06:04:51.499923
06:04:56,29.6,44,2026-05-22 06:04:56.528136
06:05:01,36.4,61,2026-05-22 06:05:01.553317
06:05:06,39.8,43,2026-05-22 06:05:06.581110
06:05:11,26.4,47,2026-05-22 06:05:11.608011
06:05:16,37.6,76,2026-05-22 06:05:16.624437
06:05:21,34.7,42,2026-05-22 06:05:21.644436
06:05:26,35.5,50,2026-05-22 06:05:26.672276
06:05:31,30.3,59,2026-05-22 06:05:31.694695
06:05:36,32.8,51,2026-05-22 06:05:36.712651
06:05:41,27.8,48,2026-05-22 06:05:41.735297
06:05:46,37.7,47,2026-05-22 06:05:46.754189
06:05:51,28.4,82,2026-05-22 06:05:51.772435
06:05:56,36.6,67,2026-05-22 06:05:56.788392
06:06:01,33.7,52,2026-05-22 06:06:01.805333
06:06:06,31.6,64,2026-05-22 06:06:06.822272
06:06:11,39.0,55,2026-05-22 06:06:11.841243
06:06:16,38.1,67,2026-05-22 06:06:16.869137
06:03:56,36.8,72,2026-05-22 06:03:56.235419
06:04:01,33.2,77,2026-05-22 06:04:01.254516
06:04:06,27.5,59,2026-05-22 06:04:06.270443
06:04:11,29.0,60,2026-05-22 06:04:11.288038
06:04:16,33.0,48,2026-05-22 06:04:16.314238
06:04:21,25.8,63,2026-05-22 06:04:21.335837
06:04:26,34.6,84,2026-05-22 06:04:26.362292
06:04:31,26.8,83,2026-05-22 06:04:31.390961
06:04:36,33.1,73,2026-05-22 06:04:36.418390
06:04:41,37.3,75,2026-05-22 06:04:41.445601
06:04:46,30.5,76,2026-05-22 06:04:46.469882
06:04:51,26.5,46,2026-05-22 06:04:51.499923
06:04:56,29.6,44,2026-05-22 06:04:56.528136
06:05:01,36.4,61,2026-05-22 06:05:01.553317
06:05:06,39.8,43,2026-05-22 06:05:06.581110
06:05:11,26.4,47,2026-05-22 06:05:11.608011
06:05:16,37.6,76,2026-05-22 06:05:16.624437
06:05:21,34.7,42,2026-05-22 06:05:21.644436
06:05:26,35.5,50,2026-05-22 06:05:26.672276
06:05:31,30.3,59,2026-05-22 06:05:31.694695
06:05:36,32.8,51,2026-05-22 06:05:36.712651
06:05:41,27.8,48,2026-05-22 06:05:41.735297
06:05:46,37.7,47,2026-05-22 06:05:46.754189
06:05:51,28.4,82,2026-05-22 06:05:51.772435
06:05:56,36.6,67,2026-05-22 06:05:56.788392
06:06:01,33.7,52,2026-05-22 06:06:01.805333
06:06:06,31.6,64,2026-05-22 06:06:06.822272
06:06:11,39.0,55,2026-05-22 06:06:11.841243
06:06:16,38.1,67,2026-05-22 06:06:16.869137
06:06:21,35.0,85,2026-05-22 06:06:21.908084
06:03:56,36.8,72,2026-05-22 06:03:56.235419
06:04:01,33.2,77,2026-05-22 06:04:01.254516
06:04:06,27.5,59,2026-05-22 06:04:06.270443
06:04:11,29.0,60,2026-05-22 06:04:11.288038
06:04:16,33.0,48,2026-05-22 06:04:16.314238
06:04:21,25.8,63,2026-05-22 06:04:21.335837
06:04:26,34.6,84,2026-05-22 06:04:26.362292
06:04:31,26.8,83,2026-05-22 06:04:31.390961
06:04:36,33.1,73,2026-05-22 06:04:36.418390
06:04:41,37.3,75,2026-05-22 06:04:41.445601
06:04:46,30.5,76,2026-05-22 06:04:46.469882
06:04:51,26.5,46,2026-05-22 06:04:51.499923
06:04:56,29.6,44,2026-05-22 06:04:56.528136
06:05:01,36.4,61,2026-05-22 06:05:01.553317
06:05:06,39.8,43,2026-05-22 06:05:06.581110
06:05:11,26.4,47,2026-05-22 06:05:11.608011
06:05:16,37.6,76,2026-05-22 06:05:16.624437
06:05:21,34.7,42,2026-05-22 06:05:21.644436
06:05:26,35.5,50,2026-05-22 06:05:26.672276
06:05:31,30.3,59,2026-05-22 06:05:31.694695
06:05:36,32.8,51,2026-05-22 06:05:36.712651
06:05:41,27.8,48,2026-05-22 06:05:41.735297
06:05:46,37.7,47,2026-05-22 06:05:46.754189
06:05:51,28.4,82,2026-05-22 06:05:51.772435
06:05:56,36.6,67,2026-05-22 06:05:56.788392
06:06:01,33.7,52,2026-05-22 06:06:01.805333
06:06:06,31.6,64,2026-05-22 06:06:06.822272
06:06:11,39.0,55,2026-05-22 06:06:11.841243
06:06:16,38.1,67,2026-05-22 06:06:16.869137
06:06:21,35.0,85,2026-05-22 06:06:21.908084
06:06:26,26.5,87,2026-05-22 06:06:26.939526
06:03:56,36.8,72,2026-05-22 06:03:56.235419
06:04:01,33.2,77,2026-05-22 06:04:01.254516
06:04:06,27.5,59,2026-05-22 06:04:06.270443
06:04:11,29.0,60,2026-05-22 06:04:11.288038
06:04:16,33.0,48,2026-05-22 06:04:16.314238
06:04:21,25.8,63,2026-05-22 06:04:21.335837
06:04:26,34.6,84,2026-05-22 06:04:26.362292
06:04:31,26.8,83,2026-05-22 06:04:31.390961
06:04:36,33.1,73,2026-05-22 06:04:36.418390
06:04:41,37.3,75,2026-05-22 06:04:41.445601
06:04:46,30.5,76,2026-05-22 06:04:46.469882
06:04:51,26.5,46,2026-05-22 06:04:51.499923
06:04:56,29.6,44,2026-05-22 06:04:56.528136
06:05:01,36.4,61,2026-05-22 06:05:01.553317
06:05:06,39.8,43,2026-05-22 06:05:06.581110
06:05:11,26.4,47,2026-05-22 06:05:11.608011
06:05:16,37.6,76,2026-05-22 06:05:16.624437
06:05:21,34.7,42,2026-05-22 06:05:21.644436
06:05:26,35.5,50,2026-05-22 06:05:26.672276
06:05:31,30.3,59,2026-05-22 06:05:31.694695
06:05:36,32.8,51,2026-05-22 06:05:36.712651
06:05:41,27.8,48,2026-05-22 06:05:41.735297
06:05:46,37.7,47,2026-05-22 06:05:46.754189
06:05:51,28.4,82,2026-05-22 06:05:51.772435
06:05:56,36.6,67,2026-05-22 06:05:56.788392
06:06:01,33.7,52,2026-05-22 06:06:01.805333
06:06:06,31.6,64,2026-05-22 06:06:06.822272
06:06:11,39.0,55,2026-05-22 06:06:11.841243
06:06:16,38.1,67,2026-05-22 06:06:16.869137
06:06:21,35.0,85,2026-05-22 06:06:21.908084
06:06:26,26.5,87,2026-05-22 06:06:26.939526
06:06:31,34.4,88,2026-05-22 06:06:31.988410
06:03:56,36.8,72,2026-05-22 06:03:56.235419
06:04:01,33.2,77,2026-05-22 06:04:01.254516
06:04:06,27.5,59,2026-05-22 06:04:06.270443
06:04:11,29.0,60,2026-05-22 06:04:11.288038
06:04:16,33.0,48,2026-05-22 06:04:16.314238
06:04:21,25.8,63,2026-05-22 06:04:21.335837
06:04:26,34.6,84,2026-05-22 06:04:26.362292
06:04:31,26.8,83,2026-05-22 06:04:31.390961
06:04:36,33.1,73,2026-05-22 06:04:36.418390
06:04:41,37.3,75,2026-05-22 06:04:41.445601
06:04:46,30.5,76,2026-05-22 06:04:46.469882
06:04:51,26.5,46,2026-05-22 06:04:51.499923
06:04:56,29.6,44,2026-05-22 06:04:56.528136
06:05:01,36.4,61,2026-05-22 06:05:01.553317
06:05:06,39.8,43,2026-05-22 06:05:06.581110
06:05:11,26.4,47,2026-05-22 06:05:11.608011
06:05:16,37.6,76,2026-05-22 06:05:16.624437
06:05:21,34.7,42,2026-05-22 06:05:21.644436
06:05:26,35.5,50,2026-05-22 06:05:26.672276
06:05:31,30.3,59,2026-05-22 06:05:31.694695
06:05:36,32.8,51,2026-05-22 06:05:36.712651
06:05:41,27.8,48,2026-05-22 06:05:41.735297
06:05:46,37.7,47,2026-05-22 06:05:46.754189
06:05:51,28.4,82,2026-05-22 06:05:51.772435
06:05:56,36.6,67,2026-05-22 06:05:56.788392
06:06:01,33.7,52,2026-05-22 06:06:01.805333
06:06:06,31.6,64,2026-05-22 06:06:06.822272
06:06:11,39.0,55,2026-05-22 06:06:11.841243
06:06:16,38.1,67,2026-05-22 06:06:16.869137
06:06:21,35.0,85,2026-05-22 06:06:21.908084
06:06:26,26.5,87,2026-05-22 06:06:26.939526
06:06:31,34.4,88,2026-05-22 06:06:31.988410
06:06:37,28.8,80,2026-05-22 06:06:37.026333
06:03:56,36.8,72,2026-05-22 06:03:56.235419
06:04:01,33.2,77,2026-05-22 06:04:01.254516
06:04:06,27.5,59,2026-05-22 06:04:06.270443
06:04:11,29.0,60,2026-05-22 06:04:11.288038
06:04:16,33.0,48,2026-05-22 06:04:16.314238
06:04:21,25.8,63,2026-05-22 06:04:21.335837
06:04:26,34.6,84,2026-05-22 06:04:26.362292
06:04:31,26.8,83,2026-05-22 06:04:31.390961
06:04:36,33.1,73,2026-05-22 06:04:36.418390
06:04:41,37.3,75,2026-05-22 06:04:41.445601
06:04:46,30.5,76,2026-05-22 06:04:46.469882
06:04:51,26.5,46,2026-05-22 06:04:51.499923
06:04:56,29.6,44,2026-05-22 06:04:56.528136
06:05:01,36.4,61,2026-05-22 06:05:01.553317
06:05:06,39.8,43,2026-05-22 06:05:06.581110
06:05:11,26.4,47,2026-05-22 06:05:11.608011
06:05:16,37.6,76,2026-05-22 06:05:16.624437
06:05:21,34.7,42,2026-05-22 06:05:21.644436
06:05:26,35.5,50,2026-05-22 06:05:26.672276
06:05:31,30.3,59,2026-05-22 06:05:31.694695
06:05:36,32.8,51,2026-05-22 06:05:36.712651
06:05:41,27.8,48,2026-05-22 06:05:41.735297
06:05:46,37.7,47,2026-05-22 06:05:46.754189
06:05:51,28.4,82,2026-05-22 06:05:51.772435
06:05:56,36.6,67,2026-05-22 06:05:56.788392
06:06:01,33.7,52,2026-05-22 06:06:01.805333
06:06:06,31.6,64,2026-05-22 06:06:06.822272
06:06:11,39.0,55,2026-05-22 06:06:11.841243
06:06:16,38.1,67,2026-05-22 06:06:16.869137
06:06:21,35.0,85,2026-05-22 06:06:21.908084
06:06:26,26.5,87,2026-05-22 06:06:26.939526
06:06:31,34.4,88,2026-05-22 06:06:31.988410
06:06:37,28.8,80,2026-05-22 06:06:37.026333
06:06:42,39.4,46,2026-05-22 06:06:42.058625
06:03:56,36.8,72,2026-05-22 06:03:56.235419
06:04:01,33.2,77,2026-05-22 06:04:01.254516
06:04:06,27.5,59,2026-05-22 06:04:06.270443
06:04:11,29.0,60,2026-05-22 06:04:11.288038
06:04:16,33.0,48,2026-05-22 06:04:16.314238
06:04:21,25.8,63,2026-05-22 06:04:21.335837
06:04:26,34.6,84,2026-05-22 06:04:26.362292
06:04:31,26.8,83,2026-05-22 06:04:31.390961
06:04:36,33.1,73,2026-05-22 06:04:36.418390
06:04:41,37.3,75,2026-05-22 06:04:41.445601
06:04:46,30.5,76,2026-05-22 06:04:46.469882
06:04:51,26.5,46,2026-05-22 06:04:51.499923
06:04:56,29.6,44,2026-05-22 06:04:56.528136
06:05:01,36.4,61,2026-05-22 06:05:01.553317
06:05:06,39.8,43,2026-05-22 06:05:06.581110
06:05:11,26.4,47,2026-05-22 06:05:11.608011
06:05:16,37.6,76,2026-05-22 06:05:16.624437
06:05:21,34.7,42,2026-05-22 06:05:21.644436
06:05:26,35.5,50,2026-05-22 06:05:26.672276
06:05:31,30.3,59,2026-05-22 06:05:31.694695
06:05:36,32.8,51,2026-05-22 06:05:36.712651
06:05:41,27.8,48,2026-05-22 06:05:41.735297
06:05:46,37.7,47,2026-05-22 06:05:46.754189
06:05:51,28.4,82,2026-05-22 06:05:51.772435
06:05:56,36.6,67,2026-05-22 06:05:56.788392
06:06:01,33.7,52,2026-05-22 06:06:01.805333
06:06:06,31.6,64,2026-05-22 06:06:06.822272
06:06:11,39.0,55,2026-05-22 06:06:11.841243
06:06:16,38.1,67,2026-05-22 06:06:16.869137
06:06:21,35.0,85,2026-05-22 06:06:21.908084
06:06:26,26.5,87,2026-05-22 06:06:26.939526
06:06:31,34.4,88,2026-05-22 06:06:31.988410
06:06:37,28.8,80,2026-05-22 06:06:37.026333
06:06:42,39.4,46,2026-05-22 06:06:42.058625
06:06:47,38.0,44,2026-05-22 06:06:47.109827
06:03:56,36.8,72,2026-05-22 06:03:56.235419
06:04:01,33.2,77,2026-05-22 06:04:01.254516
06:04:06,27.5,59,2026-05-22 06:04:06.270443
06:04:11,29.0,60,2026-05-22 06:04:11.288038
06:04:16,33.0,48,2026-05-22 06:04:16.314238
06:04:21,25.8,63,2026-05-22 06:04:21.335837
06:04:26,34.6,84,2026-05-22 06:04:26.362292
06:04:31,26.8,83,2026-05-22 06:04:31.390961
06:04:36,33.1,73,2026-05-22 06:04:36.418390
06:04:41,37.3,75,2026-05-22 06:04:41.445601
06:04:46,30.5,76,2026-05-22 06:04:46.469882
06:04:51,26.5,46,2026-05-22 06:04:51.499923
06:04:56,29.6,44,2026-05-22 06:04:56.528136
06:05:01,36.4,61,2026-05-22 06:05:01.553317
06:05:06,39.8,43,2026-05-22 06:05:06.581110
06:05:11,26.4,47,2026-05-22 06:05:11.608011
06:05:16,37.6,76,2026-05-22 06:05:16.624437
06:05:21,34.7,42,2026-05-22 06:05:21.644436
06:05:26,35.5,50,2026-05-22 06:05:26.672276
06:05:31,30.3,59,2026-05-22 06:05:31.694695
06:05:36,32.8,51,2026-05-22 06:05:36.712651
06:05:41,27.8,48,2026-05-22 06:05:41.735297
06:05:46,37.7,47,2026-05-22 06:05:46.754189
06:05:51,28.4,82,2026-05-22 06:05:51.772435
06:05:56,36.6,67,2026-05-22 06:05:56.788392
06:06:01,33.7,52,2026-05-22 06:06:01.805333
06:06:06,31.6,64,2026-05-22 06:06:06.822272
06:06:11,39.0,55,2026-05-22 06:06:11.841243
06:06:16,38.1,67,2026-05-22 06:06:16.869137
06:06:21,35.0,85,2026-05-22 06:06:21.908084
06:06:26,26.5,87,2026-05-22 06:06:26.939526
06:06:31,34.4,88,2026-05-22 06:06:31.988410
06:06:37,28.8,80,2026-05-22 06:06:37.026333
06:06:42,39.4,46,2026-05-22 06:06:42.058625
06:06:47,38.0,44,2026-05-22 06:06:47.109827
06:06:52,39.9,72,2026-05-22 06:06:52.134678
06:03:56,36.8,72,2026-05-22 06:03:56.235419
06:04:01,33.2,77,2026-05-22 06:04:01.254516
06:04:06,27.5,59,2026-05-22 06:04:06.270443
06:04:11,29.0,60,2026-05-22 06:04:11.288038
06:04:16,33.0,48,2026-05-22 06:04:16.314238
06:04:21,25.8,63,2026-05-22 06:04:21.335837
06:04:26,34.6,84,2026-05-22 06:04:26.362292
06:04:31,26.8,83,2026-05-22 06:04:31.390961
06:04:36,33.1,73,2026-05-22 06:04:36.418390
06:04:41,37.3,75,2026-05-22 06:04:41.445601
06:04:46,30.5,76,2026-05-22 06:04:46.469882
06:04:51,26.5,46,2026-05-22 06:04:51.499923
06:04:56,29.6,44,2026-05-22 06:04:56.528136
06:05:01,36.4,61,2026-05-22 06:05:01.553317
06:05:06,39.8,43,2026-05-22 06:05:06.581110
06:05:11,26.4,47,2026-05-22 06:05:11.608011
06:05:16,37.6,76,2026-05-22 06:05:16.624437
06:05:21,34.7,42,2026-05-22 06:05:21.644436
06:05:26,35.5,50,2026-05-22 06:05:26.672276
06:05:31,30.3,59,2026-05-22 06:05:31.694695
06:05:36,32.8,51,2026-05-22 06:05:36.712651
06:05:41,27.8,48,2026-05-22 06:05:41.735297
06:05:46,37.7,47,2026-05-22 06:05:46.754189
06:05:51,28.4,82,2026-05-22 06:05:51.772435
06:05:56,36.6,67,2026-05-22 06:05:56.788392
06:06:01,33.7,52,2026-05-22 06:06:01.805333
06:06:06,31.6,64,2026-05-22 06:06:06.822272
06:06:11,39.0,55,2026-05-22 06:06:11.841243
06:06:16,38.1,67,2026-05-22 06:06:16.869137
06:06:21,35.0,85,2026-05-22 06:06:21.908084
06:06:26,26.5,87,2026-05-22 06:06:26.939526
06:06:31,34.4,88,2026-05-22 06:06:31.988410
06:06:37,28.8,80,2026-05-22 06:06:37.026333
06:06:42,39.4,46,2026-05-22 06:06:42.058625
06:06:47,38.0,44,2026-05-22 06:06:47.109827
06:06:52,39.9,72,2026-05-22 06:06:52.134678
06:06:57,36.1,59,2026-05-22 06:06:57.163761
06:03:56,36.8,72,2026-05-22 06:03:56.235419
06:04:01,33.2,77,2026-05-22 06:04:01.254516
06:04:06,27.5,59,2026-05-22 06:04:06.270443
06:04:11,29.0,60,2026-05-22 06:04:11.288038
06:04:16,33.0,48,2026-05-22 06:04:16.314238
06:04:21,25.8,63,2026-05-22 06:04:21.335837
06:04:26,34.6,84,2026-05-22 06:04:26.362292
06:04:31,26.8,83,2026-05-22 06:04:31.390961
06:04:36,33.1,73,2026-05-22 06:04:36.418390
06:04:41,37.3,75,2026-05-22 06:04:41.445601
06:04:46,30.5,76,2026-05-22 06:04:46.469882
06:04:51,26.5,46,2026-05-22 06:04:51.499923
06:04:56,29.6,44,2026-05-22 06:04:56.528136
06:05:01,36.4,61,2026-05-22 06:05:01.553317
06:05:06,39.8,43,2026-05-22 06:05:06.581110
06:05:11,26.4,47,2026-05-22 06:05:11.608011
06:05:16,37.6,76,2026-05-22 06:05:16.624437
06:05:21,34.7,42,2026-05-22 06:05:21.644436
06:05:26,35.5,50,2026-05-22 06:05:26.672276
06:05:31,30.3,59,2026-05-22 06:05:31.694695
06:05:36,32.8,51,2026-05-22 06:05:36.712651
06:05:41,27.8,48,2026-05-22 06:05:41.735297
06:05:46,37.7,47,2026-05-22 06:05:46.754189
06:05:51,28.4,82,2026-05-22 06:05:51.772435
06:05:56,36.6,67,2026-05-22 06:05:56.788392
06:06:01,33.7,52,2026-05-22 06:06:01.805333
06:06:06,31.6,64,2026-05-22 06:06:06.822272
06:06:11,39.0,55,2026-05-22 06:06:11.841243
06:06:16,38.1,67,2026-05-22 06:06:16.869137
06:06:21,35.0,85,2026-05-22 06:06:21.908084
06:06:26,26.5,87,2026-05-22 06:06:26.939526
06:06:31,34.4,88,2026-05-22 06:06:31.988410
06:06:37,28.8,80,2026-05-22 06:06:37.026333
06:06:42,39.4,46,2026-05-22 06:06:42.058625
06:06:47,38.0,44,2026-05-22 06:06:47.109827
06:06:52,39.9,72,2026-05-22 06:06:52.134678
06:06:57,36.1,59,2026-05-22 06:06:57.163761
06:07:02,29.6,64,2026-05-22 06:07:02.195770
06:03:56,36.8,72,2026-05-22 06:03:56.235419
06:04:01,33.2,77,2026-05-22 06:04:01.254516
06:04:06,27.5,59,2026-05-22 06:04:06.270443
06:04:11,29.0,60,2026-05-22 06:04:11.288038
06:04:16,33.0,48,2026-05-22 06:04:16.314238
06:04:21,25.8,63,2026-05-22 06:04:21.335837
06:04:26,34.6,84,2026-05-22 06:04:26.362292
06:04:31,26.8,83,2026-05-22 06:04:31.390961
06:04:36,33.1,73,2026-05-22 06:04:36.418390
06:04:41,37.3,75,2026-05-22 06:04:41.445601
06:04:46,30.5,76,2026-05-22 06:04:46.469882
06:04:51,26.5,46,2026-05-22 06:04:51.499923
06:04:56,29.6,44,2026-05-22 06:04:56.528136
06:05:01,36.4,61,2026-05-22 06:05:01.553317
06:05:06,39.8,43,2026-05-22 06:05:06.581110
06:05:11,26.4,47,2026-05-22 06:05:11.608011
06:05:16,37.6,76,2026-05-22 06:05:16.624437
06:05:21,34.7,42,2026-05-22 06:05:21.644436
06:05:26,35.5,50,2026-05-22 06:05:26.672276
06:05:31,30.3,59,2026-05-22 06:05:31.694695
06:05:36,32.8,51,2026-05-22 06:05:36.712651
06:05:41,27.8,48,2026-05-22 06:05:41.735297
06:05:46,37.7,47,2026-05-22 06:05:46.754189
06:05:51,28.4,82,2026-05-22 06:05:51.772435
06:05:56,36.6,67,2026-05-22 06:05:56.788392
06:06:01,33.7,52,2026-05-22 06:06:01.805333
06:06:06,31.6,64,2026-05-22 06:06:06.822272
06:06:11,39.0,55,2026-05-22 06:06:11.841243
06:06:16,38.1,67,2026-05-22 06:06:16.869137
06:06:21,35.0,85,2026-05-22 06:06:21.908084
06:06:26,26.5,87,2026-05-22 06:06:26.939526
06:06:31,34.4,88,2026-05-22 06:06:31.988410
06:06:37,28.8,80,2026-05-22 06:06:37.026333
06:06:42,39.4,46,2026-05-22 06:06:42.058625
06:06:47,38.0,44,2026-05-22 06:06:47.109827
06:06:52,39.9,72,2026-05-22 06:06:52.134678
06:06:57,36.1,59,2026-05-22 06:06:57.163761
06:07:02,29.6,64,2026-05-22 06:07:02.195770
06:07:07,31.7,55,2026-05-22 06:07:07.214648
06:03:56,36.8,72,2026-05-22 06:03:56.235419
06:04:01,33.2,77,2026-05-22 06:04:01.254516
06:04:06,27.5,59,2026-05-22 06:04:06.270443
06:04:11,29.0,60,2026-05-22 06:04:11.288038
06:04:16,33.0,48,2026-05-22 06:04:16.314238
06:04:21,25.8,63,2026-05-22 06:04:21.335837
06:04:26,34.6,84,2026-05-22 06:04:26.362292
06:04:31,26.8,83,2026-05-22 06:04:31.390961
06:04:36,33.1,73,2026-05-22 06:04:36.418390
06:04:41,37.3,75,2026-05-22 06:04:41.445601
06:04:46,30.5,76,2026-05-22 06:04:46.469882
06:04:51,26.5,46,2026-05-22 06:04:51.499923
06:04:56,29.6,44,2026-05-22 06:04:56.528136
06:05:01,36.4,61,2026-05-22 06:05:01.553317
06:05:06,39.8,43,2026-05-22 06:05:06.581110
06:05:11,26.4,47,2026-05-22 06:05:11.608011
06:05:16,37.6,76,2026-05-22 06:05:16.624437
06:05:21,34.7,42,2026-05-22 06:05:21.644436
06:05:26,35.5,50,2026-05-22 06:05:26.672276
06:05:31,30.3,59,2026-05-22 06:05:31.694695
06:05:36,32.8,51,2026-05-22 06:05:36.712651
06:05:41,27.8,48,2026-05-22 06:05:41.735297
06:05:46,37.7,47,2026-05-22 06:05:46.754189
06:05:51,28.4,82,2026-05-22 06:05:51.772435
06:05:56,36.6,67,2026-05-22 06:05:56.788392
06:06:01,33.7,52,2026-05-22 06:06:01.805333
06:06:06,31.6,64,2026-05-22 06:06:06.822272
06:06:11,39.0,55,2026-05-22 06:06:11.841243
06:06:16,38.1,67,2026-05-22 06:06:16.869137
06:06:21,35.0,85,2026-05-22 06:06:21.908084
06:06:26,26.5,87,2026-05-22 06:06:26.939526
06:06:31,34.4,88,2026-05-22 06:06:31.988410
06:06:37,28.8,80,2026-05-22 06:06:37.026333
06:06:42,39.4,46,2026-05-22 06:06:42.058625
06:06:47,38.0,44,2026-05-22 06:06:47.109827
06:06:52,39.9,72,2026-05-22 06:06:52.134678
06:06:57,36.1,59,2026-05-22 06:06:57.163761
06:07:02,29.6,64,2026-05-22 06:07:02.195770
06:07:07,31.7,55,2026-05-22 06:07:07.214648
06:07:12,38.1,83,2026-05-22 06:07:12.231996
06:03:56,36.8,72,2026-05-22 06:03:56.235419
06:04:01,33.2,77,2026-05-22 06:04:01.254516
06:04:06,27.5,59,2026-05-22 06:04:06.270443
06:04:11,29.0,60,2026-05-22 06:04:11.288038
06:04:16,33.0,48,2026-05-22 06:04:16.314238
06:04:21,25.8,63,2026-05-22 06:04:21.335837
06:04:26,34.6,84,2026-05-22 06:04:26.362292
06:04:31,26.8,83,2026-05-22 06:04:31.390961
06:04:36,33.1,73,2026-05-22 06:04:36.418390
06:04:41,37.3,75,2026-05-22 06:04:41.445601
06:04:46,30.5,76,2026-05-22 06:04:46.469882
06:04:51,26.5,46,2026-05-22 06:04:51.499923
06:04:56,29.6,44,2026-05-22 06:04:56.528136
06:05:01,36.4,61,2026-05-22 06:05:01.553317
06:05:06,39.8,43,2026-05-22 06:05:06.581110
06:05:11,26.4,47,2026-05-22 06:05:11.608011
06:05:16,37.6,76,2026-05-22 06:05:16.624437
06:05:21,34.7,42,2026-05-22 06:05:21.644436
06:05:26,35.5,50,2026-05-22 06:05:26.672276
06:05:31,30.3,59,2026-05-22 06:05:31.694695
06:05:36,32.8,51,2026-05-22 06:05:36.712651
06:05:41,27.8,48,2026-05-22 06:05:41.735297
06:05:46,37.7,47,2026-05-22 06:05:46.754189
06:05:51,28.4,82,2026-05-22 06:05:51.772435
06:05:56,36.6,67,2026-05-22 06:05:56.788392
06:06:01,33.7,52,2026-05-22 06:06:01.805333
06:06:06,31.6,64,2026-05-22 06:06:06.822272
06:06:11,39.0,55,2026-05-22 06:06:11.841243
06:06:16,38.1,67,2026-05-22 06:06:16.869137
06:06:21,35.0,85,2026-05-22 06:06:21.908084
06:06:26,26.5,87,2026-05-22 06:06:26.939526
06:06:31,34.4,88,2026-05-22 06:06:31.988410
06:06:37,28.8,80,2026-05-22 06:06:37.026333
06:06:42,39.4,46,2026-05-22 06:06:42.058625
06:06:47,38.0,44,2026-05-22 06:06:47.109827
06:06:52,39.9,72,2026-05-22 06:06:52.134678
06:06:57,36.1,59,2026-05-22 06:06:57.163761
06:07:02,29.6,64,2026-05-22 06:07:02.195770
06:07:07,31.7,55,2026-05-22 06:07:07.214648
06:07:12,38.1,83,2026-05-22 06:07:12.231996
06:07:17,35.2,79,2026-05-22 06:07:17.249839
06:03:56,36.8,72,2026-05-22 06:03:56.235419
06:04:01,33.2,77,2026-05-22 06:04:01.254516
06:04:06,27.5,59,2026-05-22 06:04:06.270443
06:04:11,29.0,60,2026-05-22 06:04:11.288038
06:04:16,33.0,48,2026-05-22 06:04:16.314238
06:04:21,25.8,63,2026-05-22 06:04:21.335837
06:04:26,34.6,84,2026-05-22 06:04:26.362292
06:04:31,26.8,83,2026-05-22 06:04:31.390961
06:04:36,33.1,73,2026-05-22 06:04:36.418390
06:04:41,37.3,75,2026-05-22 06:04:41.445601
06:04:46,30.5,76,2026-05-22 06:04:46.469882
06:04:51,26.5,46,2026-05-22 06:04:51.499923
06:04:56,29.6,44,2026-05-22 06:04:56.528136
06:05:01,36.4,61,2026-05-22 06:05:01.553317
06:05:06,39.8,43,2026-05-22 06:05:06.581110
06:05:11,26.4,47,2026-05-22 06:05:11.608011
06:05:16,37.6,76,2026-05-22 06:05:16.624437
06:05:21,34.7,42,2026-05-22 06:05:21.644436
06:05:26,35.5,50,2026-05-22 06:05:26.672276
06:05:31,30.3,59,2026-05-22 06:05:31.694695
06:05:36,32.8,51,2026-05-22 06:05:36.712651
06:05:41,27.8,48,2026-05-22 06:05:41.735297
06:05:46,37.7,47,2026-05-22 06:05:46.754189
06:05:51,28.4,82,2026-05-22 06:05:51.772435
06:05:56,36.6,67,2026-05-22 06:05:56.788392
06:06:01,33.7,52,2026-05-22 06:06:01.805333
06:06:06,31.6,64,2026-05-22 06:06:06.822272
06:06:11,39.0,55,2026-05-22 06:06:11.841243
06:06:16,38.1,67,2026-05-22 06:06:16.869137
06:06:21,35.0,85,2026-05-22 06:06:21.908084
06:06:26,26.5,87,2026-05-22 06:06:26.939526
06:06:31,34.4,88,2026-05-22 06:06:31.988410
06:06:37,28.8,80,2026-05-22 06:06:37.026333
06:06:42,39.4,46,2026-05-22 06:06:42.058625
06:06:47,38.0,44,2026-05-22 06:06:47.109827
06:06:52,39.9,72,2026-05-22 06:06:52.134678
06:06:57,36.1,59,2026-05-22 06:06:57.163761
06:07:02,29.6,64,2026-05-22 06:07:02.195770
06:07:07,31.7,55,2026-05-22 06:07:07.214648
06:07:12,38.1,83,2026-05-22 06:07:12.231996
06:07:17,35.2,79,2026-05-22 06:07:17.249839
06:07:22,30.5,61,2026-05-22 06:07:22.277910
06:03:56,36.8,72,2026-05-22 06:03:56.235419
06:04:01,33.2,77,2026-05-22 06:04:01.254516
06:04:06,27.5,59,2026-05-22 06:04:06.270443
06:04:11,29.0,60,2026-05-22 06:04:11.288038
06:04:16,33.0,48,2026-05-22 06:04:16.314238
06:04:21,25.8,63,2026-05-22 06:04:21.335837
06:04:26,34.6,84,2026-05-22 06:04:26.362292
06:04:31,26.8,83,2026-05-22 06:04:31.390961
06:04:36,33.1,73,2026-05-22 06:04:36.418390
06:04:41,37.3,75,2026-05-22 06:04:41.445601
06:04:46,30.5,76,2026-05-22 06:04:46.469882
06:04:51,26.5,46,2026-05-22 06:04:51.499923
06:04:56,29.6,44,2026-05-22 06:04:56.528136
06:05:01,36.4,61,2026-05-22 06:05:01.553317
06:05:06,39.8,43,2026-05-22 06:05:06.581110
06:05:11,26.4,47,2026-05-22 06:05:11.608011
06:05:16,37.6,76,2026-05-22 06:05:16.624437
06:05:21,34.7,42,2026-05-22 06:05:21.644436
06:05:26,35.5,50,2026-05-22 06:05:26.672276
06:05:31,30.3,59,2026-05-22 06:05:31.694695
06:05:36,32.8,51,2026-05-22 06:05:36.712651
06:05:41,27.8,48,2026-05-22 06:05:41.735297
06:05:46,37.7,47,2026-05-22 06:05:46.754189
06:05:51,28.4,82,2026-05-22 06:05:51.772435
06:05:56,36.6,67,2026-05-22 06:05:56.788392
06:06:01,33.7,52,2026-05-22 06:06:01.805333
06:06:06,31.6,64,2026-05-22 06:06:06.822272
06:06:11,39.0,55,2026-05-22 06:06:11.841243
06:06:16,38.1,67,2026-05-22 06:06:16.869137
06:06:21,35.0,85,2026-05-22 06:06:21.908084
06:06:26,26.5,87,2026-05-22 06:06:26.939526
06:06:31,34.4,88,2026-05-22 06:06:31.988410
06:06:37,28.8,80,2026-05-22 06:06:37.026333
06:06:42,39.4,46,2026-05-22 06:06:42.058625
06:06:47,38.0,44,2026-05-22 06:06:47.109827
06:06:52,39.9,72,2026-05-22 06:06:52.134678
06:06:57,36.1,59,2026-05-22 06:06:57.163761
06:07:02,29.6,64,2026-05-22 06:07:02.195770
06:07:07,31.7,55,2026-05-22 06:07:07.214648
06:07:12,38.1,83,2026-05-22 06:07:12.231996
06:07:17,35.2,79,2026-05-22 06:07:17.249839
06:07:22,30.5,61,2026-05-22 06:07:22.277910
06:07:27,34.1,82,2026-05-22 06:07:27.306555
06:03:56,36.8,72,2026-05-22 06:03:56.235419
06:04:01,33.2,77,2026-05-22 06:04:01.254516
06:04:06,27.5,59,2026-05-22 06:04:06.270443
06:04:11,29.0,60,2026-05-22 06:04:11.288038
06:04:16,33.0,48,2026-05-22 06:04:16.314238
06:04:21,25.8,63,2026-05-22 06:04:21.335837
06:04:26,34.6,84,2026-05-22 06:04:26.362292
06:04:31,26.8,83,2026-05-22 06:04:31.390961
06:04:36,33.1,73,2026-05-22 06:04:36.418390
06:04:41,37.3,75,2026-05-22 06:04:41.445601
06:04:46,30.5,76,2026-05-22 06:04:46.469882
06:04:51,26.5,46,2026-05-22 06:04:51.499923
06:04:56,29.6,44,2026-05-22 06:04:56.528136
06:05:01,36.4,61,2026-05-22 06:05:01.553317
06:05:06,39.8,43,2026-05-22 06:05:06.581110
06:05:11,26.4,47,2026-05-22 06:05:11.608011
06:05:16,37.6,76,2026-05-22 06:05:16.624437
06:05:21,34.7,42,2026-05-22 06:05:21.644436
06:05:26,35.5,50,2026-05-22 06:05:26.672276
06:05:31,30.3,59,2026-05-22 06:05:31.694695
06:05:36,32.8,51,2026-05-22 06:05:36.712651
06:05:41,27.8,48,2026-05-22 06:05:41.735297
06:05:46,37.7,47,2026-05-22 06:05:46.754189
06:05:51,28.4,82,2026-05-22 06:05:51.772435
06:05:56,36.6,67,2026-05-22 06:05:56.788392
06:06:01,33.7,52,2026-05-22 06:06:01.805333
06:06:06,31.6,64,2026-05-22 06:06:06.822272
06:06:11,39.0,55,2026-05-22 06:06:11.841243
06:06:16,38.1,67,2026-05-22 06:06:16.869137
06:06:21,35.0,85,2026-05-22 06:06:21.908084
06:06:26,26.5,87,2026-05-22 06:06:26.939526
06:06:31,34.4,88,2026-05-22 06:06:31.988410
06:06:37,28.8,80,2026-05-22 06:06:37.026333
06:06:42,39.4,46,2026-05-22 06:06:42.058625
06:06:47,38.0,44,2026-05-22 06:06:47.109827
06:06:52,39.9,72,2026-05-22 06:06:52.134678
06:06:57,36.1,59,2026-05-22 06:06:57.163761
06:07:02,29.6,64,2026-05-22 06:07:02.195770
06:07:07,31.7,55,2026-05-22 06:07:07.214648
06:07:12,38.1,83,2026-05-22 06:07:12.231996
06:07:17,35.2,79,2026-05-22 06:07:17.249839
06:07:22,30.5,61,2026-05-22 06:07:22.277910
06:07:27,34.1,82,2026-05-22 06:07:27.306555
06:07:32,40.0,69,2026-05-22 06:07:32.331128
06:03:56,36.8,72,2026-05-22 06:03:56.235419
06:04:01,33.2,77,2026-05-22 06:04:01.254516
06:04:06,27.5,59,2026-05-22 06:04:06.270443
06:04:11,29.0,60,2026-05-22 06:04:11.288038
06:04:16,33.0,48,2026-05-22 06:04:16.314238
06:04:21,25.8,63,2026-05-22 06:04:21.335837
06:04:26,34.6,84,2026-05-22 06:04:26.362292
06:04:31,26.8,83,2026-05-22 06:04:31.390961
06:04:36,33.1,73,2026-05-22 06:04:36.418390
06:04:41,37.3,75,2026-05-22 06:04:41.445601
06:04:46,30.5,76,2026-05-22 06:04:46.469882
06:04:51,26.5,46,2026-05-22 06:04:51.499923
06:04:56,29.6,44,2026-05-22 06:04:56.528136
06:05:01,36.4,61,2026-05-22 06:05:01.553317
06:05:06,39.8,43,2026-05-22 06:05:06.581110
06:05:11,26.4,47,2026-05-22 06:05:11.608011
06:05:16,37.6,76,2026-05-22 06:05:16.624437
06:05:21,34.7,42,2026-05-22 06:05:21.644436
06:05:26,35.5,50,2026-05-22 06:05:26.672276
06:05:31,30.3,59,2026-05-22 06:05:31.694695
06:05:36,32.8,51,2026-05-22 06:05:36.712651
06:05:41,27.8,48,2026-05-22 06:05:41.735297
06:05:46,37.7,47,2026-05-22 06:05:46.754189
06:05:51,28.4,82,2026-05-22 06:05:51.772435
06:05:56,36.6,67,2026-05-22 06:05:56.788392
06:06:01,33.7,52,2026-05-22 06:06:01.805333
06:06:06,31.6,64,2026-05-22 06:06:06.822272
06:06:11,39.0,55,2026-05-22 06:06:11.841243
06:06:16,38.1,67,2026-05-22 06:06:16.869137
06:06:21,35.0,85,2026-05-22 06:06:21.908084
06:06:26,26.5,87,2026-05-22 06:06:26.939526
06:06:31,34.4,88,2026-05-22 06:06:31.988410
06:06:37,28.8,80,2026-05-22 06:06:37.026333
06:06:42,39.4,46,2026-05-22 06:06:42.058625
06:06:47,38.0,44,2026-05-22 06:06:47.109827
06:06:52,39.9,72,2026-05-22 06:06:52.134678
06:06:57,36.1,59,2026-05-22 06:06:57.163761
06:07:02,29.6,64,2026-05-22 06:07:02.195770
06:07:07,31.7,55,2026-05-22 06:07:07.214648
06:07:12,38.1,83,2026-05-22 06:07:12.231996
06:07:17,35.2,79,2026-05-22 06:07:17.249839
06:07:22,30.5,61,2026-05-22 06:07:22.277910
06:07:27,34.1,82,2026-05-22 06:07:27.306555
06:07:32,40.0,69,2026-05-22 06:07:32.331128
06:07:37,31.6,67,2026-05-22 06:07:37.359238
06:03:56,36.8,72,2026-05-22 06:03:56.235419
06:04:01,33.2,77,2026-05-22 06:04:01.254516
06:04:06,27.5,59,2026-05-22 06:04:06.270443
06:04:11,29.0,60,2026-05-22 06:04:11.288038
06:04:16,33.0,48,2026-05-22 06:04:16.314238
06:04:21,25.8,63,2026-05-22 06:04:21.335837
06:04:26,34.6,84,2026-05-22 06:04:26.362292
06:04:31,26.8,83,2026-05-22 06:04:31.390961
06:04:36,33.1,73,2026-05-22 06:04:36.418390
06:04:41,37.3,75,2026-05-22 06:04:41.445601
06:04:46,30.5,76,2026-05-22 06:04:46.469882
06:04:51,26.5,46,2026-05-22 06:04:51.499923
06:04:56,29.6,44,2026-05-22 06:04:56.528136
06:05:01,36.4,61,2026-05-22 06:05:01.553317
06:05:06,39.8,43,2026-05-22 06:05:06.581110
06:05:11,26.4,47,2026-05-22 06:05:11.608011
06:05:16,37.6,76,2026-05-22 06:05:16.624437
06:05:21,34.7,42,2026-05-22 06:05:21.644436
06:05:26,35.5,50,2026-05-22 06:05:26.672276
06:05:31,30.3,59,2026-05-22 06:05:31.694695
06:05:36,32.8,51,2026-05-22 06:05:36.712651
06:05:41,27.8,48,2026-05-22 06:05:41.735297
06:05:46,37.7,47,2026-05-22 06:05:46.754189
06:05:51,28.4,82,2026-05-22 06:05:51.772435
06:05:56,36.6,67,2026-05-22 06:05:56.788392
06:06:01,33.7,52,2026-05-22 06:06:01.805333
06:06:06,31.6,64,2026-05-22 06:06:06.822272
06:06:11,39.0,55,2026-05-22 06:06:11.841243
06:06:16,38.1,67,2026-05-22 06:06:16.869137
06:06:21,35.0,85,2026-05-22 06:06:21.908084
06:06:26,26.5,87,2026-05-22 06:06:26.939526
06:06:31,34.4,88,2026-05-22 06:06:31.988410
06:06:37,28.8,80,2026-05-22 06:06:37.026333
06:06:42,39.4,46,2026-05-22 06:06:42.058625
06:06:47,38.0,44,2026-05-22 06:06:47.109827
06:06:52,39.9,72,2026-05-22 06:06:52.134678
06:06:57,36.1,59,2026-05-22 06:06:57.163761
06:07:02,29.6,64,2026-05-22 06:07:02.195770
06:07:07,31.7,55,2026-05-22 06:07:07.214648
06:07:12,38.1,83,2026-05-22 06:07:12.231996
06:07:17,35.2,79,2026-05-22 06:07:17.249839
06:07:22,30.5,61,2026-05-22 06:07:22.277910
06:07:27,34.1,82,2026-05-22 06:07:27.306555
06:07:32,40.0,69,2026-05-22 06:07:32.331128
06:07:37,31.6,67,2026-05-22 06:07:37.359238
06:07:42,25.9,74,2026-05-22 06:07:42.393680
06:03:56,36.8,72,2026-05-22 06:03:56.235419
06:04:01,33.2,77,2026-05-22 06:04:01.254516
06:04:06,27.5,59,2026-05-22 06:04:06.270443
06:04:11,29.0,60,2026-05-22 06:04:11.288038
06:04:16,33.0,48,2026-05-22 06:04:16.314238
06:04:21,25.8,63,2026-05-22 06:04:21.335837
06:04:26,34.6,84,2026-05-22 06:04:26.362292
06:04:31,26.8,83,2026-05-22 06:04:31.390961
06:04:36,33.1,73,2026-05-22 06:04:36.418390
06:04:41,37.3,75,2026-05-22 06:04:41.445601
06:04:46,30.5,76,2026-05-22 06:04:46.469882
06:04:51,26.5,46,2026-05-22 06:04:51.499923
06:04:56,29.6,44,2026-05-22 06:04:56.528136
06:05:01,36.4,61,2026-05-22 06:05:01.553317
06:05:06,39.8,43,2026-05-22 06:05:06.581110
06:05:11,26.4,47,2026-05-22 06:05:11.608011
06:05:16,37.6,76,2026-05-22 06:05:16.624437
06:05:21,34.7,42,2026-05-22 06:05:21.644436
06:05:26,35.5,50,2026-05-22 06:05:26.672276
06:05:31,30.3,59,2026-05-22 06:05:31.694695
06:05:36,32.8,51,2026-05-22 06:05:36.712651
06:05:41,27.8,48,2026-05-22 06:05:41.735297
06:05:46,37.7,47,2026-05-22 06:05:46.754189
06:05:51,28.4,82,2026-05-22 06:05:51.772435
06:05:56,36.6,67,2026-05-22 06:05:56.788392
06:06:01,33.7,52,2026-05-22 06:06:01.805333
06:06:06,31.6,64,2026-05-22 06:06:06.822272
06:06:11,39.0,55,2026-05-22 06:06:11.841243
06:06:16,38.1,67,2026-05-22 06:06:16.869137
06:06:21,35.0,85,2026-05-22 06:06:21.908084
06:06:26,26.5,87,2026-05-22 06:06:26.939526
06:06:31,34.4,88,2026-05-22 06:06:31.988410
06:06:37,28.8,80,2026-05-22 06:06:37.026333
06:06:42,39.4,46,2026-05-22 06:06:42.058625
06:06:47,38.0,44,2026-05-22 06:06:47.109827
06:06:52,39.9,72,2026-05-22 06:06:52.134678
06:06:57,36.1,59,2026-05-22 06:06:57.163761
06:07:02,29.6,64,2026-05-22 06:07:02.195770
06:07:07,31.7,55,2026-05-22 06:07:07.214648
06:07:12,38.1,83,2026-05-22 06:07:12.231996
06:07:17,35.2,79,2026-05-22 06:07:17.249839
06:07:22,30.5,61,2026-05-22 06:07:22.277910
06:07:27,34.1,82,2026-05-22 06:07:27.306555
06:07:32,40.0,69,2026-05-22 06:07:32.331128
06:07:37,31.6,67,2026-05-22 06:07:37.359238
06:07:42,25.9,74,2026-05-22 06:07:42.393680
06:07:47,30.4,62,2026-05-22 06:07:47.425066
06:03:56,36.8,72,2026-05-22 06:03:56.235419
06:04:01,33.2,77,2026-05-22 06:04:01.254516
06:04:06,27.5,59,2026-05-22 06:04:06.270443
06:04:11,29.0,60,2026-05-22 06:04:11.288038
06:04:16,33.0,48,2026-05-22 06:04:16.314238
06:04:21,25.8,63,2026-05-22 06:04:21.335837
06:04:26,34.6,84,2026-05-22 06:04:26.362292
06:04:31,26.8,83,2026-05-22 06:04:31.390961
06:04:36,33.1,73,2026-05-22 06:04:36.418390
06:04:41,37.3,75,2026-05-22 06:04:41.445601
06:04:46,30.5,76,2026-05-22 06:04:46.469882
06:04:51,26.5,46,2026-05-22 06:04:51.499923
06:04:56,29.6,44,2026-05-22 06:04:56.528136
06:05:01,36.4,61,2026-05-22 06:05:01.553317
06:05:06,39.8,43,2026-05-22 06:05:06.581110
06:05:11,26.4,47,2026-05-22 06:05:11.608011
06:05:16,37.6,76,2026-05-22 06:05:16.624437
06:05:21,34.7,42,2026-05-22 06:05:21.644436
06:05:26,35.5,50,2026-05-22 06:05:26.672276
06:05:31,30.3,59,2026-05-22 06:05:31.694695
06:05:36,32.8,51,2026-05-22 06:05:36.712651
06:05:41,27.8,48,2026-05-22 06:05:41.735297
06:05:46,37.7,47,2026-05-22 06:05:46.754189
06:05:51,28.4,82,2026-05-22 06:05:51.772435
06:05:56,36.6,67,2026-05-22 06:05:56.788392
06:06:01,33.7,52,2026-05-22 06:06:01.805333
06:06:06,31.6,64,2026-05-22 06:06:06.822272
06:06:11,39.0,55,2026-05-22 06:06:11.841243
06:06:16,38.1,67,2026-05-22 06:06:16.869137
06:06:21,35.0,85,2026-05-22 06:06:21.908084
06:06:26,26.5,87,2026-05-22 06:06:26.939526
06:06:31,34.4,88,2026-05-22 06:06:31.988410
06:06:37,28.8,80,2026-05-22 06:06:37.026333
06:06:42,39.4,46,2026-05-22 06:06:42.058625
06:06:47,38.0,44,2026-05-22 06:06:47.109827
06:06:52,39.9,72,2026-05-22 06:06:52.134678
06:06:57,36.1,59,2026-05-22 06:06:57.163761
06:07:02,29.6,64,2026-05-22 06:07:02.195770
06:07:07,31.7,55,2026-05-22 06:07:07.214648
06:07:12,38.1,83,2026-05-22 06:07:12.231996
06:07:17,35.2,79,2026-05-22 06:07:17.249839
06:07:22,30.5,61,2026-05-22 06:07:22.277910
06:07:27,34.1,82,2026-05-22 06:07:27.306555
06:07:32,40.0,69,2026-05-22 06:07:32.331128
06:07:37,31.6,67,2026-05-22 06:07:37.359238
06:07:42,25.9,74,2026-05-22 06:07:42.393680
06:07:47,30.4,62,2026-05-22 06:07:47.425066
06:07:52,39.3,73,2026-05-22 06:07:52.448057
06:03:56,36.8,72,2026-05-22 06:03:56.235419
06:04:01,33.2,77,2026-05-22 06:04:01.254516
06:04:06,27.5,59,2026-05-22 06:04:06.270443
06:04:11,29.0,60,2026-05-22 06:04:11.288038
06:04:16,33.0,48,2026-05-22 06:04:16.314238
06:04:21,25.8,63,2026-05-22 06:04:21.335837
06:04:26,34.6,84,2026-05-22 06:04:26.362292
06:04:31,26.8,83,2026-05-22 06:04:31.390961
06:04:36,33.1,73,2026-05-22 06:04:36.418390
06:04:41,37.3,75,2026-05-22 06:04:41.445601
06:04:46,30.5,76,2026-05-22 06:04:46.469882
06:04:51,26.5,46,2026-05-22 06:04:51.499923
06:04:56,29.6,44,2026-05-22 06:04:56.528136
06:05:01,36.4,61,2026-05-22 06:05:01.553317
06:05:06,39.8,43,2026-05-22 06:05:06.581110
06:05:11,26.4,47,2026-05-22 06:05:11.608011
06:05:16,37.6,76,2026-05-22 06:05:16.624437
06:05:21,34.7,42,2026-05-22 06:05:21.644436
06:05:26,35.5,50,2026-05-22 06:05:26.672276
06:05:31,30.3,59,2026-05-22 06:05:31.694695
06:05:36,32.8,51,2026-05-22 06:05:36.712651
06:05:41,27.8,48,2026-05-22 06:05:41.735297
06:05:46,37.7,47,2026-05-22 06:05:46.754189
06:05:51,28.4,82,2026-05-22 06:05:51.772435
06:05:56,36.6,67,2026-05-22 06:05:56.788392
06:06:01,33.7,52,2026-05-22 06:06:01.805333
06:06:06,31.6,64,2026-05-22 06:06:06.822272
06:06:11,39.0,55,2026-05-22 06:06:11.841243
06:06:16,38.1,67,2026-05-22 06:06:16.869137
06:06:21,35.0,85,2026-05-22 06:06:21.908084
06:06:26,26.5,87,2026-05-22 06:06:26.939526
06:06:31,34.4,88,2026-05-22 06:06:31.988410
06:06:37,28.8,80,2026-05-22 06:06:37.026333
06:06:42,39.4,46,2026-05-22 06:06:42.058625
06:06:47,38.0,44,2026-05-22 06:06:47.109827
06:06:52,39.9,72,2026-05-22 06:06:52.134678
06:06:57,36.1,59,2026-05-22 06:06:57.163761
06:07:02,29.6,64,2026-05-22 06:07:02.195770
06:07:07,31.7,55,2026-05-22 06:07:07.214648
06:07:12,38.1,83,2026-05-22 06:07:12.231996
06:07:17,35.2,79,2026-05-22 06:07:17.249839
06:07:22,30.5,61,2026-05-22 06:07:22.277910
06:07:27,34.1,82,2026-05-22 06:07:27.306555
06:07:32,40.0,69,2026-05-22 06:07:32.331128
06:07:37,31.6,67,2026-05-22 06:07:37.359238
06:07:42,25.9,74,2026-05-22 06:07:42.393680
06:07:47,30.4,62,2026-05-22 06:07:47.425066
06:07:52,39.3,73,2026-05-22 06:07:52.448057
06:07:57,39.7,61,2026-05-22 06:07:57.487800
06:03:56,36.8,72,2026-05-22 06:03:56.235419
06:04:01,33.2,77,2026-05-22 06:04:01.254516
06:04:06,27.5,59,2026-05-22 06:04:06.270443
06:04:11,29.0,60,2026-05-22 06:04:11.288038
06:04:16,33.0,48,2026-05-22 06:04:16.314238
06:04:21,25.8,63,2026-05-22 06:04:21.335837
06:04:26,34.6,84,2026-05-22 06:04:26.362292
06:04:31,26.8,83,2026-05-22 06:04:31.390961
06:04:36,33.1,73,2026-05-22 06:04:36.418390
06:04:41,37.3,75,2026-05-22 06:04:41.445601
06:04:46,30.5,76,2026-05-22 06:04:46.469882
06:04:51,26.5,46,2026-05-22 06:04:51.499923
06:04:56,29.6,44,2026-05-22 06:04:56.528136
06:05:01,36.4,61,2026-05-22 06:05:01.553317
06:05:06,39.8,43,2026-05-22 06:05:06.581110
06:05:11,26.4,47,2026-05-22 06:05:11.608011
06:05:16,37.6,76,2026-05-22 06:05:16.624437
06:05:21,34.7,42,2026-05-22 06:05:21.644436
06:05:26,35.5,50,2026-05-22 06:05:26.672276
06:05:31,30.3,59,2026-05-22 06:05:31.694695
06:05:36,32.8,51,2026-05-22 06:05:36.712651
06:05:41,27.8,48,2026-05-22 06:05:41.735297
06:05:46,37.7,47,2026-05-22 06:05:46.754189
06:05:51,28.4,82,2026-05-22 06:05:51.772435
06:05:56,36.6,67,2026-05-22 06:05:56.788392
06:06:01,33.7,52,2026-05-22 06:06:01.805333
06:06:06,31.6,64,2026-05-22 06:06:06.822272
06:06:11,39.0,55,2026-05-22 06:06:11.841243
06:06:16,38.1,67,2026-05-22 06:06:16.869137
06:06:21,35.0,85,2026-05-22 06:06:21.908084
06:06:26,26.5,87,2026-05-22 06:06:26.939526
06:06:31,34.4,88,2026-05-22 06:06:31.988410
06:06:37,28.8,80,2026-05-22 06:06:37.026333
06:06:42,39.4,46,2026-05-22 06:06:42.058625
06:06:47,38.0,44,2026-05-22 06:06:47.109827
06:06:52,39.9,72,2026-05-22 06:06:52.134678
06:06:57,36.1,59,2026-05-22 06:06:57.163761
06:07:02,29.6,64,2026-05-22 06:07:02.195770
06:07:07,31.7,55,2026-05-22 06:07:07.214648
06:07:12,38.1,83,2026-05-22 06:07:12.231996
06:07:17,35.2,79,2026-05-22 06:07:17.249839
06:07:22,30.5,61,2026-05-22 06:07:22.277910
06:07:27,34.1,82,2026-05-22 06:07:27.306555
06:07:32,40.0,69,2026-05-22 06:07:32.331128
06:07:37,31.6,67,2026-05-22 06:07:37.359238
06:07:42,25.9,74,2026-05-22 06:07:42.393680
06:07:47,30.4,62,2026-05-22 06:07:47.425066
06:07:52,39.3,73,2026-05-22 06:07:52.448057
06:07:57,39.7,61,2026-05-22 06:07:57.487800
06:08:02,28.2,48,2026-05-22 06:08:02.507235
06:08:07,35.2,54,2026-05-22 06:08:07.527879
06:08:07,35.2,54,2026-05-22 06:08:07.527879
06:08:12,33.1,40,2026-05-22 06:08:12.554512
06:08:07,35.2,54,2026-05-22 06:08:07.527879
06:08:12,33.1,40,2026-05-22 06:08:12.554512
06:08:17,28.0,51,2026-05-22 06:08:17.577344
06:08:07,35.2,54,2026-05-22 06:08:07.527879
06:08:12,33.1,40,2026-05-22 06:08:12.554512
06:08:17,28.0,51,2026-05-22 06:08:17.577344
06:08:22,34.0,77,2026-05-22 06:08:22.593781
06:08:07,35.2,54,2026-05-22 06:08:07.527879
06:08:12,33.1,40,2026-05-22 06:08:12.554512
06:08:17,28.0,51,2026-05-22 06:08:17.577344
06:08:22,34.0,77,2026-05-22 06:08:22.593781
06:08:27,32.4,45,2026-05-22 06:08:27.616957
06:08:07,35.2,54,2026-05-22 06:08:07.527879
06:08:12,33.1,40,2026-05-22 06:08:12.554512
06:08:17,28.0,51,2026-05-22 06:08:17.577344
06:08:22,34.0,77,2026-05-22 06:08:22.593781
06:08:27,32.4,45,2026-05-22 06:08:27.616957
06:08:32,36.7,89,2026-05-22 06:08:32.654987
06:08:07,35.2,54,2026-05-22 06:08:07.527879
06:08:12,33.1,40,2026-05-22 06:08:12.554512
06:08:17,28.0,51,2026-05-22 06:08:17.577344
06:08:22,34.0,77,2026-05-22 06:08:22.593781
06:08:27,32.4,45,2026-05-22 06:08:27.616957
06:08:32,36.7,89,2026-05-22 06:08:32.654987
06:08:37,25.8,53,2026-05-22 06:08:37.682343
06:08:07,35.2,54,2026-05-22 06:08:07.527879
06:08:12,33.1,40,2026-05-22 06:08:12.554512
06:08:17,28.0,51,2026-05-22 06:08:17.577344
06:08:22,34.0,77,2026-05-22 06:08:22.593781
06:08:27,32.4,45,2026-05-22 06:08:27.616957
06:08:32,36.7,89,2026-05-22 06:08:32.654987
06:08:37,25.8,53,2026-05-22 06:08:37.682343
06:08:42,36.1,49,2026-05-22 06:08:42.705898
06:08:07,35.2,54,2026-05-22 06:08:07.527879
06:08:12,33.1,40,2026-05-22 06:08:12.554512
06:08:17,28.0,51,2026-05-22 06:08:17.577344
06:08:22,34.0,77,2026-05-22 06:08:22.593781
06:08:27,32.4,45,2026-05-22 06:08:27.616957
06:08:32,36.7,89,2026-05-22 06:08:32.654987
06:08:37,25.8,53,2026-05-22 06:08:37.682343
06:08:42,36.1,49,2026-05-22 06:08:42.705898
06:08:47,37.1,78,2026-05-22 06:08:47.741390
06:08:07,35.2,54,2026-05-22 06:08:07.527879
06:08:12,33.1,40,2026-05-22 06:08:12.554512
06:08:17,28.0,51,2026-05-22 06:08:17.577344
06:08:22,34.0,77,2026-05-22 06:08:22.593781
06:08:27,32.4,45,2026-05-22 06:08:27.616957
06:08:32,36.7,89,2026-05-22 06:08:32.654987
06:08:37,25.8,53,2026-05-22 06:08:37.682343
06:08:42,36.1,49,2026-05-22 06:08:42.705898
06:08:47,37.1,78,2026-05-22 06:08:47.741390
06:08:52,30.4,48,2026-05-22 06:08:52.764046
06:08:07,35.2,54,2026-05-22 06:08:07.527879
06:08:12,33.1,40,2026-05-22 06:08:12.554512
06:08:17,28.0,51,2026-05-22 06:08:17.577344
06:08:22,34.0,77,2026-05-22 06:08:22.593781
06:08:27,32.4,45,2026-05-22 06:08:27.616957
06:08:32,36.7,89,2026-05-22 06:08:32.654987
06:08:37,25.8,53,2026-05-22 06:08:37.682343
06:08:42,36.1,49,2026-05-22 06:08:42.705898
06:08:47,37.1,78,2026-05-22 06:08:47.741390
06:08:52,30.4,48,2026-05-22 06:08:52.764046
06:08:57,28.4,45,2026-05-22 06:08:57.783489
06:08:07,35.2,54,2026-05-22 06:08:07.527879
06:08:12,33.1,40,2026-05-22 06:08:12.554512
06:08:17,28.0,51,2026-05-22 06:08:17.577344
06:08:22,34.0,77,2026-05-22 06:08:22.593781
06:08:27,32.4,45,2026-05-22 06:08:27.616957
06:08:32,36.7,89,2026-05-22 06:08:32.654987
06:08:37,25.8,53,2026-05-22 06:08:37.682343
06:08:42,36.1,49,2026-05-22 06:08:42.705898
06:08:47,37.1,78,2026-05-22 06:08:47.741390
06:08:52,30.4,48,2026-05-22 06:08:52.764046
06:08:57,28.4,45,2026-05-22 06:08:57.783489
06:09:02,35.2,68,2026-05-22 06:09:02.805764
06:08:07,35.2,54,2026-05-22 06:08:07.527879
06:08:12,33.1,40,2026-05-22 06:08:12.554512
06:08:17,28.0,51,2026-05-22 06:08:17.577344
06:08:22,34.0,77,2026-05-22 06:08:22.593781
06:08:27,32.4,45,2026-05-22 06:08:27.616957
06:08:32,36.7,89,2026-05-22 06:08:32.654987
06:08:37,25.8,53,2026-05-22 06:08:37.682343
06:08:42,36.1,49,2026-05-22 06:08:42.705898
06:08:47,37.1,78,2026-05-22 06:08:47.741390
06:08:52,30.4,48,2026-05-22 06:08:52.764046
06:08:57,28.4,45,2026-05-22 06:08:57.783489
06:09:02,35.2,68,2026-05-22 06:09:02.805764
06:09:07,32.0,45,2026-05-22 06:09:07.824404
06:08:07,35.2,54,2026-05-22 06:08:07.527879
06:08:12,33.1,40,2026-05-22 06:08:12.554512
06:08:17,28.0,51,2026-05-22 06:08:17.577344
06:08:22,34.0,77,2026-05-22 06:08:22.593781
06:08:27,32.4,45,2026-05-22 06:08:27.616957
06:08:32,36.7,89,2026-05-22 06:08:32.654987
06:08:37,25.8,53,2026-05-22 06:08:37.682343
06:08:42,36.1,49,2026-05-22 06:08:42.705898
06:08:47,37.1,78,2026-05-22 06:08:47.741390
06:08:52,30.4,48,2026-05-22 06:08:52.764046
06:08:57,28.4,45,2026-05-22 06:08:57.783489
06:09:02,35.2,68,2026-05-22 06:09:02.805764
06:09:07,32.0,45,2026-05-22 06:09:07.824404
06:09:12,26.3,42,2026-05-22 06:09:12.851132
06:08:07,35.2,54,2026-05-22 06:08:07.527879
06:08:12,33.1,40,2026-05-22 06:08:12.554512
06:08:17,28.0,51,2026-05-22 06:08:17.577344
06:08:22,34.0,77,2026-05-22 06:08:22.593781
06:08:27,32.4,45,2026-05-22 06:08:27.616957
06:08:32,36.7,89,2026-05-22 06:08:32.654987
06:08:37,25.8,53,2026-05-22 06:08:37.682343
06:08:42,36.1,49,2026-05-22 06:08:42.705898
06:08:47,37.1,78,2026-05-22 06:08:47.741390
06:08:52,30.4,48,2026-05-22 06:08:52.764046
06:08:57,28.4,45,2026-05-22 06:08:57.783489
06:09:02,35.2,68,2026-05-22 06:09:02.805764
06:09:07,32.0,45,2026-05-22 06:09:07.824404
06:09:12,26.3,42,2026-05-22 06:09:12.851132
06:09:17,33.3,56,2026-05-22 06:09:17.872536
06:09:22,37.6,62,2026-05-22 06:09:22.896428
06:09:27,27.9,79,2026-05-22 06:09:27.927319
06:09:27,27.9,79,2026-05-22 06:09:27.927319
06:09:32,30.6,69,2026-05-22 06:09:32.954092
06:09:27,27.9,79,2026-05-22 06:09:27.927319
06:09:32,30.6,69,2026-05-22 06:09:32.954092
06:09:37,36.9,55,2026-05-22 06:09:37.971427
06:09:27,27.9,79,2026-05-22 06:09:27.927319
06:09:32,30.6,69,2026-05-22 06:09:32.954092
06:09:37,36.9,55,2026-05-22 06:09:37.971427
06:09:42,30.1,82,2026-05-22 06:09:42.987647
06:09:27,27.9,79,2026-05-22 06:09:27.927319
06:09:32,30.6,69,2026-05-22 06:09:32.954092
06:09:37,36.9,55,2026-05-22 06:09:37.971427
06:09:42,30.1,82,2026-05-22 06:09:42.987647
06:09:48,39.3,41,2026-05-22 06:09:48.011755
06:09:27,27.9,79,2026-05-22 06:09:27.927319
06:09:32,30.6,69,2026-05-22 06:09:32.954092
06:09:37,36.9,55,2026-05-22 06:09:37.971427
06:09:42,30.1,82,2026-05-22 06:09:42.987647
06:09:48,39.3,41,2026-05-22 06:09:48.011755
06:09:53,31.5,45,2026-05-22 06:09:53.032004
06:09:27,27.9,79,2026-05-22 06:09:27.927319
06:09:32,30.6,69,2026-05-22 06:09:32.954092
06:09:37,36.9,55,2026-05-22 06:09:37.971427
06:09:42,30.1,82,2026-05-22 06:09:42.987647
06:09:48,39.3,41,2026-05-22 06:09:48.011755
06:09:53,31.5,45,2026-05-22 06:09:53.032004
06:09:58,31.9,52,2026-05-22 06:09:58.050717
06:09:27,27.9,79,2026-05-22 06:09:27.927319
06:09:32,30.6,69,2026-05-22 06:09:32.954092
06:09:37,36.9,55,2026-05-22 06:09:37.971427
06:09:42,30.1,82,2026-05-22 06:09:42.987647
06:09:48,39.3,41,2026-05-22 06:09:48.011755
06:09:53,31.5,45,2026-05-22 06:09:53.032004
06:09:58,31.9,52,2026-05-22 06:09:58.050717
06:10:03,37.6,63,2026-05-22 06:10:03.078335
06:09:27,27.9,79,2026-05-22 06:09:27.927319
06:09:32,30.6,69,2026-05-22 06:09:32.954092
06:09:37,36.9,55,2026-05-22 06:09:37.971427
06:09:42,30.1,82,2026-05-22 06:09:42.987647
06:09:48,39.3,41,2026-05-22 06:09:48.011755
06:09:53,31.5,45,2026-05-22 06:09:53.032004
06:09:58,31.9,52,2026-05-22 06:09:58.050717
06:10:03,37.6,63,2026-05-22 06:10:03.078335
06:10:08,29.6,67,2026-05-22 06:10:08.094977
06:09:27,27.9,79,2026-05-22 06:09:27.927319
06:09:32,30.6,69,2026-05-22 06:09:32.954092
06:09:37,36.9,55,2026-05-22 06:09:37.971427
06:09:42,30.1,82,2026-05-22 06:09:42.987647
06:09:48,39.3,41,2026-05-22 06:09:48.011755
06:09:53,31.5,45,2026-05-22 06:09:53.032004
06:09:58,31.9,52,2026-05-22 06:09:58.050717
06:10:03,37.6,63,2026-05-22 06:10:03.078335
06:10:08,29.6,67,2026-05-22 06:10:08.094977
06:10:13,28.3,72,2026-05-22 06:10:13.114355
06:09:27,27.9,79,2026-05-22 06:09:27.927319
06:09:32,30.6,69,2026-05-22 06:09:32.954092
06:09:37,36.9,55,2026-05-22 06:09:37.971427
06:09:42,30.1,82,2026-05-22 06:09:42.987647
06:09:48,39.3,41,2026-05-22 06:09:48.011755
06:09:53,31.5,45,2026-05-22 06:09:53.032004
06:09:58,31.9,52,2026-05-22 06:09:58.050717
06:10:03,37.6,63,2026-05-22 06:10:03.078335
06:10:08,29.6,67,2026-05-22 06:10:08.094977
06:10:13,28.3,72,2026-05-22 06:10:13.114355
06:10:18,25.1,50,2026-05-22 06:10:18.144298
06:09:27,27.9,79,2026-05-22 06:09:27.927319
06:09:32,30.6,69,2026-05-22 06:09:32.954092
06:09:37,36.9,55,2026-05-22 06:09:37.971427
06:09:42,30.1,82,2026-05-22 06:09:42.987647
06:09:48,39.3,41,2026-05-22 06:09:48.011755
06:09:53,31.5,45,2026-05-22 06:09:53.032004
06:09:58,31.9,52,2026-05-22 06:09:58.050717
06:10:03,37.6,63,2026-05-22 06:10:03.078335
06:10:08,29.6,67,2026-05-22 06:10:08.094977
06:10:13,28.3,72,2026-05-22 06:10:13.114355
06:10:18,25.1,50,2026-05-22 06:10:18.144298
06:10:23,27.7,88,2026-05-22 06:10:23.179611
06:09:27,27.9,79,2026-05-22 06:09:27.927319
06:09:32,30.6,69,2026-05-22 06:09:32.954092
06:09:37,36.9,55,2026-05-22 06:09:37.971427
06:09:42,30.1,82,2026-05-22 06:09:42.987647
06:09:48,39.3,41,2026-05-22 06:09:48.011755
06:09:53,31.5,45,2026-05-22 06:09:53.032004
06:09:58,31.9,52,2026-05-22 06:09:58.050717
06:10:03,37.6,63,2026-05-22 06:10:03.078335
06:10:08,29.6,67,2026-05-22 06:10:08.094977
06:10:13,28.3,72,2026-05-22 06:10:13.114355
06:10:18,25.1,50,2026-05-22 06:10:18.144298
06:10:23,27.7,88,2026-05-22 06:10:23.179611
06:10:28,26.3,61,2026-05-22 06:10:28.207267
06:09:27,27.9,79,2026-05-22 06:09:27.927319
06:09:32,30.6,69,2026-05-22 06:09:32.954092
06:09:37,36.9,55,2026-05-22 06:09:37.971427
06:09:42,30.1,82,2026-05-22 06:09:42.987647
06:09:48,39.3,41,2026-05-22 06:09:48.011755
06:09:53,31.5,45,2026-05-22 06:09:53.032004
06:09:58,31.9,52,2026-05-22 06:09:58.050717
06:10:03,37.6,63,2026-05-22 06:10:03.078335
06:10:08,29.6,67,2026-05-22 06:10:08.094977
06:10:13,28.3,72,2026-05-22 06:10:13.114355
06:10:18,25.1,50,2026-05-22 06:10:18.144298
06:10:23,27.7,88,2026-05-22 06:10:23.179611
06:10:28,26.3,61,2026-05-22 06:10:28.207267
06:10:33,27.7,46,2026-05-22 06:10:33.238587
06:09:27,27.9,79,2026-05-22 06:09:27.927319
06:09:32,30.6,69,2026-05-22 06:09:32.954092
06:09:37,36.9,55,2026-05-22 06:09:37.971427
06:09:42,30.1,82,2026-05-22 06:09:42.987647
06:09:48,39.3,41,2026-05-22 06:09:48.011755
06:09:53,31.5,45,2026-05-22 06:09:53.032004
06:09:58,31.9,52,2026-05-22 06:09:58.050717
06:10:03,37.6,63,2026-05-22 06:10:03.078335
06:10:08,29.6,67,2026-05-22 06:10:08.094977
06:10:13,28.3,72,2026-05-22 06:10:13.114355
06:10:18,25.1,50,2026-05-22 06:10:18.144298
06:10:23,27.7,88,2026-05-22 06:10:23.179611
06:10:28,26.3,61,2026-05-22 06:10:28.207267
06:10:33,27.7,46,2026-05-22 06:10:33.238587
06:10:38,38.6,87,2026-05-22 06:10:38.261246
06:09:27,27.9,79,2026-05-22 06:09:27.927319
06:09:32,30.6,69,2026-05-22 06:09:32.954092
06:09:37,36.9,55,2026-05-22 06:09:37.971427
06:09:42,30.1,82,2026-05-22 06:09:42.987647
06:09:48,39.3,41,2026-05-22 06:09:48.011755
06:09:53,31.5,45,2026-05-22 06:09:53.032004
06:09:58,31.9,52,2026-05-22 06:09:58.050717
06:10:03,37.6,63,2026-05-22 06:10:03.078335
06:10:08,29.6,67,2026-05-22 06:10:08.094977
06:10:13,28.3,72,2026-05-22 06:10:13.114355
06:10:18,25.1,50,2026-05-22 06:10:18.144298
06:10:23,27.7,88,2026-05-22 06:10:23.179611
06:10:28,26.3,61,2026-05-22 06:10:28.207267
06:10:33,27.7,46,2026-05-22 06:10:33.238587
06:10:38,38.6,87,2026-05-22 06:10:38.261246
06:10:43,26.8,46,2026-05-22 06:10:43.277755
06:09:27,27.9,79,2026-05-22 06:09:27.927319
06:09:32,30.6,69,2026-05-22 06:09:32.954092
06:09:37,36.9,55,2026-05-22 06:09:37.971427
06:09:42,30.1,82,2026-05-22 06:09:42.987647
06:09:48,39.3,41,2026-05-22 06:09:48.011755
06:09:53,31.5,45,2026-05-22 06:09:53.032004
06:09:58,31.9,52,2026-05-22 06:09:58.050717
06:10:03,37.6,63,2026-05-22 06:10:03.078335
06:10:08,29.6,67,2026-05-22 06:10:08.094977
06:10:13,28.3,72,2026-05-22 06:10:13.114355
06:10:18,25.1,50,2026-05-22 06:10:18.144298
06:10:23,27.7,88,2026-05-22 06:10:23.179611
06:10:28,26.3,61,2026-05-22 06:10:28.207267
06:10:33,27.7,46,2026-05-22 06:10:33.238587
06:10:38,38.6,87,2026-05-22 06:10:38.261246
06:10:43,26.8,46,2026-05-22 06:10:43.277755
06:10:48,37.7,84,2026-05-22 06:10:48.294144
06:09:27,27.9,79,2026-05-22 06:09:27.927319
06:09:32,30.6,69,2026-05-22 06:09:32.954092
06:09:37,36.9,55,2026-05-22 06:09:37.971427
06:09:42,30.1,82,2026-05-22 06:09:42.987647
06:09:48,39.3,41,2026-05-22 06:09:48.011755
06:09:53,31.5,45,2026-05-22 06:09:53.032004
06:09:58,31.9,52,2026-05-22 06:09:58.050717
06:10:03,37.6,63,2026-05-22 06:10:03.078335
06:10:08,29.6,67,2026-05-22 06:10:08.094977
06:10:13,28.3,72,2026-05-22 06:10:13.114355
06:10:18,25.1,50,2026-05-22 06:10:18.144298
06:10:23,27.7,88,2026-05-22 06:10:23.179611
06:10:28,26.3,61,2026-05-22 06:10:28.207267
06:10:33,27.7,46,2026-05-22 06:10:33.238587
06:10:38,38.6,87,2026-05-22 06:10:38.261246
06:10:43,26.8,46,2026-05-22 06:10:43.277755
06:10:48,37.7,84,2026-05-22 06:10:48.294144
06:10:53,35.2,56,2026-05-22 06:10:53.312257
06:09:27,27.9,79,2026-05-22 06:09:27.927319
06:09:32,30.6,69,2026-05-22 06:09:32.954092
06:09:37,36.9,55,2026-05-22 06:09:37.971427
06:09:42,30.1,82,2026-05-22 06:09:42.987647
06:09:48,39.3,41,2026-05-22 06:09:48.011755
06:09:53,31.5,45,2026-05-22 06:09:53.032004
06:09:58,31.9,52,2026-05-22 06:09:58.050717
06:10:03,37.6,63,2026-05-22 06:10:03.078335
06:10:08,29.6,67,2026-05-22 06:10:08.094977
06:10:13,28.3,72,2026-05-22 06:10:13.114355
06:10:18,25.1,50,2026-05-22 06:10:18.144298
06:10:23,27.7,88,2026-05-22 06:10:23.179611
06:10:28,26.3,61,2026-05-22 06:10:28.207267
06:10:33,27.7,46,2026-05-22 06:10:33.238587
06:10:38,38.6,87,2026-05-22 06:10:38.261246
06:10:43,26.8,46,2026-05-22 06:10:43.277755
06:10:48,37.7,84,2026-05-22 06:10:48.294144
06:10:53,35.2,56,2026-05-22 06:10:53.312257
06:10:58,39.2,76,2026-05-22 06:10:58.337291
06:09:27,27.9,79,2026-05-22 06:09:27.927319
06:09:32,30.6,69,2026-05-22 06:09:32.954092
06:09:37,36.9,55,2026-05-22 06:09:37.971427
06:09:42,30.1,82,2026-05-22 06:09:42.987647
06:09:48,39.3,41,2026-05-22 06:09:48.011755
06:09:53,31.5,45,2026-05-22 06:09:53.032004
06:09:58,31.9,52,2026-05-22 06:09:58.050717
06:10:03,37.6,63,2026-05-22 06:10:03.078335
06:10:08,29.6,67,2026-05-22 06:10:08.094977
06:10:13,28.3,72,2026-05-22 06:10:13.114355
06:10:18,25.1,50,2026-05-22 06:10:18.144298
06:10:23,27.7,88,2026-05-22 06:10:23.179611
06:10:28,26.3,61,2026-05-22 06:10:28.207267
06:10:33,27.7,46,2026-05-22 06:10:33.238587
06:10:38,38.6,87,2026-05-22 06:10:38.261246
06:10:43,26.8,46,2026-05-22 06:10:43.277755
06:10:48,37.7,84,2026-05-22 06:10:48.294144
06:10:53,35.2,56,2026-05-22 06:10:53.312257
06:10:58,39.2,76,2026-05-22 06:10:58.337291
06:11:03,36.2,58,2026-05-22 06:11:03.355447
06:09:27,27.9,79,2026-05-22 06:09:27.927319
06:09:32,30.6,69,2026-05-22 06:09:32.954092
06:09:37,36.9,55,2026-05-22 06:09:37.971427
06:09:42,30.1,82,2026-05-22 06:09:42.987647
06:09:48,39.3,41,2026-05-22 06:09:48.011755
06:09:53,31.5,45,2026-05-22 06:09:53.032004
06:09:58,31.9,52,2026-05-22 06:09:58.050717
06:10:03,37.6,63,2026-05-22 06:10:03.078335
06:10:08,29.6,67,2026-05-22 06:10:08.094977
06:10:13,28.3,72,2026-05-22 06:10:13.114355
06:10:18,25.1,50,2026-05-22 06:10:18.144298
06:10:23,27.7,88,2026-05-22 06:10:23.179611
06:10:28,26.3,61,2026-05-22 06:10:28.207267
06:10:33,27.7,46,2026-05-22 06:10:33.238587
06:10:38,38.6,87,2026-05-22 06:10:38.261246
06:10:43,26.8,46,2026-05-22 06:10:43.277755
06:10:48,37.7,84,2026-05-22 06:10:48.294144
06:10:53,35.2,56,2026-05-22 06:10:53.312257
06:10:58,39.2,76,2026-05-22 06:10:58.337291
06:11:03,36.2,58,2026-05-22 06:11:03.355447
06:11:08,38.0,49,2026-05-22 06:11:08.396363
06:09:27,27.9,79,2026-05-22 06:09:27.927319
06:09:32,30.6,69,2026-05-22 06:09:32.954092
06:09:37,36.9,55,2026-05-22 06:09:37.971427
06:09:42,30.1,82,2026-05-22 06:09:42.987647
06:09:48,39.3,41,2026-05-22 06:09:48.011755
06:09:53,31.5,45,2026-05-22 06:09:53.032004
06:09:58,31.9,52,2026-05-22 06:09:58.050717
06:10:03,37.6,63,2026-05-22 06:10:03.078335
06:10:08,29.6,67,2026-05-22 06:10:08.094977
06:10:13,28.3,72,2026-05-22 06:10:13.114355
06:10:18,25.1,50,2026-05-22 06:10:18.144298
06:10:23,27.7,88,2026-05-22 06:10:23.179611
06:10:28,26.3,61,2026-05-22 06:10:28.207267
06:10:33,27.7,46,2026-05-22 06:10:33.238587
06:10:38,38.6,87,2026-05-22 06:10:38.261246
06:10:43,26.8,46,2026-05-22 06:10:43.277755
06:10:48,37.7,84,2026-05-22 06:10:48.294144
06:10:53,35.2,56,2026-05-22 06:10:53.312257
06:10:58,39.2,76,2026-05-22 06:10:58.337291
06:11:03,36.2,58,2026-05-22 06:11:03.355447
06:11:08,38.0,49,2026-05-22 06:11:08.396363
06:11:13,33.1,44,2026-05-22 06:11:13.446165
06:09:27,27.9,79,2026-05-22 06:09:27.927319
06:09:32,30.6,69,2026-05-22 06:09:32.954092
06:09:37,36.9,55,2026-05-22 06:09:37.971427
06:09:42,30.1,82,2026-05-22 06:09:42.987647
06:09:48,39.3,41,2026-05-22 06:09:48.011755
06:09:53,31.5,45,2026-05-22 06:09:53.032004
06:09:58,31.9,52,2026-05-22 06:09:58.050717
06:10:03,37.6,63,2026-05-22 06:10:03.078335
06:10:08,29.6,67,2026-05-22 06:10:08.094977
06:10:13,28.3,72,2026-05-22 06:10:13.114355
06:10:18,25.1,50,2026-05-22 06:10:18.144298
06:10:23,27.7,88,2026-05-22 06:10:23.179611
06:10:28,26.3,61,2026-05-22 06:10:28.207267
06:10:33,27.7,46,2026-05-22 06:10:33.238587
06:10:38,38.6,87,2026-05-22 06:10:38.261246
06:10:43,26.8,46,2026-05-22 06:10:43.277755
06:10:48,37.7,84,2026-05-22 06:10:48.294144
06:10:53,35.2,56,2026-05-22 06:10:53.312257
06:10:58,39.2,76,2026-05-22 06:10:58.337291
06:11:03,36.2,58,2026-05-22 06:11:03.355447
06:11:08,38.0,49,2026-05-22 06:11:08.396363
06:11:13,33.1,44,2026-05-22 06:11:13.446165
06:11:18,30.6,64,2026-05-22 06:11:18.486359
06:09:27,27.9,79,2026-05-22 06:09:27.927319
06:09:32,30.6,69,2026-05-22 06:09:32.954092
06:09:37,36.9,55,2026-05-22 06:09:37.971427
06:09:42,30.1,82,2026-05-22 06:09:42.987647
06:09:48,39.3,41,2026-05-22 06:09:48.011755
06:09:53,31.5,45,2026-05-22 06:09:53.032004
06:09:58,31.9,52,2026-05-22 06:09:58.050717
06:10:03,37.6,63,2026-05-22 06:10:03.078335
06:10:08,29.6,67,2026-05-22 06:10:08.094977
06:10:13,28.3,72,2026-05-22 06:10:13.114355
06:10:18,25.1,50,2026-05-22 06:10:18.144298
06:10:23,27.7,88,2026-05-22 06:10:23.179611
06:10:28,26.3,61,2026-05-22 06:10:28.207267
06:10:33,27.7,46,2026-05-22 06:10:33.238587
06:10:38,38.6,87,2026-05-22 06:10:38.261246
06:10:43,26.8,46,2026-05-22 06:10:43.277755
06:10:48,37.7,84,2026-05-22 06:10:48.294144
06:10:53,35.2,56,2026-05-22 06:10:53.312257
06:10:58,39.2,76,2026-05-22 06:10:58.337291
06:11:03,36.2,58,2026-05-22 06:11:03.355447
06:11:08,38.0,49,2026-05-22 06:11:08.396363
06:11:13,33.1,44,2026-05-22 06:11:13.446165
06:11:18,30.6,64,2026-05-22 06:11:18.486359
06:11:23,32.9,77,2026-05-22 06:11:23.527095
06:09:27,27.9,79,2026-05-22 06:09:27.927319
06:09:32,30.6,69,2026-05-22 06:09:32.954092
06:09:37,36.9,55,2026-05-22 06:09:37.971427
06:09:42,30.1,82,2026-05-22 06:09:42.987647
06:09:48,39.3,41,2026-05-22 06:09:48.011755
06:09:53,31.5,45,2026-05-22 06:09:53.032004
06:09:58,31.9,52,2026-05-22 06:09:58.050717
06:10:03,37.6,63,2026-05-22 06:10:03.078335
06:10:08,29.6,67,2026-05-22 06:10:08.094977
06:10:13,28.3,72,2026-05-22 06:10:13.114355
06:10:18,25.1,50,2026-05-22 06:10:18.144298
06:10:23,27.7,88,2026-05-22 06:10:23.179611
06:10:28,26.3,61,2026-05-22 06:10:28.207267
06:10:33,27.7,46,2026-05-22 06:10:33.238587
06:10:38,38.6,87,2026-05-22 06:10:38.261246
06:10:43,26.8,46,2026-05-22 06:10:43.277755
06:10:48,37.7,84,2026-05-22 06:10:48.294144
06:10:53,35.2,56,2026-05-22 06:10:53.312257
06:10:58,39.2,76,2026-05-22 06:10:58.337291
06:11:03,36.2,58,2026-05-22 06:11:03.355447
06:11:08,38.0,49,2026-05-22 06:11:08.396363
06:11:13,33.1,44,2026-05-22 06:11:13.446165
06:11:18,30.6,64,2026-05-22 06:11:18.486359
06:11:23,32.9,77,2026-05-22 06:11:23.527095
06:11:28,36.2,55,2026-05-22 06:11:28.571808
06:09:27,27.9,79,2026-05-22 06:09:27.927319
06:09:32,30.6,69,2026-05-22 06:09:32.954092
06:09:37,36.9,55,2026-05-22 06:09:37.971427
06:09:42,30.1,82,2026-05-22 06:09:42.987647
06:09:48,39.3,41,2026-05-22 06:09:48.011755
06:09:53,31.5,45,2026-05-22 06:09:53.032004
06:09:58,31.9,52,2026-05-22 06:09:58.050717
06:10:03,37.6,63,2026-05-22 06:10:03.078335
06:10:08,29.6,67,2026-05-22 06:10:08.094977
06:10:13,28.3,72,2026-05-22 06:10:13.114355
06:10:18,25.1,50,2026-05-22 06:10:18.144298
06:10:23,27.7,88,2026-05-22 06:10:23.179611
06:10:28,26.3,61,2026-05-22 06:10:28.207267
06:10:33,27.7,46,2026-05-22 06:10:33.238587
06:10:38,38.6,87,2026-05-22 06:10:38.261246
06:10:43,26.8,46,2026-05-22 06:10:43.277755
06:10:48,37.7,84,2026-05-22 06:10:48.294144
06:10:53,35.2,56,2026-05-22 06:10:53.312257
06:10:58,39.2,76,2026-05-22 06:10:58.337291
06:11:03,36.2,58,2026-05-22 06:11:03.355447
06:11:08,38.0,49,2026-05-22 06:11:08.396363
06:11:13,33.1,44,2026-05-22 06:11:13.446165
06:11:18,30.6,64,2026-05-22 06:11:18.486359
06:11:23,32.9,77,2026-05-22 06:11:23.527095
06:11:28,36.2,55,2026-05-22 06:11:28.571808
06:11:33,35.8,63,2026-05-22 06:11:33.596767
06:09:27,27.9,79,2026-05-22 06:09:27.927319
06:09:32,30.6,69,2026-05-22 06:09:32.954092
06:09:37,36.9,55,2026-05-22 06:09:37.971427
06:09:42,30.1,82,2026-05-22 06:09:42.987647
06:09:48,39.3,41,2026-05-22 06:09:48.011755
06:09:53,31.5,45,2026-05-22 06:09:53.032004
06:09:58,31.9,52,2026-05-22 06:09:58.050717
06:10:03,37.6,63,2026-05-22 06:10:03.078335
06:10:08,29.6,67,2026-05-22 06:10:08.094977
06:10:13,28.3,72,2026-05-22 06:10:13.114355
06:10:18,25.1,50,2026-05-22 06:10:18.144298
06:10:23,27.7,88,2026-05-22 06:10:23.179611
06:10:28,26.3,61,2026-05-22 06:10:28.207267
06:10:33,27.7,46,2026-05-22 06:10:33.238587
06:10:38,38.6,87,2026-05-22 06:10:38.261246
06:10:43,26.8,46,2026-05-22 06:10:43.277755
06:10:48,37.7,84,2026-05-22 06:10:48.294144
06:10:53,35.2,56,2026-05-22 06:10:53.312257
06:10:58,39.2,76,2026-05-22 06:10:58.337291
06:11:03,36.2,58,2026-05-22 06:11:03.355447
06:11:08,38.0,49,2026-05-22 06:11:08.396363
06:11:13,33.1,44,2026-05-22 06:11:13.446165
06:11:18,30.6,64,2026-05-22 06:11:18.486359
06:11:23,32.9,77,2026-05-22 06:11:23.527095
06:11:28,36.2,55,2026-05-22 06:11:28.571808
06:11:33,35.8,63,2026-05-22 06:11:33.596767
06:11:38,31.0,43,2026-05-22 06:11:38.624823
06:09:27,27.9,79,2026-05-22 06:09:27.927319
06:09:32,30.6,69,2026-05-22 06:09:32.954092
06:09:37,36.9,55,2026-05-22 06:09:37.971427
06:09:42,30.1,82,2026-05-22 06:09:42.987647
06:09:48,39.3,41,2026-05-22 06:09:48.011755
06:09:53,31.5,45,2026-05-22 06:09:53.032004
06:09:58,31.9,52,2026-05-22 06:09:58.050717
06:10:03,37.6,63,2026-05-22 06:10:03.078335
06:10:08,29.6,67,2026-05-22 06:10:08.094977
06:10:13,28.3,72,2026-05-22 06:10:13.114355
06:10:18,25.1,50,2026-05-22 06:10:18.144298
06:10:23,27.7,88,2026-05-22 06:10:23.179611
06:10:28,26.3,61,2026-05-22 06:10:28.207267
06:10:33,27.7,46,2026-05-22 06:10:33.238587
06:10:38,38.6,87,2026-05-22 06:10:38.261246
06:10:43,26.8,46,2026-05-22 06:10:43.277755
06:10:48,37.7,84,2026-05-22 06:10:48.294144
06:10:53,35.2,56,2026-05-22 06:10:53.312257
06:10:58,39.2,76,2026-05-22 06:10:58.337291
06:11:03,36.2,58,2026-05-22 06:11:03.355447
06:11:08,38.0,49,2026-05-22 06:11:08.396363
06:11:13,33.1,44,2026-05-22 06:11:13.446165
06:11:18,30.6,64,2026-05-22 06:11:18.486359
06:11:23,32.9,77,2026-05-22 06:11:23.527095
06:11:28,36.2,55,2026-05-22 06:11:28.571808
06:11:33,35.8,63,2026-05-22 06:11:33.596767
06:11:38,31.0,43,2026-05-22 06:11:38.624823
06:11:43,37.2,77,2026-05-22 06:11:43.667657
06:09:27,27.9,79,2026-05-22 06:09:27.927319
06:09:32,30.6,69,2026-05-22 06:09:32.954092
06:09:37,36.9,55,2026-05-22 06:09:37.971427
06:09:42,30.1,82,2026-05-22 06:09:42.987647
06:09:48,39.3,41,2026-05-22 06:09:48.011755
06:09:53,31.5,45,2026-05-22 06:09:53.032004
06:09:58,31.9,52,2026-05-22 06:09:58.050717
06:10:03,37.6,63,2026-05-22 06:10:03.078335
06:10:08,29.6,67,2026-05-22 06:10:08.094977
06:10:13,28.3,72,2026-05-22 06:10:13.114355
06:10:18,25.1,50,2026-05-22 06:10:18.144298
06:10:23,27.7,88,2026-05-22 06:10:23.179611
06:10:28,26.3,61,2026-05-22 06:10:28.207267
06:10:33,27.7,46,2026-05-22 06:10:33.238587
06:10:38,38.6,87,2026-05-22 06:10:38.261246
06:10:43,26.8,46,2026-05-22 06:10:43.277755
06:10:48,37.7,84,2026-05-22 06:10:48.294144
06:10:53,35.2,56,2026-05-22 06:10:53.312257
06:10:58,39.2,76,2026-05-22 06:10:58.337291
06:11:03,36.2,58,2026-05-22 06:11:03.355447
06:11:08,38.0,49,2026-05-22 06:11:08.396363
06:11:13,33.1,44,2026-05-22 06:11:13.446165
06:11:18,30.6,64,2026-05-22 06:11:18.486359
06:11:23,32.9,77,2026-05-22 06:11:23.527095
06:11:28,36.2,55,2026-05-22 06:11:28.571808
06:11:33,35.8,63,2026-05-22 06:11:33.596767
06:11:38,31.0,43,2026-05-22 06:11:38.624823
06:11:43,37.2,77,2026-05-22 06:11:43.667657
06:11:48,36.8,48,2026-05-22 06:11:48.688882
06:09:27,27.9,79,2026-05-22 06:09:27.927319
06:09:32,30.6,69,2026-05-22 06:09:32.954092
06:09:37,36.9,55,2026-05-22 06:09:37.971427
06:09:42,30.1,82,2026-05-22 06:09:42.987647
06:09:48,39.3,41,2026-05-22 06:09:48.011755
06:09:53,31.5,45,2026-05-22 06:09:53.032004
06:09:58,31.9,52,2026-05-22 06:09:58.050717
06:10:03,37.6,63,2026-05-22 06:10:03.078335
06:10:08,29.6,67,2026-05-22 06:10:08.094977
06:10:13,28.3,72,2026-05-22 06:10:13.114355
06:10:18,25.1,50,2026-05-22 06:10:18.144298
06:10:23,27.7,88,2026-05-22 06:10:23.179611
06:10:28,26.3,61,2026-05-22 06:10:28.207267
06:10:33,27.7,46,2026-05-22 06:10:33.238587
06:10:38,38.6,87,2026-05-22 06:10:38.261246
06:10:43,26.8,46,2026-05-22 06:10:43.277755
06:10:48,37.7,84,2026-05-22 06:10:48.294144
06:10:53,35.2,56,2026-05-22 06:10:53.312257
06:10:58,39.2,76,2026-05-22 06:10:58.337291
06:11:03,36.2,58,2026-05-22 06:11:03.355447
06:11:08,38.0,49,2026-05-22 06:11:08.396363
06:11:13,33.1,44,2026-05-22 06:11:13.446165
06:11:18,30.6,64,2026-05-22 06:11:18.486359
06:11:23,32.9,77,2026-05-22 06:11:23.527095
06:11:28,36.2,55,2026-05-22 06:11:28.571808
06:11:33,35.8,63,2026-05-22 06:11:33.596767
06:11:38,31.0,43,2026-05-22 06:11:38.624823
06:11:43,37.2,77,2026-05-22 06:11:43.667657
06:11:48,36.8,48,2026-05-22 06:11:48.688882
06:11:53,26.6,90,2026-05-22 06:11:53.706090
06:09:27,27.9,79,2026-05-22 06:09:27.927319
06:09:32,30.6,69,2026-05-22 06:09:32.954092
06:09:37,36.9,55,2026-05-22 06:09:37.971427
06:09:42,30.1,82,2026-05-22 06:09:42.987647
06:09:48,39.3,41,2026-05-22 06:09:48.011755
06:09:53,31.5,45,2026-05-22 06:09:53.032004
06:09:58,31.9,52,2026-05-22 06:09:58.050717
06:10:03,37.6,63,2026-05-22 06:10:03.078335
06:10:08,29.6,67,2026-05-22 06:10:08.094977
06:10:13,28.3,72,2026-05-22 06:10:13.114355
06:10:18,25.1,50,2026-05-22 06:10:18.144298
06:10:23,27.7,88,2026-05-22 06:10:23.179611
06:10:28,26.3,61,2026-05-22 06:10:28.207267
06:10:33,27.7,46,2026-05-22 06:10:33.238587
06:10:38,38.6,87,2026-05-22 06:10:38.261246
06:10:43,26.8,46,2026-05-22 06:10:43.277755
06:10:48,37.7,84,2026-05-22 06:10:48.294144
06:10:53,35.2,56,2026-05-22 06:10:53.312257
06:10:58,39.2,76,2026-05-22 06:10:58.337291
06:11:03,36.2,58,2026-05-22 06:11:03.355447
06:11:08,38.0,49,2026-05-22 06:11:08.396363
06:11:13,33.1,44,2026-05-22 06:11:13.446165
06:11:18,30.6,64,2026-05-22 06:11:18.486359
06:11:23,32.9,77,2026-05-22 06:11:23.527095
06:11:28,36.2,55,2026-05-22 06:11:28.571808
06:11:33,35.8,63,2026-05-22 06:11:33.596767
06:11:38,31.0,43,2026-05-22 06:11:38.624823
06:11:43,37.2,77,2026-05-22 06:11:43.667657
06:11:48,36.8,48,2026-05-22 06:11:48.688882
06:11:53,26.6,90,2026-05-22 06:11:53.706090
06:11:58,31.9,72,2026-05-22 06:11:58.726105
06:09:27,27.9,79,2026-05-22 06:09:27.927319
06:09:32,30.6,69,2026-05-22 06:09:32.954092
06:09:37,36.9,55,2026-05-22 06:09:37.971427
06:09:42,30.1,82,2026-05-22 06:09:42.987647
06:09:48,39.3,41,2026-05-22 06:09:48.011755
06:09:53,31.5,45,2026-05-22 06:09:53.032004
06:09:58,31.9,52,2026-05-22 06:09:58.050717
06:10:03,37.6,63,2026-05-22 06:10:03.078335
06:10:08,29.6,67,2026-05-22 06:10:08.094977
06:10:13,28.3,72,2026-05-22 06:10:13.114355
06:10:18,25.1,50,2026-05-22 06:10:18.144298
06:10:23,27.7,88,2026-05-22 06:10:23.179611
06:10:28,26.3,61,2026-05-22 06:10:28.207267
06:10:33,27.7,46,2026-05-22 06:10:33.238587
06:10:38,38.6,87,2026-05-22 06:10:38.261246
06:10:43,26.8,46,2026-05-22 06:10:43.277755
06:10:48,37.7,84,2026-05-22 06:10:48.294144
06:10:53,35.2,56,2026-05-22 06:10:53.312257
06:10:58,39.2,76,2026-05-22 06:10:58.337291
06:11:03,36.2,58,2026-05-22 06:11:03.355447
06:11:08,38.0,49,2026-05-22 06:11:08.396363
06:11:13,33.1,44,2026-05-22 06:11:13.446165
06:11:18,30.6,64,2026-05-22 06:11:18.486359
06:11:23,32.9,77,2026-05-22 06:11:23.527095
06:11:28,36.2,55,2026-05-22 06:11:28.571808
06:11:33,35.8,63,2026-05-22 06:11:33.596767
06:11:38,31.0,43,2026-05-22 06:11:38.624823
06:11:43,37.2,77,2026-05-22 06:11:43.667657
06:11:48,36.8,48,2026-05-22 06:11:48.688882
06:11:53,26.6,90,2026-05-22 06:11:53.706090
06:11:58,31.9,72,2026-05-22 06:11:58.726105
06:12:03,38.7,64,2026-05-22 06:12:03.752740
06:09:27,27.9,79,2026-05-22 06:09:27.927319
06:09:32,30.6,69,2026-05-22 06:09:32.954092
06:09:37,36.9,55,2026-05-22 06:09:37.971427
06:09:42,30.1,82,2026-05-22 06:09:42.987647
06:09:48,39.3,41,2026-05-22 06:09:48.011755
06:09:53,31.5,45,2026-05-22 06:09:53.032004
06:09:58,31.9,52,2026-05-22 06:09:58.050717
06:10:03,37.6,63,2026-05-22 06:10:03.078335
06:10:08,29.6,67,2026-05-22 06:10:08.094977
06:10:13,28.3,72,2026-05-22 06:10:13.114355
06:10:18,25.1,50,2026-05-22 06:10:18.144298
06:10:23,27.7,88,2026-05-22 06:10:23.179611
06:10:28,26.3,61,2026-05-22 06:10:28.207267
06:10:33,27.7,46,2026-05-22 06:10:33.238587
06:10:38,38.6,87,2026-05-22 06:10:38.261246
06:10:43,26.8,46,2026-05-22 06:10:43.277755
06:10:48,37.7,84,2026-05-22 06:10:48.294144
06:10:53,35.2,56,2026-05-22 06:10:53.312257
06:10:58,39.2,76,2026-05-22 06:10:58.337291
06:11:03,36.2,58,2026-05-22 06:11:03.355447
06:11:08,38.0,49,2026-05-22 06:11:08.396363
06:11:13,33.1,44,2026-05-22 06:11:13.446165
06:11:18,30.6,64,2026-05-22 06:11:18.486359
06:11:23,32.9,77,2026-05-22 06:11:23.527095
06:11:28,36.2,55,2026-05-22 06:11:28.571808
06:11:33,35.8,63,2026-05-22 06:11:33.596767
06:11:38,31.0,43,2026-05-22 06:11:38.624823
06:11:43,37.2,77,2026-05-22 06:11:43.667657
06:11:48,36.8,48,2026-05-22 06:11:48.688882
06:11:53,26.6,90,2026-05-22 06:11:53.706090
06:11:58,31.9,72,2026-05-22 06:11:58.726105
06:12:03,38.7,64,2026-05-22 06:12:03.752740
06:12:08,35.7,83,2026-05-22 06:12:08.771506
06:09:27,27.9,79,2026-05-22 06:09:27.927319
06:09:32,30.6,69,2026-05-22 06:09:32.954092
06:09:37,36.9,55,2026-05-22 06:09:37.971427
06:09:42,30.1,82,2026-05-22 06:09:42.987647
06:09:48,39.3,41,2026-05-22 06:09:48.011755
06:09:53,31.5,45,2026-05-22 06:09:53.032004
06:09:58,31.9,52,2026-05-22 06:09:58.050717
06:10:03,37.6,63,2026-05-22 06:10:03.078335
06:10:08,29.6,67,2026-05-22 06:10:08.094977
06:10:13,28.3,72,2026-05-22 06:10:13.114355
06:10:18,25.1,50,2026-05-22 06:10:18.144298
06:10:23,27.7,88,2026-05-22 06:10:23.179611
06:10:28,26.3,61,2026-05-22 06:10:28.207267
06:10:33,27.7,46,2026-05-22 06:10:33.238587
06:10:38,38.6,87,2026-05-22 06:10:38.261246
06:10:43,26.8,46,2026-05-22 06:10:43.277755
06:10:48,37.7,84,2026-05-22 06:10:48.294144
06:10:53,35.2,56,2026-05-22 06:10:53.312257
06:10:58,39.2,76,2026-05-22 06:10:58.337291
06:11:03,36.2,58,2026-05-22 06:11:03.355447
06:11:08,38.0,49,2026-05-22 06:11:08.396363
06:11:13,33.1,44,2026-05-22 06:11:13.446165
06:11:18,30.6,64,2026-05-22 06:11:18.486359
06:11:23,32.9,77,2026-05-22 06:11:23.527095
06:11:28,36.2,55,2026-05-22 06:11:28.571808
06:11:33,35.8,63,2026-05-22 06:11:33.596767
06:11:38,31.0,43,2026-05-22 06:11:38.624823
06:11:43,37.2,77,2026-05-22 06:11:43.667657
06:11:48,36.8,48,2026-05-22 06:11:48.688882
06:11:53,26.6,90,2026-05-22 06:11:53.706090
06:11:58,31.9,72,2026-05-22 06:11:58.726105
06:12:03,38.7,64,2026-05-22 06:12:03.752740
06:12:08,35.7,83,2026-05-22 06:12:08.771506
06:12:13,37.4,69,2026-05-22 06:12:13.796835
06:09:27,27.9,79,2026-05-22 06:09:27.927319
06:09:32,30.6,69,2026-05-22 06:09:32.954092
06:09:37,36.9,55,2026-05-22 06:09:37.971427
06:09:42,30.1,82,2026-05-22 06:09:42.987647
06:09:48,39.3,41,2026-05-22 06:09:48.011755
06:09:53,31.5,45,2026-05-22 06:09:53.032004
06:09:58,31.9,52,2026-05-22 06:09:58.050717
06:10:03,37.6,63,2026-05-22 06:10:03.078335
06:10:08,29.6,67,2026-05-22 06:10:08.094977
06:10:13,28.3,72,2026-05-22 06:10:13.114355
06:10:18,25.1,50,2026-05-22 06:10:18.144298
06:10:23,27.7,88,2026-05-22 06:10:23.179611
06:10:28,26.3,61,2026-05-22 06:10:28.207267
06:10:33,27.7,46,2026-05-22 06:10:33.238587
06:10:38,38.6,87,2026-05-22 06:10:38.261246
06:10:43,26.8,46,2026-05-22 06:10:43.277755
06:10:48,37.7,84,2026-05-22 06:10:48.294144
06:10:53,35.2,56,2026-05-22 06:10:53.312257
06:10:58,39.2,76,2026-05-22 06:10:58.337291
06:11:03,36.2,58,2026-05-22 06:11:03.355447
06:11:08,38.0,49,2026-05-22 06:11:08.396363
06:11:13,33.1,44,2026-05-22 06:11:13.446165
06:11:18,30.6,64,2026-05-22 06:11:18.486359
06:11:23,32.9,77,2026-05-22 06:11:23.527095
06:11:28,36.2,55,2026-05-22 06:11:28.571808
06:11:33,35.8,63,2026-05-22 06:11:33.596767
06:11:38,31.0,43,2026-05-22 06:11:38.624823
06:11:43,37.2,77,2026-05-22 06:11:43.667657
06:11:48,36.8,48,2026-05-22 06:11:48.688882
06:11:53,26.6,90,2026-05-22 06:11:53.706090
06:11:58,31.9,72,2026-05-22 06:11:58.726105
06:12:03,38.7,64,2026-05-22 06:12:03.752740
06:12:08,35.7,83,2026-05-22 06:12:08.771506
06:12:13,37.4,69,2026-05-22 06:12:13.796835
06:12:18,27.5,90,2026-05-22 06:12:18.826606
06:09:27,27.9,79,2026-05-22 06:09:27.927319
06:09:32,30.6,69,2026-05-22 06:09:32.954092
06:09:37,36.9,55,2026-05-22 06:09:37.971427
06:09:42,30.1,82,2026-05-22 06:09:42.987647
06:09:48,39.3,41,2026-05-22 06:09:48.011755
06:09:53,31.5,45,2026-05-22 06:09:53.032004
06:09:58,31.9,52,2026-05-22 06:09:58.050717
06:10:03,37.6,63,2026-05-22 06:10:03.078335
06:10:08,29.6,67,2026-05-22 06:10:08.094977
06:10:13,28.3,72,2026-05-22 06:10:13.114355
06:10:18,25.1,50,2026-05-22 06:10:18.144298
06:10:23,27.7,88,2026-05-22 06:10:23.179611
06:10:28,26.3,61,2026-05-22 06:10:28.207267
06:10:33,27.7,46,2026-05-22 06:10:33.238587
06:10:38,38.6,87,2026-05-22 06:10:38.261246
06:10:43,26.8,46,2026-05-22 06:10:43.277755
06:10:48,37.7,84,2026-05-22 06:10:48.294144
06:10:53,35.2,56,2026-05-22 06:10:53.312257
06:10:58,39.2,76,2026-05-22 06:10:58.337291
06:11:03,36.2,58,2026-05-22 06:11:03.355447
06:11:08,38.0,49,2026-05-22 06:11:08.396363
06:11:13,33.1,44,2026-05-22 06:11:13.446165
06:11:18,30.6,64,2026-05-22 06:11:18.486359
06:11:23,32.9,77,2026-05-22 06:11:23.527095
06:11:28,36.2,55,2026-05-22 06:11:28.571808
06:11:33,35.8,63,2026-05-22 06:11:33.596767
06:11:38,31.0,43,2026-05-22 06:11:38.624823
06:11:43,37.2,77,2026-05-22 06:11:43.667657
06:11:48,36.8,48,2026-05-22 06:11:48.688882
06:11:53,26.6,90,2026-05-22 06:11:53.706090
06:11:58,31.9,72,2026-05-22 06:11:58.726105
06:12:03,38.7,64,2026-05-22 06:12:03.752740
06:12:08,35.7,83,2026-05-22 06:12:08.771506
06:12:13,37.4,69,2026-05-22 06:12:13.796835
06:12:18,27.5,90,2026-05-22 06:12:18.826606
06:12:23,32.3,65,2026-05-22 06:12:23.848636
06:09:27,27.9,79,2026-05-22 06:09:27.927319
06:09:32,30.6,69,2026-05-22 06:09:32.954092
06:09:37,36.9,55,2026-05-22 06:09:37.971427
06:09:42,30.1,82,2026-05-22 06:09:42.987647
06:09:48,39.3,41,2026-05-22 06:09:48.011755
06:09:53,31.5,45,2026-05-22 06:09:53.032004
06:09:58,31.9,52,2026-05-22 06:09:58.050717
06:10:03,37.6,63,2026-05-22 06:10:03.078335
06:10:08,29.6,67,2026-05-22 06:10:08.094977
06:10:13,28.3,72,2026-05-22 06:10:13.114355
06:10:18,25.1,50,2026-05-22 06:10:18.144298
06:10:23,27.7,88,2026-05-22 06:10:23.179611
06:10:28,26.3,61,2026-05-22 06:10:28.207267
06:10:33,27.7,46,2026-05-22 06:10:33.238587
06:10:38,38.6,87,2026-05-22 06:10:38.261246
06:10:43,26.8,46,2026-05-22 06:10:43.277755
06:10:48,37.7,84,2026-05-22 06:10:48.294144
06:10:53,35.2,56,2026-05-22 06:10:53.312257
06:10:58,39.2,76,2026-05-22 06:10:58.337291
06:11:03,36.2,58,2026-05-22 06:11:03.355447
06:11:08,38.0,49,2026-05-22 06:11:08.396363
06:11:13,33.1,44,2026-05-22 06:11:13.446165
06:11:18,30.6,64,2026-05-22 06:11:18.486359
06:11:23,32.9,77,2026-05-22 06:11:23.527095
06:11:28,36.2,55,2026-05-22 06:11:28.571808
06:11:33,35.8,63,2026-05-22 06:11:33.596767
06:11:38,31.0,43,2026-05-22 06:11:38.624823
06:11:43,37.2,77,2026-05-22 06:11:43.667657
06:11:48,36.8,48,2026-05-22 06:11:48.688882
06:11:53,26.6,90,2026-05-22 06:11:53.706090
06:11:58,31.9,72,2026-05-22 06:11:58.726105
06:12:03,38.7,64,2026-05-22 06:12:03.752740
06:12:08,35.7,83,2026-05-22 06:12:08.771506
06:12:13,37.4,69,2026-05-22 06:12:13.796835
06:12:18,27.5,90,2026-05-22 06:12:18.826606
06:12:23,32.3,65,2026-05-22 06:12:23.848636
06:12:28,39.1,63,2026-05-22 06:12:28.869667
06:09:27,27.9,79,2026-05-22 06:09:27.927319
06:09:32,30.6,69,2026-05-22 06:09:32.954092
06:09:37,36.9,55,2026-05-22 06:09:37.971427
06:09:42,30.1,82,2026-05-22 06:09:42.987647
06:09:48,39.3,41,2026-05-22 06:09:48.011755
06:09:53,31.5,45,2026-05-22 06:09:53.032004
06:09:58,31.9,52,2026-05-22 06:09:58.050717
06:10:03,37.6,63,2026-05-22 06:10:03.078335
06:10:08,29.6,67,2026-05-22 06:10:08.094977
06:10:13,28.3,72,2026-05-22 06:10:13.114355
06:10:18,25.1,50,2026-05-22 06:10:18.144298
06:10:23,27.7,88,2026-05-22 06:10:23.179611
06:10:28,26.3,61,2026-05-22 06:10:28.207267
06:10:33,27.7,46,2026-05-22 06:10:33.238587
06:10:38,38.6,87,2026-05-22 06:10:38.261246
06:10:43,26.8,46,2026-05-22 06:10:43.277755
06:10:48,37.7,84,2026-05-22 06:10:48.294144
06:10:53,35.2,56,2026-05-22 06:10:53.312257
06:10:58,39.2,76,2026-05-22 06:10:58.337291
06:11:03,36.2,58,2026-05-22 06:11:03.355447
06:11:08,38.0,49,2026-05-22 06:11:08.396363
06:11:13,33.1,44,2026-05-22 06:11:13.446165
06:11:18,30.6,64,2026-05-22 06:11:18.486359
06:11:23,32.9,77,2026-05-22 06:11:23.527095
06:11:28,36.2,55,2026-05-22 06:11:28.571808
06:11:33,35.8,63,2026-05-22 06:11:33.596767
06:11:38,31.0,43,2026-05-22 06:11:38.624823
06:11:43,37.2,77,2026-05-22 06:11:43.667657
06:11:48,36.8,48,2026-05-22 06:11:48.688882
06:11:53,26.6,90,2026-05-22 06:11:53.706090
06:11:58,31.9,72,2026-05-22 06:11:58.726105
06:12:03,38.7,64,2026-05-22 06:12:03.752740
06:12:08,35.7,83,2026-05-22 06:12:08.771506
06:12:13,37.4,69,2026-05-22 06:12:13.796835
06:12:18,27.5,90,2026-05-22 06:12:18.826606
06:12:23,32.3,65,2026-05-22 06:12:23.848636
06:12:28,39.1,63,2026-05-22 06:12:28.869667
06:12:33,38.8,74,2026-05-22 06:12:33.900307
06:09:27,27.9,79,2026-05-22 06:09:27.927319
06:09:32,30.6,69,2026-05-22 06:09:32.954092
06:09:37,36.9,55,2026-05-22 06:09:37.971427
06:09:42,30.1,82,2026-05-22 06:09:42.987647
06:09:48,39.3,41,2026-05-22 06:09:48.011755
06:09:53,31.5,45,2026-05-22 06:09:53.032004
06:09:58,31.9,52,2026-05-22 06:09:58.050717
06:10:03,37.6,63,2026-05-22 06:10:03.078335
06:10:08,29.6,67,2026-05-22 06:10:08.094977
06:10:13,28.3,72,2026-05-22 06:10:13.114355
06:10:18,25.1,50,2026-05-22 06:10:18.144298
06:10:23,27.7,88,2026-05-22 06:10:23.179611
06:10:28,26.3,61,2026-05-22 06:10:28.207267
06:10:33,27.7,46,2026-05-22 06:10:33.238587
06:10:38,38.6,87,2026-05-22 06:10:38.261246
06:10:43,26.8,46,2026-05-22 06:10:43.277755
06:10:48,37.7,84,2026-05-22 06:10:48.294144
06:10:53,35.2,56,2026-05-22 06:10:53.312257
06:10:58,39.2,76,2026-05-22 06:10:58.337291
06:11:03,36.2,58,2026-05-22 06:11:03.355447
06:11:08,38.0,49,2026-05-22 06:11:08.396363
06:11:13,33.1,44,2026-05-22 06:11:13.446165
06:11:18,30.6,64,2026-05-22 06:11:18.486359
06:11:23,32.9,77,2026-05-22 06:11:23.527095
06:11:28,36.2,55,2026-05-22 06:11:28.571808
06:11:33,35.8,63,2026-05-22 06:11:33.596767
06:11:38,31.0,43,2026-05-22 06:11:38.624823
06:11:43,37.2,77,2026-05-22 06:11:43.667657
06:11:48,36.8,48,2026-05-22 06:11:48.688882
06:11:53,26.6,90,2026-05-22 06:11:53.706090
06:11:58,31.9,72,2026-05-22 06:11:58.726105
06:12:03,38.7,64,2026-05-22 06:12:03.752740
06:12:08,35.7,83,2026-05-22 06:12:08.771506
06:12:13,37.4,69,2026-05-22 06:12:13.796835
06:12:18,27.5,90,2026-05-22 06:12:18.826606
06:12:23,32.3,65,2026-05-22 06:12:23.848636
06:12:28,39.1,63,2026-05-22 06:12:28.869667
06:12:33,38.8,74,2026-05-22 06:12:33.900307
06:12:38,31.8,41,2026-05-22 06:12:38.932594
06:09:27,27.9,79,2026-05-22 06:09:27.927319
06:09:32,30.6,69,2026-05-22 06:09:32.954092
06:09:37,36.9,55,2026-05-22 06:09:37.971427
06:09:42,30.1,82,2026-05-22 06:09:42.987647
06:09:48,39.3,41,2026-05-22 06:09:48.011755
06:09:53,31.5,45,2026-05-22 06:09:53.032004
06:09:58,31.9,52,2026-05-22 06:09:58.050717
06:10:03,37.6,63,2026-05-22 06:10:03.078335
06:10:08,29.6,67,2026-05-22 06:10:08.094977
06:10:13,28.3,72,2026-05-22 06:10:13.114355
06:10:18,25.1,50,2026-05-22 06:10:18.144298
06:10:23,27.7,88,2026-05-22 06:10:23.179611
06:10:28,26.3,61,2026-05-22 06:10:28.207267
06:10:33,27.7,46,2026-05-22 06:10:33.238587
06:10:38,38.6,87,2026-05-22 06:10:38.261246
06:10:43,26.8,46,2026-05-22 06:10:43.277755
06:10:48,37.7,84,2026-05-22 06:10:48.294144
06:10:53,35.2,56,2026-05-22 06:10:53.312257
06:10:58,39.2,76,2026-05-22 06:10:58.337291
06:11:03,36.2,58,2026-05-22 06:11:03.355447
06:11:08,38.0,49,2026-05-22 06:11:08.396363
06:11:13,33.1,44,2026-05-22 06:11:13.446165
06:11:18,30.6,64,2026-05-22 06:11:18.486359
06:11:23,32.9,77,2026-05-22 06:11:23.527095
06:11:28,36.2,55,2026-05-22 06:11:28.571808
06:11:33,35.8,63,2026-05-22 06:11:33.596767
06:11:38,31.0,43,2026-05-22 06:11:38.624823
06:11:43,37.2,77,2026-05-22 06:11:43.667657
06:11:48,36.8,48,2026-05-22 06:11:48.688882
06:11:53,26.6,90,2026-05-22 06:11:53.706090
06:11:58,31.9,72,2026-05-22 06:11:58.726105
06:12:03,38.7,64,2026-05-22 06:12:03.752740
06:12:08,35.7,83,2026-05-22 06:12:08.771506
06:12:13,37.4,69,2026-05-22 06:12:13.796835
06:12:18,27.5,90,2026-05-22 06:12:18.826606
06:12:23,32.3,65,2026-05-22 06:12:23.848636
06:12:28,39.1,63,2026-05-22 06:12:28.869667
06:12:33,38.8,74,2026-05-22 06:12:33.900307
06:12:38,31.8,41,2026-05-22 06:12:38.932594
06:12:43,33.8,77,2026-05-22 06:12:43.950629
06:09:27,27.9,79,2026-05-22 06:09:27.927319
06:09:32,30.6,69,2026-05-22 06:09:32.954092
06:09:37,36.9,55,2026-05-22 06:09:37.971427
06:09:42,30.1,82,2026-05-22 06:09:42.987647
06:09:48,39.3,41,2026-05-22 06:09:48.011755
06:09:53,31.5,45,2026-05-22 06:09:53.032004
06:09:58,31.9,52,2026-05-22 06:09:58.050717
06:10:03,37.6,63,2026-05-22 06:10:03.078335
06:10:08,29.6,67,2026-05-22 06:10:08.094977
06:10:13,28.3,72,2026-05-22 06:10:13.114355
06:10:18,25.1,50,2026-05-22 06:10:18.144298
06:10:23,27.7,88,2026-05-22 06:10:23.179611
06:10:28,26.3,61,2026-05-22 06:10:28.207267
06:10:33,27.7,46,2026-05-22 06:10:33.238587
06:10:38,38.6,87,2026-05-22 06:10:38.261246
06:10:43,26.8,46,2026-05-22 06:10:43.277755
06:10:48,37.7,84,2026-05-22 06:10:48.294144
06:10:53,35.2,56,2026-05-22 06:10:53.312257
06:10:58,39.2,76,2026-05-22 06:10:58.337291
06:11:03,36.2,58,2026-05-22 06:11:03.355447
06:11:08,38.0,49,2026-05-22 06:11:08.396363
06:11:13,33.1,44,2026-05-22 06:11:13.446165
06:11:18,30.6,64,2026-05-22 06:11:18.486359
06:11:23,32.9,77,2026-05-22 06:11:23.527095
06:11:28,36.2,55,2026-05-22 06:11:28.571808
06:11:33,35.8,63,2026-05-22 06:11:33.596767
06:11:38,31.0,43,2026-05-22 06:11:38.624823
06:11:43,37.2,77,2026-05-22 06:11:43.667657
06:11:48,36.8,48,2026-05-22 06:11:48.688882
06:11:53,26.6,90,2026-05-22 06:11:53.706090
06:11:58,31.9,72,2026-05-22 06:11:58.726105
06:12:03,38.7,64,2026-05-22 06:12:03.752740
06:12:08,35.7,83,2026-05-22 06:12:08.771506
06:12:13,37.4,69,2026-05-22 06:12:13.796835
06:12:18,27.5,90,2026-05-22 06:12:18.826606
06:12:23,32.3,65,2026-05-22 06:12:23.848636
06:12:28,39.1,63,2026-05-22 06:12:28.869667
06:12:33,38.8,74,2026-05-22 06:12:33.900307
06:12:38,31.8,41,2026-05-22 06:12:38.932594
06:12:43,33.8,77,2026-05-22 06:12:43.950629
06:12:48,33.1,46,2026-05-22 06:12:48.968148
06:09:27,27.9,79,2026-05-22 06:09:27.927319
06:09:32,30.6,69,2026-05-22 06:09:32.954092
06:09:37,36.9,55,2026-05-22 06:09:37.971427
06:09:42,30.1,82,2026-05-22 06:09:42.987647
06:09:48,39.3,41,2026-05-22 06:09:48.011755
06:09:53,31.5,45,2026-05-22 06:09:53.032004
06:09:58,31.9,52,2026-05-22 06:09:58.050717
06:10:03,37.6,63,2026-05-22 06:10:03.078335
06:10:08,29.6,67,2026-05-22 06:10:08.094977
06:10:13,28.3,72,2026-05-22 06:10:13.114355
06:10:18,25.1,50,2026-05-22 06:10:18.144298
06:10:23,27.7,88,2026-05-22 06:10:23.179611
06:10:28,26.3,61,2026-05-22 06:10:28.207267
06:10:33,27.7,46,2026-05-22 06:10:33.238587
06:10:38,38.6,87,2026-05-22 06:10:38.261246
06:10:43,26.8,46,2026-05-22 06:10:43.277755
06:10:48,37.7,84,2026-05-22 06:10:48.294144
06:10:53,35.2,56,2026-05-22 06:10:53.312257
06:10:58,39.2,76,2026-05-22 06:10:58.337291
06:11:03,36.2,58,2026-05-22 06:11:03.355447
06:11:08,38.0,49,2026-05-22 06:11:08.396363
06:11:13,33.1,44,2026-05-22 06:11:13.446165
06:11:18,30.6,64,2026-05-22 06:11:18.486359
06:11:23,32.9,77,2026-05-22 06:11:23.527095
06:11:28,36.2,55,2026-05-22 06:11:28.571808
06:11:33,35.8,63,2026-05-22 06:11:33.596767
06:11:38,31.0,43,2026-05-22 06:11:38.624823
06:11:43,37.2,77,2026-05-22 06:11:43.667657
06:11:48,36.8,48,2026-05-22 06:11:48.688882
06:11:53,26.6,90,2026-05-22 06:11:53.706090
06:11:58,31.9,72,2026-05-22 06:11:58.726105
06:12:03,38.7,64,2026-05-22 06:12:03.752740
06:12:08,35.7,83,2026-05-22 06:12:08.771506
06:12:13,37.4,69,2026-05-22 06:12:13.796835
06:12:18,27.5,90,2026-05-22 06:12:18.826606
06:12:23,32.3,65,2026-05-22 06:12:23.848636
06:12:28,39.1,63,2026-05-22 06:12:28.869667
06:12:33,38.8,74,2026-05-22 06:12:33.900307
06:12:38,31.8,41,2026-05-22 06:12:38.932594
06:12:43,33.8,77,2026-05-22 06:12:43.950629
06:12:48,33.1,46,2026-05-22 06:12:48.968148
06:12:53,39.5,46,2026-05-22 06:12:53.987808
06:09:27,27.9,79,2026-05-22 06:09:27.927319
06:09:32,30.6,69,2026-05-22 06:09:32.954092
06:09:37,36.9,55,2026-05-22 06:09:37.971427
06:09:42,30.1,82,2026-05-22 06:09:42.987647
06:09:48,39.3,41,2026-05-22 06:09:48.011755
06:09:53,31.5,45,2026-05-22 06:09:53.032004
06:09:58,31.9,52,2026-05-22 06:09:58.050717
06:10:03,37.6,63,2026-05-22 06:10:03.078335
06:10:08,29.6,67,2026-05-22 06:10:08.094977
06:10:13,28.3,72,2026-05-22 06:10:13.114355
06:10:18,25.1,50,2026-05-22 06:10:18.144298
06:10:23,27.7,88,2026-05-22 06:10:23.179611
06:10:28,26.3,61,2026-05-22 06:10:28.207267
06:10:33,27.7,46,2026-05-22 06:10:33.238587
06:10:38,38.6,87,2026-05-22 06:10:38.261246
06:10:43,26.8,46,2026-05-22 06:10:43.277755
06:10:48,37.7,84,2026-05-22 06:10:48.294144
06:10:53,35.2,56,2026-05-22 06:10:53.312257
06:10:58,39.2,76,2026-05-22 06:10:58.337291
06:11:03,36.2,58,2026-05-22 06:11:03.355447
06:11:08,38.0,49,2026-05-22 06:11:08.396363
06:11:13,33.1,44,2026-05-22 06:11:13.446165
06:11:18,30.6,64,2026-05-22 06:11:18.486359
06:11:23,32.9,77,2026-05-22 06:11:23.527095
06:11:28,36.2,55,2026-05-22 06:11:28.571808
06:11:33,35.8,63,2026-05-22 06:11:33.596767
06:11:38,31.0,43,2026-05-22 06:11:38.624823
06:11:43,37.2,77,2026-05-22 06:11:43.667657
06:11:48,36.8,48,2026-05-22 06:11:48.688882
06:11:53,26.6,90,2026-05-22 06:11:53.706090
06:11:58,31.9,72,2026-05-22 06:11:58.726105
06:12:03,38.7,64,2026-05-22 06:12:03.752740
06:12:08,35.7,83,2026-05-22 06:12:08.771506
06:12:13,37.4,69,2026-05-22 06:12:13.796835
06:12:18,27.5,90,2026-05-22 06:12:18.826606
06:12:23,32.3,65,2026-05-22 06:12:23.848636
06:12:28,39.1,63,2026-05-22 06:12:28.869667
06:12:33,38.8,74,2026-05-22 06:12:33.900307
06:12:38,31.8,41,2026-05-22 06:12:38.932594
06:12:43,33.8,77,2026-05-22 06:12:43.950629
06:12:48,33.1,46,2026-05-22 06:12:48.968148
06:12:53,39.5,46,2026-05-22 06:12:53.987808
06:12:59,33.2,56,2026-05-22 06:12:59.008097
06:09:27,27.9,79,2026-05-22 06:09:27.927319
06:09:32,30.6,69,2026-05-22 06:09:32.954092
06:09:37,36.9,55,2026-05-22 06:09:37.971427
06:09:42,30.1,82,2026-05-22 06:09:42.987647
06:09:48,39.3,41,2026-05-22 06:09:48.011755
06:09:53,31.5,45,2026-05-22 06:09:53.032004
06:09:58,31.9,52,2026-05-22 06:09:58.050717
06:10:03,37.6,63,2026-05-22 06:10:03.078335
06:10:08,29.6,67,2026-05-22 06:10:08.094977
06:10:13,28.3,72,2026-05-22 06:10:13.114355
06:10:18,25.1,50,2026-05-22 06:10:18.144298
06:10:23,27.7,88,2026-05-22 06:10:23.179611
06:10:28,26.3,61,2026-05-22 06:10:28.207267
06:10:33,27.7,46,2026-05-22 06:10:33.238587
06:10:38,38.6,87,2026-05-22 06:10:38.261246
06:10:43,26.8,46,2026-05-22 06:10:43.277755
06:10:48,37.7,84,2026-05-22 06:10:48.294144
06:10:53,35.2,56,2026-05-22 06:10:53.312257
06:10:58,39.2,76,2026-05-22 06:10:58.337291
06:11:03,36.2,58,2026-05-22 06:11:03.355447
06:11:08,38.0,49,2026-05-22 06:11:08.396363
06:11:13,33.1,44,2026-05-22 06:11:13.446165
06:11:18,30.6,64,2026-05-22 06:11:18.486359
06:11:23,32.9,77,2026-05-22 06:11:23.527095
06:11:28,36.2,55,2026-05-22 06:11:28.571808
06:11:33,35.8,63,2026-05-22 06:11:33.596767
06:11:38,31.0,43,2026-05-22 06:11:38.624823
06:11:43,37.2,77,2026-05-22 06:11:43.667657
06:11:48,36.8,48,2026-05-22 06:11:48.688882
06:11:53,26.6,90,2026-05-22 06:11:53.706090
06:11:58,31.9,72,2026-05-22 06:11:58.726105
06:12:03,38.7,64,2026-05-22 06:12:03.752740
06:12:08,35.7,83,2026-05-22 06:12:08.771506
06:12:13,37.4,69,2026-05-22 06:12:13.796835
06:12:18,27.5,90,2026-05-22 06:12:18.826606
06:12:23,32.3,65,2026-05-22 06:12:23.848636
06:12:28,39.1,63,2026-05-22 06:12:28.869667
06:12:33,38.8,74,2026-05-22 06:12:33.900307
06:12:38,31.8,41,2026-05-22 06:12:38.932594
06:12:43,33.8,77,2026-05-22 06:12:43.950629
06:12:48,33.1,46,2026-05-22 06:12:48.968148
06:12:53,39.5,46,2026-05-22 06:12:53.987808
06:12:59,33.2,56,2026-05-22 06:12:59.008097
06:13:04,38.4,78,2026-05-22 06:13:04.026299
06:09:27,27.9,79,2026-05-22 06:09:27.927319
06:09:32,30.6,69,2026-05-22 06:09:32.954092
06:09:37,36.9,55,2026-05-22 06:09:37.971427
06:09:42,30.1,82,2026-05-22 06:09:42.987647
06:09:48,39.3,41,2026-05-22 06:09:48.011755
06:09:53,31.5,45,2026-05-22 06:09:53.032004
06:09:58,31.9,52,2026-05-22 06:09:58.050717
06:10:03,37.6,63,2026-05-22 06:10:03.078335
06:10:08,29.6,67,2026-05-22 06:10:08.094977
06:10:13,28.3,72,2026-05-22 06:10:13.114355
06:10:18,25.1,50,2026-05-22 06:10:18.144298
06:10:23,27.7,88,2026-05-22 06:10:23.179611
06:10:28,26.3,61,2026-05-22 06:10:28.207267
06:10:33,27.7,46,2026-05-22 06:10:33.238587
06:10:38,38.6,87,2026-05-22 06:10:38.261246
06:10:43,26.8,46,2026-05-22 06:10:43.277755
06:10:48,37.7,84,2026-05-22 06:10:48.294144
06:10:53,35.2,56,2026-05-22 06:10:53.312257
06:10:58,39.2,76,2026-05-22 06:10:58.337291
06:11:03,36.2,58,2026-05-22 06:11:03.355447
06:11:08,38.0,49,2026-05-22 06:11:08.396363
06:11:13,33.1,44,2026-05-22 06:11:13.446165
06:11:18,30.6,64,2026-05-22 06:11:18.486359
06:11:23,32.9,77,2026-05-22 06:11:23.527095
06:11:28,36.2,55,2026-05-22 06:11:28.571808
06:11:33,35.8,63,2026-05-22 06:11:33.596767
06:11:38,31.0,43,2026-05-22 06:11:38.624823
06:11:43,37.2,77,2026-05-22 06:11:43.667657
06:11:48,36.8,48,2026-05-22 06:11:48.688882
06:11:53,26.6,90,2026-05-22 06:11:53.706090
06:11:58,31.9,72,2026-05-22 06:11:58.726105
06:12:03,38.7,64,2026-05-22 06:12:03.752740
06:12:08,35.7,83,2026-05-22 06:12:08.771506
06:12:13,37.4,69,2026-05-22 06:12:13.796835
06:12:18,27.5,90,2026-05-22 06:12:18.826606
06:12:23,32.3,65,2026-05-22 06:12:23.848636
06:12:28,39.1,63,2026-05-22 06:12:28.869667
06:12:33,38.8,74,2026-05-22 06:12:33.900307
06:12:38,31.8,41,2026-05-22 06:12:38.932594
06:12:43,33.8,77,2026-05-22 06:12:43.950629
06:12:48,33.1,46,2026-05-22 06:12:48.968148
06:12:53,39.5,46,2026-05-22 06:12:53.987808
06:12:59,33.2,56,2026-05-22 06:12:59.008097
06:13:04,38.4,78,2026-05-22 06:13:04.026299
06:13:09,33.5,45,2026-05-22 06:13:09.049954
06:09:27,27.9,79,2026-05-22 06:09:27.927319
06:09:32,30.6,69,2026-05-22 06:09:32.954092
06:09:37,36.9,55,2026-05-22 06:09:37.971427
06:09:42,30.1,82,2026-05-22 06:09:42.987647
06:09:48,39.3,41,2026-05-22 06:09:48.011755
06:09:53,31.5,45,2026-05-22 06:09:53.032004
06:09:58,31.9,52,2026-05-22 06:09:58.050717
06:10:03,37.6,63,2026-05-22 06:10:03.078335
06:10:08,29.6,67,2026-05-22 06:10:08.094977
06:10:13,28.3,72,2026-05-22 06:10:13.114355
06:10:18,25.1,50,2026-05-22 06:10:18.144298
06:10:23,27.7,88,2026-05-22 06:10:23.179611
06:10:28,26.3,61,2026-05-22 06:10:28.207267
06:10:33,27.7,46,2026-05-22 06:10:33.238587
06:10:38,38.6,87,2026-05-22 06:10:38.261246
06:10:43,26.8,46,2026-05-22 06:10:43.277755
06:10:48,37.7,84,2026-05-22 06:10:48.294144
06:10:53,35.2,56,2026-05-22 06:10:53.312257
06:10:58,39.2,76,2026-05-22 06:10:58.337291
06:11:03,36.2,58,2026-05-22 06:11:03.355447
06:11:08,38.0,49,2026-05-22 06:11:08.396363
06:11:13,33.1,44,2026-05-22 06:11:13.446165
06:11:18,30.6,64,2026-05-22 06:11:18.486359
06:11:23,32.9,77,2026-05-22 06:11:23.527095
06:11:28,36.2,55,2026-05-22 06:11:28.571808
06:11:33,35.8,63,2026-05-22 06:11:33.596767
06:11:38,31.0,43,2026-05-22 06:11:38.624823
06:11:43,37.2,77,2026-05-22 06:11:43.667657
06:11:48,36.8,48,2026-05-22 06:11:48.688882
06:11:53,26.6,90,2026-05-22 06:11:53.706090
06:11:58,31.9,72,2026-05-22 06:11:58.726105
06:12:03,38.7,64,2026-05-22 06:12:03.752740
06:12:08,35.7,83,2026-05-22 06:12:08.771506
06:12:13,37.4,69,2026-05-22 06:12:13.796835
06:12:18,27.5,90,2026-05-22 06:12:18.826606
06:12:23,32.3,65,2026-05-22 06:12:23.848636
06:12:28,39.1,63,2026-05-22 06:12:28.869667
06:12:33,38.8,74,2026-05-22 06:12:33.900307
06:12:38,31.8,41,2026-05-22 06:12:38.932594
06:12:43,33.8,77,2026-05-22 06:12:43.950629
06:12:48,33.1,46,2026-05-22 06:12:48.968148
06:12:53,39.5,46,2026-05-22 06:12:53.987808
06:12:59,33.2,56,2026-05-22 06:12:59.008097
06:13:04,38.4,78,2026-05-22 06:13:04.026299
06:13:09,33.5,45,2026-05-22 06:13:09.049954
06:13:14,37.1,83,2026-05-22 06:13:14.073760
06:13:19,30.8,55,2026-05-22 06:13:19.113113
06:13:19,30.8,55,2026-05-22 06:13:19.113113
06:13:24,25.5,45,2026-05-22 06:13:24.141156
06:13:19,30.8,55,2026-05-22 06:13:19.113113
06:13:24,25.5,45,2026-05-22 06:13:24.141156
06:13:29,26.0,75,2026-05-22 06:13:29.166026
06:13:19,30.8,55,2026-05-22 06:13:19.113113
06:13:24,25.5,45,2026-05-22 06:13:24.141156
06:13:29,26.0,75,2026-05-22 06:13:29.166026
06:13:34,35.8,56,2026-05-22 06:13:34.186899
06:13:19,30.8,55,2026-05-22 06:13:19.113113
06:13:24,25.5,45,2026-05-22 06:13:24.141156
06:13:29,26.0,75,2026-05-22 06:13:29.166026
06:13:34,35.8,56,2026-05-22 06:13:34.186899
06:13:39,35.8,64,2026-05-22 06:13:39.208198
06:13:19,30.8,55,2026-05-22 06:13:19.113113
06:13:24,25.5,45,2026-05-22 06:13:24.141156
06:13:29,26.0,75,2026-05-22 06:13:29.166026
06:13:34,35.8,56,2026-05-22 06:13:34.186899
06:13:39,35.8,64,2026-05-22 06:13:39.208198
06:13:44,39.8,43,2026-05-22 06:13:44.239526
06:13:19,30.8,55,2026-05-22 06:13:19.113113
06:13:24,25.5,45,2026-05-22 06:13:24.141156
06:13:29,26.0,75,2026-05-22 06:13:29.166026
06:13:34,35.8,56,2026-05-22 06:13:34.186899
06:13:39,35.8,64,2026-05-22 06:13:39.208198
06:13:44,39.8,43,2026-05-22 06:13:44.239526
06:13:49,27.5,58,2026-05-22 06:13:49.257680
06:13:19,30.8,55,2026-05-22 06:13:19.113113
06:13:24,25.5,45,2026-05-22 06:13:24.141156
06:13:29,26.0,75,2026-05-22 06:13:29.166026
06:13:34,35.8,56,2026-05-22 06:13:34.186899
06:13:39,35.8,64,2026-05-22 06:13:39.208198
06:13:44,39.8,43,2026-05-22 06:13:44.239526
06:13:49,27.5,58,2026-05-22 06:13:49.257680
06:13:54,39.3,85,2026-05-22 06:13:54.280019
06:13:19,30.8,55,2026-05-22 06:13:19.113113
06:13:24,25.5,45,2026-05-22 06:13:24.141156
06:13:29,26.0,75,2026-05-22 06:13:29.166026
06:13:34,35.8,56,2026-05-22 06:13:34.186899
06:13:39,35.8,64,2026-05-22 06:13:39.208198
06:13:44,39.8,43,2026-05-22 06:13:44.239526
06:13:49,27.5,58,2026-05-22 06:13:49.257680
06:13:54,39.3,85,2026-05-22 06:13:54.280019
06:13:59,26.5,84,2026-05-22 06:13:59.312443
06:13:19,30.8,55,2026-05-22 06:13:19.113113
06:13:24,25.5,45,2026-05-22 06:13:24.141156
06:13:29,26.0,75,2026-05-22 06:13:29.166026
06:13:34,35.8,56,2026-05-22 06:13:34.186899
06:13:39,35.8,64,2026-05-22 06:13:39.208198
06:13:44,39.8,43,2026-05-22 06:13:44.239526
06:13:49,27.5,58,2026-05-22 06:13:49.257680
06:13:54,39.3,85,2026-05-22 06:13:54.280019
06:13:59,26.5,84,2026-05-22 06:13:59.312443
06:14:04,25.1,61,2026-05-22 06:14:04.343448
06:13:19,30.8,55,2026-05-22 06:13:19.113113
06:13:24,25.5,45,2026-05-22 06:13:24.141156
06:13:29,26.0,75,2026-05-22 06:13:29.166026
06:13:34,35.8,56,2026-05-22 06:13:34.186899
06:13:39,35.8,64,2026-05-22 06:13:39.208198
06:13:44,39.8,43,2026-05-22 06:13:44.239526
06:13:49,27.5,58,2026-05-22 06:13:49.257680
06:13:54,39.3,85,2026-05-22 06:13:54.280019
06:13:59,26.5,84,2026-05-22 06:13:59.312443
06:14:04,25.1,61,2026-05-22 06:14:04.343448
06:14:09,29.4,69,2026-05-22 06:14:09.366412
06:13:19,30.8,55,2026-05-22 06:13:19.113113
06:13:24,25.5,45,2026-05-22 06:13:24.141156
06:13:29,26.0,75,2026-05-22 06:13:29.166026
06:13:34,35.8,56,2026-05-22 06:13:34.186899
06:13:39,35.8,64,2026-05-22 06:13:39.208198
06:13:44,39.8,43,2026-05-22 06:13:44.239526
06:13:49,27.5,58,2026-05-22 06:13:49.257680
06:13:54,39.3,85,2026-05-22 06:13:54.280019
06:13:59,26.5,84,2026-05-22 06:13:59.312443
06:14:04,25.1,61,2026-05-22 06:14:04.343448
06:14:09,29.4,69,2026-05-22 06:14:09.366412
06:14:14,35.7,62,2026-05-22 06:14:14.385947
06:13:19,30.8,55,2026-05-22 06:13:19.113113
06:13:24,25.5,45,2026-05-22 06:13:24.141156
06:13:29,26.0,75,2026-05-22 06:13:29.166026
06:13:34,35.8,56,2026-05-22 06:13:34.186899
06:13:39,35.8,64,2026-05-22 06:13:39.208198
06:13:44,39.8,43,2026-05-22 06:13:44.239526
06:13:49,27.5,58,2026-05-22 06:13:49.257680
06:13:54,39.3,85,2026-05-22 06:13:54.280019
06:13:59,26.5,84,2026-05-22 06:13:59.312443
06:14:04,25.1,61,2026-05-22 06:14:04.343448
06:14:09,29.4,69,2026-05-22 06:14:09.366412
06:14:14,35.7,62,2026-05-22 06:14:14.385947
06:14:19,35.5,88,2026-05-22 06:14:19.402684
06:13:19,30.8,55,2026-05-22 06:13:19.113113
06:13:24,25.5,45,2026-05-22 06:13:24.141156
06:13:29,26.0,75,2026-05-22 06:13:29.166026
06:13:34,35.8,56,2026-05-22 06:13:34.186899
06:13:39,35.8,64,2026-05-22 06:13:39.208198
06:13:44,39.8,43,2026-05-22 06:13:44.239526
06:13:49,27.5,58,2026-05-22 06:13:49.257680
06:13:54,39.3,85,2026-05-22 06:13:54.280019
06:13:59,26.5,84,2026-05-22 06:13:59.312443
06:14:04,25.1,61,2026-05-22 06:14:04.343448
06:14:09,29.4,69,2026-05-22 06:14:09.366412
06:14:14,35.7,62,2026-05-22 06:14:14.385947
06:14:19,35.5,88,2026-05-22 06:14:19.402684
06:14:24,25.7,52,2026-05-22 06:14:24.421850
06:13:19,30.8,55,2026-05-22 06:13:19.113113
06:13:24,25.5,45,2026-05-22 06:13:24.141156
06:13:29,26.0,75,2026-05-22 06:13:29.166026
06:13:34,35.8,56,2026-05-22 06:13:34.186899
06:13:39,35.8,64,2026-05-22 06:13:39.208198
06:13:44,39.8,43,2026-05-22 06:13:44.239526
06:13:49,27.5,58,2026-05-22 06:13:49.257680
06:13:54,39.3,85,2026-05-22 06:13:54.280019
06:13:59,26.5,84,2026-05-22 06:13:59.312443
06:14:04,25.1,61,2026-05-22 06:14:04.343448
06:14:09,29.4,69,2026-05-22 06:14:09.366412
06:14:14,35.7,62,2026-05-22 06:14:14.385947
06:14:19,35.5,88,2026-05-22 06:14:19.402684
06:14:24,25.7,52,2026-05-22 06:14:24.421850
06:14:29,28.6,72,2026-05-22 06:14:29.448824
06:13:19,30.8,55,2026-05-22 06:13:19.113113
06:13:24,25.5,45,2026-05-22 06:13:24.141156
06:13:29,26.0,75,2026-05-22 06:13:29.166026
06:13:34,35.8,56,2026-05-22 06:13:34.186899
06:13:39,35.8,64,2026-05-22 06:13:39.208198
06:13:44,39.8,43,2026-05-22 06:13:44.239526
06:13:49,27.5,58,2026-05-22 06:13:49.257680
06:13:54,39.3,85,2026-05-22 06:13:54.280019
06:13:59,26.5,84,2026-05-22 06:13:59.312443
06:14:04,25.1,61,2026-05-22 06:14:04.343448
06:14:09,29.4,69,2026-05-22 06:14:09.366412
06:14:14,35.7,62,2026-05-22 06:14:14.385947
06:14:19,35.5,88,2026-05-22 06:14:19.402684
06:14:24,25.7,52,2026-05-22 06:14:24.421850
06:14:29,28.6,72,2026-05-22 06:14:29.448824
06:14:34,31.9,53,2026-05-22 06:14:34.479540
06:13:19,30.8,55,2026-05-22 06:13:19.113113
06:13:24,25.5,45,2026-05-22 06:13:24.141156
06:13:29,26.0,75,2026-05-22 06:13:29.166026
06:13:34,35.8,56,2026-05-22 06:13:34.186899
06:13:39,35.8,64,2026-05-22 06:13:39.208198
06:13:44,39.8,43,2026-05-22 06:13:44.239526
06:13:49,27.5,58,2026-05-22 06:13:49.257680
06:13:54,39.3,85,2026-05-22 06:13:54.280019
06:13:59,26.5,84,2026-05-22 06:13:59.312443
06:14:04,25.1,61,2026-05-22 06:14:04.343448
06:14:09,29.4,69,2026-05-22 06:14:09.366412
06:14:14,35.7,62,2026-05-22 06:14:14.385947
06:14:19,35.5,88,2026-05-22 06:14:19.402684
06:14:24,25.7,52,2026-05-22 06:14:24.421850
06:14:29,28.6,72,2026-05-22 06:14:29.448824
06:14:34,31.9,53,2026-05-22 06:14:34.479540
06:14:39,33.7,63,2026-05-22 06:14:39.502617
06:13:19,30.8,55,2026-05-22 06:13:19.113113
06:13:24,25.5,45,2026-05-22 06:13:24.141156
06:13:29,26.0,75,2026-05-22 06:13:29.166026
06:13:34,35.8,56,2026-05-22 06:13:34.186899
06:13:39,35.8,64,2026-05-22 06:13:39.208198
06:13:44,39.8,43,2026-05-22 06:13:44.239526
06:13:49,27.5,58,2026-05-22 06:13:49.257680
06:13:54,39.3,85,2026-05-22 06:13:54.280019
06:13:59,26.5,84,2026-05-22 06:13:59.312443
06:14:04,25.1,61,2026-05-22 06:14:04.343448
06:14:09,29.4,69,2026-05-22 06:14:09.366412
06:14:14,35.7,62,2026-05-22 06:14:14.385947
06:14:19,35.5,88,2026-05-22 06:14:19.402684
06:14:24,25.7,52,2026-05-22 06:14:24.421850
06:14:29,28.6,72,2026-05-22 06:14:29.448824
06:14:34,31.9,53,2026-05-22 06:14:34.479540
06:14:39,33.7,63,2026-05-22 06:14:39.502617
06:14:44,27.7,79,2026-05-22 06:14:44.520614
06:13:19,30.8,55,2026-05-22 06:13:19.113113
06:13:24,25.5,45,2026-05-22 06:13:24.141156
06:13:29,26.0,75,2026-05-22 06:13:29.166026
06:13:34,35.8,56,2026-05-22 06:13:34.186899
06:13:39,35.8,64,2026-05-22 06:13:39.208198
06:13:44,39.8,43,2026-05-22 06:13:44.239526
06:13:49,27.5,58,2026-05-22 06:13:49.257680
06:13:54,39.3,85,2026-05-22 06:13:54.280019
06:13:59,26.5,84,2026-05-22 06:13:59.312443
06:14:04,25.1,61,2026-05-22 06:14:04.343448
06:14:09,29.4,69,2026-05-22 06:14:09.366412
06:14:14,35.7,62,2026-05-22 06:14:14.385947
06:14:19,35.5,88,2026-05-22 06:14:19.402684
06:14:24,25.7,52,2026-05-22 06:14:24.421850
06:14:29,28.6,72,2026-05-22 06:14:29.448824
06:14:34,31.9,53,2026-05-22 06:14:34.479540
06:14:39,33.7,63,2026-05-22 06:14:39.502617
06:14:44,27.7,79,2026-05-22 06:14:44.520614
06:14:49,37.2,66,2026-05-22 06:14:49.548057
06:13:19,30.8,55,2026-05-22 06:13:19.113113
06:13:24,25.5,45,2026-05-22 06:13:24.141156
06:13:29,26.0,75,2026-05-22 06:13:29.166026
06:13:34,35.8,56,2026-05-22 06:13:34.186899
06:13:39,35.8,64,2026-05-22 06:13:39.208198
06:13:44,39.8,43,2026-05-22 06:13:44.239526
06:13:49,27.5,58,2026-05-22 06:13:49.257680
06:13:54,39.3,85,2026-05-22 06:13:54.280019
06:13:59,26.5,84,2026-05-22 06:13:59.312443
06:14:04,25.1,61,2026-05-22 06:14:04.343448
06:14:09,29.4,69,2026-05-22 06:14:09.366412
06:14:14,35.7,62,2026-05-22 06:14:14.385947
06:14:19,35.5,88,2026-05-22 06:14:19.402684
06:14:24,25.7,52,2026-05-22 06:14:24.421850
06:14:29,28.6,72,2026-05-22 06:14:29.448824
06:14:34,31.9,53,2026-05-22 06:14:34.479540
06:14:39,33.7,63,2026-05-22 06:14:39.502617
06:14:44,27.7,79,2026-05-22 06:14:44.520614
06:14:49,37.2,66,2026-05-22 06:14:49.548057
06:14:54,39.9,50,2026-05-22 06:14:54.598766
06:13:19,30.8,55,2026-05-22 06:13:19.113113
06:13:24,25.5,45,2026-05-22 06:13:24.141156
06:13:29,26.0,75,2026-05-22 06:13:29.166026
06:13:34,35.8,56,2026-05-22 06:13:34.186899
06:13:39,35.8,64,2026-05-22 06:13:39.208198
06:13:44,39.8,43,2026-05-22 06:13:44.239526
06:13:49,27.5,58,2026-05-22 06:13:49.257680
06:13:54,39.3,85,2026-05-22 06:13:54.280019
06:13:59,26.5,84,2026-05-22 06:13:59.312443
06:14:04,25.1,61,2026-05-22 06:14:04.343448
06:14:09,29.4,69,2026-05-22 06:14:09.366412
06:14:14,35.7,62,2026-05-22 06:14:14.385947
06:14:19,35.5,88,2026-05-22 06:14:19.402684
06:14:24,25.7,52,2026-05-22 06:14:24.421850
06:14:29,28.6,72,2026-05-22 06:14:29.448824
06:14:34,31.9,53,2026-05-22 06:14:34.479540
06:14:39,33.7,63,2026-05-22 06:14:39.502617
06:14:44,27.7,79,2026-05-22 06:14:44.520614
06:14:49,37.2,66,2026-05-22 06:14:49.548057
06:14:54,39.9,50,2026-05-22 06:14:54.598766
06:14:59,36.9,40,2026-05-22 06:14:59.640661
06:13:19,30.8,55,2026-05-22 06:13:19.113113
06:13:24,25.5,45,2026-05-22 06:13:24.141156
06:13:29,26.0,75,2026-05-22 06:13:29.166026
06:13:34,35.8,56,2026-05-22 06:13:34.186899
06:13:39,35.8,64,2026-05-22 06:13:39.208198
06:13:44,39.8,43,2026-05-22 06:13:44.239526
06:13:49,27.5,58,2026-05-22 06:13:49.257680
06:13:54,39.3,85,2026-05-22 06:13:54.280019
06:13:59,26.5,84,2026-05-22 06:13:59.312443
06:14:04,25.1,61,2026-05-22 06:14:04.343448
06:14:09,29.4,69,2026-05-22 06:14:09.366412
06:14:14,35.7,62,2026-05-22 06:14:14.385947
06:14:19,35.5,88,2026-05-22 06:14:19.402684
06:14:24,25.7,52,2026-05-22 06:14:24.421850
06:14:29,28.6,72,2026-05-22 06:14:29.448824
06:14:34,31.9,53,2026-05-22 06:14:34.479540
06:14:39,33.7,63,2026-05-22 06:14:39.502617
06:14:44,27.7,79,2026-05-22 06:14:44.520614
06:14:49,37.2,66,2026-05-22 06:14:49.548057
06:14:54,39.9,50,2026-05-22 06:14:54.598766
06:14:59,36.9,40,2026-05-22 06:14:59.640661
06:15:04,37.6,44,2026-05-22 06:15:04.662106
06:13:19,30.8,55,2026-05-22 06:13:19.113113
06:13:24,25.5,45,2026-05-22 06:13:24.141156
06:13:29,26.0,75,2026-05-22 06:13:29.166026
06:13:34,35.8,56,2026-05-22 06:13:34.186899
06:13:39,35.8,64,2026-05-22 06:13:39.208198
06:13:44,39.8,43,2026-05-22 06:13:44.239526
06:13:49,27.5,58,2026-05-22 06:13:49.257680
06:13:54,39.3,85,2026-05-22 06:13:54.280019
06:13:59,26.5,84,2026-05-22 06:13:59.312443
06:14:04,25.1,61,2026-05-22 06:14:04.343448
06:14:09,29.4,69,2026-05-22 06:14:09.366412
06:14:14,35.7,62,2026-05-22 06:14:14.385947
06:14:19,35.5,88,2026-05-22 06:14:19.402684
06:14:24,25.7,52,2026-05-22 06:14:24.421850
06:14:29,28.6,72,2026-05-22 06:14:29.448824
06:14:34,31.9,53,2026-05-22 06:14:34.479540
06:14:39,33.7,63,2026-05-22 06:14:39.502617
06:14:44,27.7,79,2026-05-22 06:14:44.520614
06:14:49,37.2,66,2026-05-22 06:14:49.548057
06:14:54,39.9,50,2026-05-22 06:14:54.598766
06:14:59,36.9,40,2026-05-22 06:14:59.640661
06:15:04,37.6,44,2026-05-22 06:15:04.662106
06:15:09,33.7,77,2026-05-22 06:15:09.682726
06:13:19,30.8,55,2026-05-22 06:13:19.113113
06:13:24,25.5,45,2026-05-22 06:13:24.141156
06:13:29,26.0,75,2026-05-22 06:13:29.166026
06:13:34,35.8,56,2026-05-22 06:13:34.186899
06:13:39,35.8,64,2026-05-22 06:13:39.208198
06:13:44,39.8,43,2026-05-22 06:13:44.239526
06:13:49,27.5,58,2026-05-22 06:13:49.257680
06:13:54,39.3,85,2026-05-22 06:13:54.280019
06:13:59,26.5,84,2026-05-22 06:13:59.312443
06:14:04,25.1,61,2026-05-22 06:14:04.343448
06:14:09,29.4,69,2026-05-22 06:14:09.366412
06:14:14,35.7,62,2026-05-22 06:14:14.385947
06:14:19,35.5,88,2026-05-22 06:14:19.402684
06:14:24,25.7,52,2026-05-22 06:14:24.421850
06:14:29,28.6,72,2026-05-22 06:14:29.448824
06:14:34,31.9,53,2026-05-22 06:14:34.479540
06:14:39,33.7,63,2026-05-22 06:14:39.502617
06:14:44,27.7,79,2026-05-22 06:14:44.520614
06:14:49,37.2,66,2026-05-22 06:14:49.548057
06:14:54,39.9,50,2026-05-22 06:14:54.598766
06:14:59,36.9,40,2026-05-22 06:14:59.640661
06:15:04,37.6,44,2026-05-22 06:15:04.662106
06:15:09,33.7,77,2026-05-22 06:15:09.682726
06:15:14,28.1,45,2026-05-22 06:15:14.711147
06:13:19,30.8,55,2026-05-22 06:13:19.113113
06:13:24,25.5,45,2026-05-22 06:13:24.141156
06:13:29,26.0,75,2026-05-22 06:13:29.166026
06:13:34,35.8,56,2026-05-22 06:13:34.186899
06:13:39,35.8,64,2026-05-22 06:13:39.208198
06:13:44,39.8,43,2026-05-22 06:13:44.239526
06:13:49,27.5,58,2026-05-22 06:13:49.257680
06:13:54,39.3,85,2026-05-22 06:13:54.280019
06:13:59,26.5,84,2026-05-22 06:13:59.312443
06:14:04,25.1,61,2026-05-22 06:14:04.343448
06:14:09,29.4,69,2026-05-22 06:14:09.366412
06:14:14,35.7,62,2026-05-22 06:14:14.385947
06:14:19,35.5,88,2026-05-22 06:14:19.402684
06:14:24,25.7,52,2026-05-22 06:14:24.421850
06:14:29,28.6,72,2026-05-22 06:14:29.448824
06:14:34,31.9,53,2026-05-22 06:14:34.479540
06:14:39,33.7,63,2026-05-22 06:14:39.502617
06:14:44,27.7,79,2026-05-22 06:14:44.520614
06:14:49,37.2,66,2026-05-22 06:14:49.548057
06:14:54,39.9,50,2026-05-22 06:14:54.598766
06:14:59,36.9,40,2026-05-22 06:14:59.640661
06:15:04,37.6,44,2026-05-22 06:15:04.662106
06:15:09,33.7,77,2026-05-22 06:15:09.682726
06:15:14,28.1,45,2026-05-22 06:15:14.711147
06:15:19,38.9,45,2026-05-22 06:15:19.732895
06:13:19,30.8,55,2026-05-22 06:13:19.113113
06:13:24,25.5,45,2026-05-22 06:13:24.141156
06:13:29,26.0,75,2026-05-22 06:13:29.166026
06:13:34,35.8,56,2026-05-22 06:13:34.186899
06:13:39,35.8,64,2026-05-22 06:13:39.208198
06:13:44,39.8,43,2026-05-22 06:13:44.239526
06:13:49,27.5,58,2026-05-22 06:13:49.257680
06:13:54,39.3,85,2026-05-22 06:13:54.280019
06:13:59,26.5,84,2026-05-22 06:13:59.312443
06:14:04,25.1,61,2026-05-22 06:14:04.343448
06:14:09,29.4,69,2026-05-22 06:14:09.366412
06:14:14,35.7,62,2026-05-22 06:14:14.385947
06:14:19,35.5,88,2026-05-22 06:14:19.402684
06:14:24,25.7,52,2026-05-22 06:14:24.421850
06:14:29,28.6,72,2026-05-22 06:14:29.448824
06:14:34,31.9,53,2026-05-22 06:14:34.479540
06:14:39,33.7,63,2026-05-22 06:14:39.502617
06:14:44,27.7,79,2026-05-22 06:14:44.520614
06:14:49,37.2,66,2026-05-22 06:14:49.548057
06:14:54,39.9,50,2026-05-22 06:14:54.598766
06:14:59,36.9,40,2026-05-22 06:14:59.640661
06:15:04,37.6,44,2026-05-22 06:15:04.662106
06:15:09,33.7,77,2026-05-22 06:15:09.682726
06:15:14,28.1,45,2026-05-22 06:15:14.711147
06:15:19,38.9,45,2026-05-22 06:15:19.732895
06:15:24,38.7,70,2026-05-22 06:15:24.751309
06:13:19,30.8,55,2026-05-22 06:13:19.113113
06:13:24,25.5,45,2026-05-22 06:13:24.141156
06:13:29,26.0,75,2026-05-22 06:13:29.166026
06:13:34,35.8,56,2026-05-22 06:13:34.186899
06:13:39,35.8,64,2026-05-22 06:13:39.208198
06:13:44,39.8,43,2026-05-22 06:13:44.239526
06:13:49,27.5,58,2026-05-22 06:13:49.257680
06:13:54,39.3,85,2026-05-22 06:13:54.280019
06:13:59,26.5,84,2026-05-22 06:13:59.312443
06:14:04,25.1,61,2026-05-22 06:14:04.343448
06:14:09,29.4,69,2026-05-22 06:14:09.366412
06:14:14,35.7,62,2026-05-22 06:14:14.385947
06:14:19,35.5,88,2026-05-22 06:14:19.402684
06:14:24,25.7,52,2026-05-22 06:14:24.421850
06:14:29,28.6,72,2026-05-22 06:14:29.448824
06:14:34,31.9,53,2026-05-22 06:14:34.479540
06:14:39,33.7,63,2026-05-22 06:14:39.502617
06:14:44,27.7,79,2026-05-22 06:14:44.520614
06:14:49,37.2,66,2026-05-22 06:14:49.548057
06:14:54,39.9,50,2026-05-22 06:14:54.598766
06:14:59,36.9,40,2026-05-22 06:14:59.640661
06:15:04,37.6,44,2026-05-22 06:15:04.662106
06:15:09,33.7,77,2026-05-22 06:15:09.682726
06:15:14,28.1,45,2026-05-22 06:15:14.711147
06:15:19,38.9,45,2026-05-22 06:15:19.732895
06:15:24,38.7,70,2026-05-22 06:15:24.751309
06:15:29,32.5,61,2026-05-22 06:15:29.774624
06:13:19,30.8,55,2026-05-22 06:13:19.113113
06:13:24,25.5,45,2026-05-22 06:13:24.141156
06:13:29,26.0,75,2026-05-22 06:13:29.166026
06:13:34,35.8,56,2026-05-22 06:13:34.186899
06:13:39,35.8,64,2026-05-22 06:13:39.208198
06:13:44,39.8,43,2026-05-22 06:13:44.239526
06:13:49,27.5,58,2026-05-22 06:13:49.257680
06:13:54,39.3,85,2026-05-22 06:13:54.280019
06:13:59,26.5,84,2026-05-22 06:13:59.312443
06:14:04,25.1,61,2026-05-22 06:14:04.343448
06:14:09,29.4,69,2026-05-22 06:14:09.366412
06:14:14,35.7,62,2026-05-22 06:14:14.385947
06:14:19,35.5,88,2026-05-22 06:14:19.402684
06:14:24,25.7,52,2026-05-22 06:14:24.421850
06:14:29,28.6,72,2026-05-22 06:14:29.448824
06:14:34,31.9,53,2026-05-22 06:14:34.479540
06:14:39,33.7,63,2026-05-22 06:14:39.502617
06:14:44,27.7,79,2026-05-22 06:14:44.520614
06:14:49,37.2,66,2026-05-22 06:14:49.548057
06:14:54,39.9,50,2026-05-22 06:14:54.598766
06:14:59,36.9,40,2026-05-22 06:14:59.640661
06:15:04,37.6,44,2026-05-22 06:15:04.662106
06:15:09,33.7,77,2026-05-22 06:15:09.682726
06:15:14,28.1,45,2026-05-22 06:15:14.711147
06:15:19,38.9,45,2026-05-22 06:15:19.732895
06:15:24,38.7,70,2026-05-22 06:15:24.751309
06:15:29,32.5,61,2026-05-22 06:15:29.774624
06:15:34,30.9,90,2026-05-22 06:15:34.807790
06:13:19,30.8,55,2026-05-22 06:13:19.113113
06:13:24,25.5,45,2026-05-22 06:13:24.141156
06:13:29,26.0,75,2026-05-22 06:13:29.166026
06:13:34,35.8,56,2026-05-22 06:13:34.186899
06:13:39,35.8,64,2026-05-22 06:13:39.208198
06:13:44,39.8,43,2026-05-22 06:13:44.239526
06:13:49,27.5,58,2026-05-22 06:13:49.257680
06:13:54,39.3,85,2026-05-22 06:13:54.280019
06:13:59,26.5,84,2026-05-22 06:13:59.312443
06:14:04,25.1,61,2026-05-22 06:14:04.343448
06:14:09,29.4,69,2026-05-22 06:14:09.366412
06:14:14,35.7,62,2026-05-22 06:14:14.385947
06:14:19,35.5,88,2026-05-22 06:14:19.402684
06:14:24,25.7,52,2026-05-22 06:14:24.421850
06:14:29,28.6,72,2026-05-22 06:14:29.448824
06:14:34,31.9,53,2026-05-22 06:14:34.479540
06:14:39,33.7,63,2026-05-22 06:14:39.502617
06:14:44,27.7,79,2026-05-22 06:14:44.520614
06:14:49,37.2,66,2026-05-22 06:14:49.548057
06:14:54,39.9,50,2026-05-22 06:14:54.598766
06:14:59,36.9,40,2026-05-22 06:14:59.640661
06:15:04,37.6,44,2026-05-22 06:15:04.662106
06:15:09,33.7,77,2026-05-22 06:15:09.682726
06:15:14,28.1,45,2026-05-22 06:15:14.711147
06:15:19,38.9,45,2026-05-22 06:15:19.732895
06:15:24,38.7,70,2026-05-22 06:15:24.751309
06:15:29,32.5,61,2026-05-22 06:15:29.774624
06:15:34,30.9,90,2026-05-22 06:15:34.807790
06:15:39,26.6,78,2026-05-22 06:15:39.829359
06:13:19,30.8,55,2026-05-22 06:13:19.113113
06:13:24,25.5,45,2026-05-22 06:13:24.141156
06:13:29,26.0,75,2026-05-22 06:13:29.166026
06:13:34,35.8,56,2026-05-22 06:13:34.186899
06:13:39,35.8,64,2026-05-22 06:13:39.208198
06:13:44,39.8,43,2026-05-22 06:13:44.239526
06:13:49,27.5,58,2026-05-22 06:13:49.257680
06:13:54,39.3,85,2026-05-22 06:13:54.280019
06:13:59,26.5,84,2026-05-22 06:13:59.312443
06:14:04,25.1,61,2026-05-22 06:14:04.343448
06:14:09,29.4,69,2026-05-22 06:14:09.366412
06:14:14,35.7,62,2026-05-22 06:14:14.385947
06:14:19,35.5,88,2026-05-22 06:14:19.402684
06:14:24,25.7,52,2026-05-22 06:14:24.421850
06:14:29,28.6,72,2026-05-22 06:14:29.448824
06:14:34,31.9,53,2026-05-22 06:14:34.479540
06:14:39,33.7,63,2026-05-22 06:14:39.502617
06:14:44,27.7,79,2026-05-22 06:14:44.520614
06:14:49,37.2,66,2026-05-22 06:14:49.548057
06:14:54,39.9,50,2026-05-22 06:14:54.598766
06:14:59,36.9,40,2026-05-22 06:14:59.640661
06:15:04,37.6,44,2026-05-22 06:15:04.662106
06:15:09,33.7,77,2026-05-22 06:15:09.682726
06:15:14,28.1,45,2026-05-22 06:15:14.711147
06:15:19,38.9,45,2026-05-22 06:15:19.732895
06:15:24,38.7,70,2026-05-22 06:15:24.751309
06:15:29,32.5,61,2026-05-22 06:15:29.774624
06:15:34,30.9,90,2026-05-22 06:15:34.807790
06:15:39,26.6,78,2026-05-22 06:15:39.829359
06:15:44,28.2,78,2026-05-22 06:15:44.850696
06:13:19,30.8,55,2026-05-22 06:13:19.113113
06:13:24,25.5,45,2026-05-22 06:13:24.141156
06:13:29,26.0,75,2026-05-22 06:13:29.166026
06:13:34,35.8,56,2026-05-22 06:13:34.186899
06:13:39,35.8,64,2026-05-22 06:13:39.208198
06:13:44,39.8,43,2026-05-22 06:13:44.239526
06:13:49,27.5,58,2026-05-22 06:13:49.257680
06:13:54,39.3,85,2026-05-22 06:13:54.280019
06:13:59,26.5,84,2026-05-22 06:13:59.312443
06:14:04,25.1,61,2026-05-22 06:14:04.343448
06:14:09,29.4,69,2026-05-22 06:14:09.366412
06:14:14,35.7,62,2026-05-22 06:14:14.385947
06:14:19,35.5,88,2026-05-22 06:14:19.402684
06:14:24,25.7,52,2026-05-22 06:14:24.421850
06:14:29,28.6,72,2026-05-22 06:14:29.448824
06:14:34,31.9,53,2026-05-22 06:14:34.479540
06:14:39,33.7,63,2026-05-22 06:14:39.502617
06:14:44,27.7,79,2026-05-22 06:14:44.520614
06:14:49,37.2,66,2026-05-22 06:14:49.548057
06:14:54,39.9,50,2026-05-22 06:14:54.598766
06:14:59,36.9,40,2026-05-22 06:14:59.640661
06:15:04,37.6,44,2026-05-22 06:15:04.662106
06:15:09,33.7,77,2026-05-22 06:15:09.682726
06:15:14,28.1,45,2026-05-22 06:15:14.711147
06:15:19,38.9,45,2026-05-22 06:15:19.732895
06:15:24,38.7,70,2026-05-22 06:15:24.751309
06:15:29,32.5,61,2026-05-22 06:15:29.774624
06:15:34,30.9,90,2026-05-22 06:15:34.807790
06:15:39,26.6,78,2026-05-22 06:15:39.829359
06:15:44,28.2,78,2026-05-22 06:15:44.850696
06:15:49,26.0,71,2026-05-22 06:15:49.875434
06:13:19,30.8,55,2026-05-22 06:13:19.113113
06:13:24,25.5,45,2026-05-22 06:13:24.141156
06:13:29,26.0,75,2026-05-22 06:13:29.166026
06:13:34,35.8,56,2026-05-22 06:13:34.186899
06:13:39,35.8,64,2026-05-22 06:13:39.208198
06:13:44,39.8,43,2026-05-22 06:13:44.239526
06:13:49,27.5,58,2026-05-22 06:13:49.257680
06:13:54,39.3,85,2026-05-22 06:13:54.280019
06:13:59,26.5,84,2026-05-22 06:13:59.312443
06:14:04,25.1,61,2026-05-22 06:14:04.343448
06:14:09,29.4,69,2026-05-22 06:14:09.366412
06:14:14,35.7,62,2026-05-22 06:14:14.385947
06:14:19,35.5,88,2026-05-22 06:14:19.402684
06:14:24,25.7,52,2026-05-22 06:14:24.421850
06:14:29,28.6,72,2026-05-22 06:14:29.448824
06:14:34,31.9,53,2026-05-22 06:14:34.479540
06:14:39,33.7,63,2026-05-22 06:14:39.502617
06:14:44,27.7,79,2026-05-22 06:14:44.520614
06:14:49,37.2,66,2026-05-22 06:14:49.548057
06:14:54,39.9,50,2026-05-22 06:14:54.598766
06:14:59,36.9,40,2026-05-22 06:14:59.640661
06:15:04,37.6,44,2026-05-22 06:15:04.662106
06:15:09,33.7,77,2026-05-22 06:15:09.682726
06:15:14,28.1,45,2026-05-22 06:15:14.711147
06:15:19,38.9,45,2026-05-22 06:15:19.732895
06:15:24,38.7,70,2026-05-22 06:15:24.751309
06:15:29,32.5,61,2026-05-22 06:15:29.774624
06:15:34,30.9,90,2026-05-22 06:15:34.807790
06:15:39,26.6,78,2026-05-22 06:15:39.829359
06:15:44,28.2,78,2026-05-22 06:15:44.850696
06:15:49,26.0,71,2026-05-22 06:15:49.875434
06:15:54,37.1,64,2026-05-22 06:15:54.897831
06:13:19,30.8,55,2026-05-22 06:13:19.113113
06:13:24,25.5,45,2026-05-22 06:13:24.141156
06:13:29,26.0,75,2026-05-22 06:13:29.166026
06:13:34,35.8,56,2026-05-22 06:13:34.186899
06:13:39,35.8,64,2026-05-22 06:13:39.208198
06:13:44,39.8,43,2026-05-22 06:13:44.239526
06:13:49,27.5,58,2026-05-22 06:13:49.257680
06:13:54,39.3,85,2026-05-22 06:13:54.280019
06:13:59,26.5,84,2026-05-22 06:13:59.312443
06:14:04,25.1,61,2026-05-22 06:14:04.343448
06:14:09,29.4,69,2026-05-22 06:14:09.366412
06:14:14,35.7,62,2026-05-22 06:14:14.385947
06:14:19,35.5,88,2026-05-22 06:14:19.402684
06:14:24,25.7,52,2026-05-22 06:14:24.421850
06:14:29,28.6,72,2026-05-22 06:14:29.448824
06:14:34,31.9,53,2026-05-22 06:14:34.479540
06:14:39,33.7,63,2026-05-22 06:14:39.502617
06:14:44,27.7,79,2026-05-22 06:14:44.520614
06:14:49,37.2,66,2026-05-22 06:14:49.548057
06:14:54,39.9,50,2026-05-22 06:14:54.598766
06:14:59,36.9,40,2026-05-22 06:14:59.640661
06:15:04,37.6,44,2026-05-22 06:15:04.662106
06:15:09,33.7,77,2026-05-22 06:15:09.682726
06:15:14,28.1,45,2026-05-22 06:15:14.711147
06:15:19,38.9,45,2026-05-22 06:15:19.732895
06:15:24,38.7,70,2026-05-22 06:15:24.751309
06:15:29,32.5,61,2026-05-22 06:15:29.774624
06:15:34,30.9,90,2026-05-22 06:15:34.807790
06:15:39,26.6,78,2026-05-22 06:15:39.829359
06:15:44,28.2,78,2026-05-22 06:15:44.850696
06:15:49,26.0,71,2026-05-22 06:15:49.875434
06:15:54,37.1,64,2026-05-22 06:15:54.897831
06:15:59,31.6,73,2026-05-22 06:15:59.918757
06:16:04,36.6,67,2026-05-22 06:16:04.954304
06:16:04,36.6,67,2026-05-22 06:16:04.954304
06:16:09,37.3,81,2026-05-22 06:16:09.978137
06:16:15,36.7,64,2026-05-22 06:16:15.001867
06:16:15,36.7,64,2026-05-22 06:16:15.001867
06:16:20,31.0,75,2026-05-22 06:16:20.028124
06:16:15,36.7,64,2026-05-22 06:16:15.001867
06:16:20,31.0,75,2026-05-22 06:16:20.028124
06:16:25,26.1,85,2026-05-22 06:16:25.072561
06:16:15,36.7,64,2026-05-22 06:16:15.001867
06:16:20,31.0,75,2026-05-22 06:16:20.028124
06:16:25,26.1,85,2026-05-22 06:16:25.072561
06:16:30,28.0,41,2026-05-22 06:16:30.096970
06:16:15,36.7,64,2026-05-22 06:16:15.001867
06:16:20,31.0,75,2026-05-22 06:16:20.028124
06:16:25,26.1,85,2026-05-22 06:16:25.072561
06:16:30,28.0,41,2026-05-22 06:16:30.096970
06:16:35,28.9,44,2026-05-22 06:16:35.133769
06:16:15,36.7,64,2026-05-22 06:16:15.001867
06:16:20,31.0,75,2026-05-22 06:16:20.028124
06:16:25,26.1,85,2026-05-22 06:16:25.072561
06:16:30,28.0,41,2026-05-22 06:16:30.096970
06:16:35,28.9,44,2026-05-22 06:16:35.133769
06:16:40,30.2,82,2026-05-22 06:16:40.157670
06:16:15,36.7,64,2026-05-22 06:16:15.001867
06:16:20,31.0,75,2026-05-22 06:16:20.028124
06:16:25,26.1,85,2026-05-22 06:16:25.072561
06:16:30,28.0,41,2026-05-22 06:16:30.096970
06:16:35,28.9,44,2026-05-22 06:16:35.133769
06:16:40,30.2,82,2026-05-22 06:16:40.157670
06:16:45,38.4,73,2026-05-22 06:16:45.184952
06:16:15,36.7,64,2026-05-22 06:16:15.001867
06:16:20,31.0,75,2026-05-22 06:16:20.028124
06:16:25,26.1,85,2026-05-22 06:16:25.072561
06:16:30,28.0,41,2026-05-22 06:16:30.096970
06:16:35,28.9,44,2026-05-22 06:16:35.133769
06:16:40,30.2,82,2026-05-22 06:16:40.157670
06:16:45,38.4,73,2026-05-22 06:16:45.184952
06:16:50,36.5,74,2026-05-22 06:16:50.222743
06:16:15,36.7,64,2026-05-22 06:16:15.001867
06:16:20,31.0,75,2026-05-22 06:16:20.028124
06:16:25,26.1,85,2026-05-22 06:16:25.072561
06:16:30,28.0,41,2026-05-22 06:16:30.096970
06:16:35,28.9,44,2026-05-22 06:16:35.133769
06:16:40,30.2,82,2026-05-22 06:16:40.157670
06:16:45,38.4,73,2026-05-22 06:16:45.184952
06:16:50,36.5,74,2026-05-22 06:16:50.222743
06:16:55,39.8,51,2026-05-22 06:16:55.250071
06:16:15,36.7,64,2026-05-22 06:16:15.001867
06:16:20,31.0,75,2026-05-22 06:16:20.028124
06:16:25,26.1,85,2026-05-22 06:16:25.072561
06:16:30,28.0,41,2026-05-22 06:16:30.096970
06:16:35,28.9,44,2026-05-22 06:16:35.133769
06:16:40,30.2,82,2026-05-22 06:16:40.157670
06:16:45,38.4,73,2026-05-22 06:16:45.184952
06:16:50,36.5,74,2026-05-22 06:16:50.222743
06:16:55,39.8,51,2026-05-22 06:16:55.250071
06:17:00,34.8,86,2026-05-22 06:17:00.268904
06:16:15,36.7,64,2026-05-22 06:16:15.001867
06:16:20,31.0,75,2026-05-22 06:16:20.028124
06:16:25,26.1,85,2026-05-22 06:16:25.072561
06:16:30,28.0,41,2026-05-22 06:16:30.096970
06:16:35,28.9,44,2026-05-22 06:16:35.133769
06:16:40,30.2,82,2026-05-22 06:16:40.157670
06:16:45,38.4,73,2026-05-22 06:16:45.184952
06:16:50,36.5,74,2026-05-22 06:16:50.222743
06:16:55,39.8,51,2026-05-22 06:16:55.250071
06:17:00,34.8,86,2026-05-22 06:17:00.268904
06:17:05,34.2,56,2026-05-22 06:17:05.290405
06:16:15,36.7,64,2026-05-22 06:16:15.001867
06:16:20,31.0,75,2026-05-22 06:16:20.028124
06:16:25,26.1,85,2026-05-22 06:16:25.072561
06:16:30,28.0,41,2026-05-22 06:16:30.096970
06:16:35,28.9,44,2026-05-22 06:16:35.133769
06:16:40,30.2,82,2026-05-22 06:16:40.157670
06:16:45,38.4,73,2026-05-22 06:16:45.184952
06:16:50,36.5,74,2026-05-22 06:16:50.222743
06:16:55,39.8,51,2026-05-22 06:16:55.250071
06:17:00,34.8,86,2026-05-22 06:17:00.268904
06:17:05,34.2,56,2026-05-22 06:17:05.290405
06:17:10,33.2,60,2026-05-22 06:17:10.315911
06:16:15,36.7,64,2026-05-22 06:16:15.001867
06:16:20,31.0,75,2026-05-22 06:16:20.028124
06:16:25,26.1,85,2026-05-22 06:16:25.072561
06:16:30,28.0,41,2026-05-22 06:16:30.096970
06:16:35,28.9,44,2026-05-22 06:16:35.133769
06:16:40,30.2,82,2026-05-22 06:16:40.157670
06:16:45,38.4,73,2026-05-22 06:16:45.184952
06:16:50,36.5,74,2026-05-22 06:16:50.222743
06:16:55,39.8,51,2026-05-22 06:16:55.250071
06:17:00,34.8,86,2026-05-22 06:17:00.268904
06:17:05,34.2,56,2026-05-22 06:17:05.290405
06:17:10,33.2,60,2026-05-22 06:17:10.315911
06:17:15,35.5,46,2026-05-22 06:17:15.339123
06:16:15,36.7,64,2026-05-22 06:16:15.001867
06:16:20,31.0,75,2026-05-22 06:16:20.028124
06:16:25,26.1,85,2026-05-22 06:16:25.072561
06:16:30,28.0,41,2026-05-22 06:16:30.096970
06:16:35,28.9,44,2026-05-22 06:16:35.133769
06:16:40,30.2,82,2026-05-22 06:16:40.157670
06:16:45,38.4,73,2026-05-22 06:16:45.184952
06:16:50,36.5,74,2026-05-22 06:16:50.222743
06:16:55,39.8,51,2026-05-22 06:16:55.250071
06:17:00,34.8,86,2026-05-22 06:17:00.268904
06:17:05,34.2,56,2026-05-22 06:17:05.290405
06:17:10,33.2,60,2026-05-22 06:17:10.315911
06:17:15,35.5,46,2026-05-22 06:17:15.339123
06:17:20,34.1,66,2026-05-22 06:17:20.359388
06:16:15,36.7,64,2026-05-22 06:16:15.001867
06:16:20,31.0,75,2026-05-22 06:16:20.028124
06:16:25,26.1,85,2026-05-22 06:16:25.072561
06:16:30,28.0,41,2026-05-22 06:16:30.096970
06:16:35,28.9,44,2026-05-22 06:16:35.133769
06:16:40,30.2,82,2026-05-22 06:16:40.157670
06:16:45,38.4,73,2026-05-22 06:16:45.184952
06:16:50,36.5,74,2026-05-22 06:16:50.222743
06:16:55,39.8,51,2026-05-22 06:16:55.250071
06:17:00,34.8,86,2026-05-22 06:17:00.268904
06:17:05,34.2,56,2026-05-22 06:17:05.290405
06:17:10,33.2,60,2026-05-22 06:17:10.315911
06:17:15,35.5,46,2026-05-22 06:17:15.339123
06:17:20,34.1,66,2026-05-22 06:17:20.359388
06:17:25,27.5,59,2026-05-22 06:17:25.376674
06:16:15,36.7,64,2026-05-22 06:16:15.001867
06:16:20,31.0,75,2026-05-22 06:16:20.028124
06:16:25,26.1,85,2026-05-22 06:16:25.072561
06:16:30,28.0,41,2026-05-22 06:16:30.096970
06:16:35,28.9,44,2026-05-22 06:16:35.133769
06:16:40,30.2,82,2026-05-22 06:16:40.157670
06:16:45,38.4,73,2026-05-22 06:16:45.184952
06:16:50,36.5,74,2026-05-22 06:16:50.222743
06:16:55,39.8,51,2026-05-22 06:16:55.250071
06:17:00,34.8,86,2026-05-22 06:17:00.268904
06:17:05,34.2,56,2026-05-22 06:17:05.290405
06:17:10,33.2,60,2026-05-22 06:17:10.315911
06:17:15,35.5,46,2026-05-22 06:17:15.339123
06:17:20,34.1,66,2026-05-22 06:17:20.359388
06:17:25,27.5,59,2026-05-22 06:17:25.376674
06:17:30,27.8,66,2026-05-22 06:17:30.394829
06:16:15,36.7,64,2026-05-22 06:16:15.001867
06:16:20,31.0,75,2026-05-22 06:16:20.028124
06:16:25,26.1,85,2026-05-22 06:16:25.072561
06:16:30,28.0,41,2026-05-22 06:16:30.096970
06:16:35,28.9,44,2026-05-22 06:16:35.133769
06:16:40,30.2,82,2026-05-22 06:16:40.157670
06:16:45,38.4,73,2026-05-22 06:16:45.184952
06:16:50,36.5,74,2026-05-22 06:16:50.222743
06:16:55,39.8,51,2026-05-22 06:16:55.250071
06:17:00,34.8,86,2026-05-22 06:17:00.268904
06:17:05,34.2,56,2026-05-22 06:17:05.290405
06:17:10,33.2,60,2026-05-22 06:17:10.315911
06:17:15,35.5,46,2026-05-22 06:17:15.339123
06:17:20,34.1,66,2026-05-22 06:17:20.359388
06:17:25,27.5,59,2026-05-22 06:17:25.376674
06:17:30,27.8,66,2026-05-22 06:17:30.394829
06:17:35,31.9,48,2026-05-22 06:17:35.423830
06:16:15,36.7,64,2026-05-22 06:16:15.001867
06:16:20,31.0,75,2026-05-22 06:16:20.028124
06:16:25,26.1,85,2026-05-22 06:16:25.072561
06:16:30,28.0,41,2026-05-22 06:16:30.096970
06:16:35,28.9,44,2026-05-22 06:16:35.133769
06:16:40,30.2,82,2026-05-22 06:16:40.157670
06:16:45,38.4,73,2026-05-22 06:16:45.184952
06:16:50,36.5,74,2026-05-22 06:16:50.222743
06:16:55,39.8,51,2026-05-22 06:16:55.250071
06:17:00,34.8,86,2026-05-22 06:17:00.268904
06:17:05,34.2,56,2026-05-22 06:17:05.290405
06:17:10,33.2,60,2026-05-22 06:17:10.315911
06:17:15,35.5,46,2026-05-22 06:17:15.339123
06:17:20,34.1,66,2026-05-22 06:17:20.359388
06:17:25,27.5,59,2026-05-22 06:17:25.376674
06:17:30,27.8,66,2026-05-22 06:17:30.394829
06:17:35,31.9,48,2026-05-22 06:17:35.423830
06:17:40,39.9,41,2026-05-22 06:17:40.445627
06:16:15,36.7,64,2026-05-22 06:16:15.001867
06:16:20,31.0,75,2026-05-22 06:16:20.028124
06:16:25,26.1,85,2026-05-22 06:16:25.072561
06:16:30,28.0,41,2026-05-22 06:16:30.096970
06:16:35,28.9,44,2026-05-22 06:16:35.133769
06:16:40,30.2,82,2026-05-22 06:16:40.157670
06:16:45,38.4,73,2026-05-22 06:16:45.184952
06:16:50,36.5,74,2026-05-22 06:16:50.222743
06:16:55,39.8,51,2026-05-22 06:16:55.250071
06:17:00,34.8,86,2026-05-22 06:17:00.268904
06:17:05,34.2,56,2026-05-22 06:17:05.290405
06:17:10,33.2,60,2026-05-22 06:17:10.315911
06:17:15,35.5,46,2026-05-22 06:17:15.339123
06:17:20,34.1,66,2026-05-22 06:17:20.359388
06:17:25,27.5,59,2026-05-22 06:17:25.376674
06:17:30,27.8,66,2026-05-22 06:17:30.394829
06:17:35,31.9,48,2026-05-22 06:17:35.423830
06:17:40,39.9,41,2026-05-22 06:17:40.445627
06:17:45,31.8,79,2026-05-22 06:17:45.463944
06:16:15,36.7,64,2026-05-22 06:16:15.001867
06:16:20,31.0,75,2026-05-22 06:16:20.028124
06:16:25,26.1,85,2026-05-22 06:16:25.072561
06:16:30,28.0,41,2026-05-22 06:16:30.096970
06:16:35,28.9,44,2026-05-22 06:16:35.133769
06:16:40,30.2,82,2026-05-22 06:16:40.157670
06:16:45,38.4,73,2026-05-22 06:16:45.184952
06:16:50,36.5,74,2026-05-22 06:16:50.222743
06:16:55,39.8,51,2026-05-22 06:16:55.250071
06:17:00,34.8,86,2026-05-22 06:17:00.268904
06:17:05,34.2,56,2026-05-22 06:17:05.290405
06:17:10,33.2,60,2026-05-22 06:17:10.315911
06:17:15,35.5,46,2026-05-22 06:17:15.339123
06:17:20,34.1,66,2026-05-22 06:17:20.359388
06:17:25,27.5,59,2026-05-22 06:17:25.376674
06:17:30,27.8,66,2026-05-22 06:17:30.394829
06:17:35,31.9,48,2026-05-22 06:17:35.423830
06:17:40,39.9,41,2026-05-22 06:17:40.445627
06:17:45,31.8,79,2026-05-22 06:17:45.463944
06:17:50,30.7,78,2026-05-22 06:17:50.485560
06:16:15,36.7,64,2026-05-22 06:16:15.001867
06:16:20,31.0,75,2026-05-22 06:16:20.028124
06:16:25,26.1,85,2026-05-22 06:16:25.072561
06:16:30,28.0,41,2026-05-22 06:16:30.096970
06:16:35,28.9,44,2026-05-22 06:16:35.133769
06:16:40,30.2,82,2026-05-22 06:16:40.157670
06:16:45,38.4,73,2026-05-22 06:16:45.184952
06:16:50,36.5,74,2026-05-22 06:16:50.222743
06:16:55,39.8,51,2026-05-22 06:16:55.250071
06:17:00,34.8,86,2026-05-22 06:17:00.268904
06:17:05,34.2,56,2026-05-22 06:17:05.290405
06:17:10,33.2,60,2026-05-22 06:17:10.315911
06:17:15,35.5,46,2026-05-22 06:17:15.339123
06:17:20,34.1,66,2026-05-22 06:17:20.359388
06:17:25,27.5,59,2026-05-22 06:17:25.376674
06:17:30,27.8,66,2026-05-22 06:17:30.394829
06:17:35,31.9,48,2026-05-22 06:17:35.423830
06:17:40,39.9,41,2026-05-22 06:17:40.445627
06:17:45,31.8,79,2026-05-22 06:17:45.463944
06:17:50,30.7,78,2026-05-22 06:17:50.485560
06:17:55,31.4,53,2026-05-22 06:17:55.520255
06:16:15,36.7,64,2026-05-22 06:16:15.001867
06:16:20,31.0,75,2026-05-22 06:16:20.028124
06:16:25,26.1,85,2026-05-22 06:16:25.072561
06:16:30,28.0,41,2026-05-22 06:16:30.096970
06:16:35,28.9,44,2026-05-22 06:16:35.133769
06:16:40,30.2,82,2026-05-22 06:16:40.157670
06:16:45,38.4,73,2026-05-22 06:16:45.184952
06:16:50,36.5,74,2026-05-22 06:16:50.222743
06:16:55,39.8,51,2026-05-22 06:16:55.250071
06:17:00,34.8,86,2026-05-22 06:17:00.268904
06:17:05,34.2,56,2026-05-22 06:17:05.290405
06:17:10,33.2,60,2026-05-22 06:17:10.315911
06:17:15,35.5,46,2026-05-22 06:17:15.339123
06:17:20,34.1,66,2026-05-22 06:17:20.359388
06:17:25,27.5,59,2026-05-22 06:17:25.376674
06:17:30,27.8,66,2026-05-22 06:17:30.394829
06:17:35,31.9,48,2026-05-22 06:17:35.423830
06:17:40,39.9,41,2026-05-22 06:17:40.445627
06:17:45,31.8,79,2026-05-22 06:17:45.463944
06:17:50,30.7,78,2026-05-22 06:17:50.485560
06:17:55,31.4,53,2026-05-22 06:17:55.520255
06:18:00,32.0,76,2026-05-22 06:18:00.541869
06:16:15,36.7,64,2026-05-22 06:16:15.001867
06:16:20,31.0,75,2026-05-22 06:16:20.028124
06:16:25,26.1,85,2026-05-22 06:16:25.072561
06:16:30,28.0,41,2026-05-22 06:16:30.096970
06:16:35,28.9,44,2026-05-22 06:16:35.133769
06:16:40,30.2,82,2026-05-22 06:16:40.157670
06:16:45,38.4,73,2026-05-22 06:16:45.184952
06:16:50,36.5,74,2026-05-22 06:16:50.222743
06:16:55,39.8,51,2026-05-22 06:16:55.250071
06:17:00,34.8,86,2026-05-22 06:17:00.268904
06:17:05,34.2,56,2026-05-22 06:17:05.290405
06:17:10,33.2,60,2026-05-22 06:17:10.315911
06:17:15,35.5,46,2026-05-22 06:17:15.339123
06:17:20,34.1,66,2026-05-22 06:17:20.359388
06:17:25,27.5,59,2026-05-22 06:17:25.376674
06:17:30,27.8,66,2026-05-22 06:17:30.394829
06:17:35,31.9,48,2026-05-22 06:17:35.423830
06:17:40,39.9,41,2026-05-22 06:17:40.445627
06:17:45,31.8,79,2026-05-22 06:17:45.463944
06:17:50,30.7,78,2026-05-22 06:17:50.485560
06:17:55,31.4,53,2026-05-22 06:17:55.520255
06:18:00,32.0,76,2026-05-22 06:18:00.541869
06:18:05,31.4,55,2026-05-22 06:18:05.560671
06:16:15,36.7,64,2026-05-22 06:16:15.001867
06:16:20,31.0,75,2026-05-22 06:16:20.028124
06:16:25,26.1,85,2026-05-22 06:16:25.072561
06:16:30,28.0,41,2026-05-22 06:16:30.096970
06:16:35,28.9,44,2026-05-22 06:16:35.133769
06:16:40,30.2,82,2026-05-22 06:16:40.157670
06:16:45,38.4,73,2026-05-22 06:16:45.184952
06:16:50,36.5,74,2026-05-22 06:16:50.222743
06:16:55,39.8,51,2026-05-22 06:16:55.250071
06:17:00,34.8,86,2026-05-22 06:17:00.268904
06:17:05,34.2,56,2026-05-22 06:17:05.290405
06:17:10,33.2,60,2026-05-22 06:17:10.315911
06:17:15,35.5,46,2026-05-22 06:17:15.339123
06:17:20,34.1,66,2026-05-22 06:17:20.359388
06:17:25,27.5,59,2026-05-22 06:17:25.376674
06:17:30,27.8,66,2026-05-22 06:17:30.394829
06:17:35,31.9,48,2026-05-22 06:17:35.423830
06:17:40,39.9,41,2026-05-22 06:17:40.445627
06:17:45,31.8,79,2026-05-22 06:17:45.463944
06:17:50,30.7,78,2026-05-22 06:17:50.485560
06:17:55,31.4,53,2026-05-22 06:17:55.520255
06:18:00,32.0,76,2026-05-22 06:18:00.541869
06:18:05,31.4,55,2026-05-22 06:18:05.560671
06:18:10,33.6,57,2026-05-22 06:18:10.585182
06:16:15,36.7,64,2026-05-22 06:16:15.001867
06:16:20,31.0,75,2026-05-22 06:16:20.028124
06:16:25,26.1,85,2026-05-22 06:16:25.072561
06:16:30,28.0,41,2026-05-22 06:16:30.096970
06:16:35,28.9,44,2026-05-22 06:16:35.133769
06:16:40,30.2,82,2026-05-22 06:16:40.157670
06:16:45,38.4,73,2026-05-22 06:16:45.184952
06:16:50,36.5,74,2026-05-22 06:16:50.222743
06:16:55,39.8,51,2026-05-22 06:16:55.250071
06:17:00,34.8,86,2026-05-22 06:17:00.268904
06:17:05,34.2,56,2026-05-22 06:17:05.290405
06:17:10,33.2,60,2026-05-22 06:17:10.315911
06:17:15,35.5,46,2026-05-22 06:17:15.339123
06:17:20,34.1,66,2026-05-22 06:17:20.359388
06:17:25,27.5,59,2026-05-22 06:17:25.376674
06:17:30,27.8,66,2026-05-22 06:17:30.394829
06:17:35,31.9,48,2026-05-22 06:17:35.423830
06:17:40,39.9,41,2026-05-22 06:17:40.445627
06:17:45,31.8,79,2026-05-22 06:17:45.463944
06:17:50,30.7,78,2026-05-22 06:17:50.485560
06:17:55,31.4,53,2026-05-22 06:17:55.520255
06:18:00,32.0,76,2026-05-22 06:18:00.541869
06:18:05,31.4,55,2026-05-22 06:18:05.560671
06:18:10,33.6,57,2026-05-22 06:18:10.585182
06:18:15,29.1,79,2026-05-22 06:18:15.622592
06:16:15,36.7,64,2026-05-22 06:16:15.001867
06:16:20,31.0,75,2026-05-22 06:16:20.028124
06:16:25,26.1,85,2026-05-22 06:16:25.072561
06:16:30,28.0,41,2026-05-22 06:16:30.096970
06:16:35,28.9,44,2026-05-22 06:16:35.133769
06:16:40,30.2,82,2026-05-22 06:16:40.157670
06:16:45,38.4,73,2026-05-22 06:16:45.184952
06:16:50,36.5,74,2026-05-22 06:16:50.222743
06:16:55,39.8,51,2026-05-22 06:16:55.250071
06:17:00,34.8,86,2026-05-22 06:17:00.268904
06:17:05,34.2,56,2026-05-22 06:17:05.290405
06:17:10,33.2,60,2026-05-22 06:17:10.315911
06:17:15,35.5,46,2026-05-22 06:17:15.339123
06:17:20,34.1,66,2026-05-22 06:17:20.359388
06:17:25,27.5,59,2026-05-22 06:17:25.376674
06:17:30,27.8,66,2026-05-22 06:17:30.394829
06:17:35,31.9,48,2026-05-22 06:17:35.423830
06:17:40,39.9,41,2026-05-22 06:17:40.445627
06:17:45,31.8,79,2026-05-22 06:17:45.463944
06:17:50,30.7,78,2026-05-22 06:17:50.485560
06:17:55,31.4,53,2026-05-22 06:17:55.520255
06:18:00,32.0,76,2026-05-22 06:18:00.541869
06:18:05,31.4,55,2026-05-22 06:18:05.560671
06:18:10,33.6,57,2026-05-22 06:18:10.585182
06:18:15,29.1,79,2026-05-22 06:18:15.622592
06:18:20,36.4,88,2026-05-22 06:18:20.649819
06:16:15,36.7,64,2026-05-22 06:16:15.001867
06:16:20,31.0,75,2026-05-22 06:16:20.028124
06:16:25,26.1,85,2026-05-22 06:16:25.072561
06:16:30,28.0,41,2026-05-22 06:16:30.096970
06:16:35,28.9,44,2026-05-22 06:16:35.133769
06:16:40,30.2,82,2026-05-22 06:16:40.157670
06:16:45,38.4,73,2026-05-22 06:16:45.184952
06:16:50,36.5,74,2026-05-22 06:16:50.222743
06:16:55,39.8,51,2026-05-22 06:16:55.250071
06:17:00,34.8,86,2026-05-22 06:17:00.268904
06:17:05,34.2,56,2026-05-22 06:17:05.290405
06:17:10,33.2,60,2026-05-22 06:17:10.315911
06:17:15,35.5,46,2026-05-22 06:17:15.339123
06:17:20,34.1,66,2026-05-22 06:17:20.359388
06:17:25,27.5,59,2026-05-22 06:17:25.376674
06:17:30,27.8,66,2026-05-22 06:17:30.394829
06:17:35,31.9,48,2026-05-22 06:17:35.423830
06:17:40,39.9,41,2026-05-22 06:17:40.445627
06:17:45,31.8,79,2026-05-22 06:17:45.463944
06:17:50,30.7,78,2026-05-22 06:17:50.485560
06:17:55,31.4,53,2026-05-22 06:17:55.520255
06:18:00,32.0,76,2026-05-22 06:18:00.541869
06:18:05,31.4,55,2026-05-22 06:18:05.560671
06:18:10,33.6,57,2026-05-22 06:18:10.585182
06:18:15,29.1,79,2026-05-22 06:18:15.622592
06:18:20,36.4,88,2026-05-22 06:18:20.649819
06:18:25,36.2,84,2026-05-22 06:18:25.666152
06:16:15,36.7,64,2026-05-22 06:16:15.001867
06:16:20,31.0,75,2026-05-22 06:16:20.028124
06:16:25,26.1,85,2026-05-22 06:16:25.072561
06:16:30,28.0,41,2026-05-22 06:16:30.096970
06:16:35,28.9,44,2026-05-22 06:16:35.133769
06:16:40,30.2,82,2026-05-22 06:16:40.157670
06:16:45,38.4,73,2026-05-22 06:16:45.184952
06:16:50,36.5,74,2026-05-22 06:16:50.222743
06:16:55,39.8,51,2026-05-22 06:16:55.250071
06:17:00,34.8,86,2026-05-22 06:17:00.268904
06:17:05,34.2,56,2026-05-22 06:17:05.290405
06:17:10,33.2,60,2026-05-22 06:17:10.315911
06:17:15,35.5,46,2026-05-22 06:17:15.339123
06:17:20,34.1,66,2026-05-22 06:17:20.359388
06:17:25,27.5,59,2026-05-22 06:17:25.376674
06:17:30,27.8,66,2026-05-22 06:17:30.394829
06:17:35,31.9,48,2026-05-22 06:17:35.423830
06:17:40,39.9,41,2026-05-22 06:17:40.445627
06:17:45,31.8,79,2026-05-22 06:17:45.463944
06:17:50,30.7,78,2026-05-22 06:17:50.485560
06:17:55,31.4,53,2026-05-22 06:17:55.520255
06:18:00,32.0,76,2026-05-22 06:18:00.541869
06:18:05,31.4,55,2026-05-22 06:18:05.560671
06:18:10,33.6,57,2026-05-22 06:18:10.585182
06:18:15,29.1,79,2026-05-22 06:18:15.622592
06:18:20,36.4,88,2026-05-22 06:18:20.649819
06:18:25,36.2,84,2026-05-22 06:18:25.666152
06:18:30,36.7,64,2026-05-22 06:18:30.688741
06:16:15,36.7,64,2026-05-22 06:16:15.001867
06:16:20,31.0,75,2026-05-22 06:16:20.028124
06:16:25,26.1,85,2026-05-22 06:16:25.072561
06:16:30,28.0,41,2026-05-22 06:16:30.096970
06:16:35,28.9,44,2026-05-22 06:16:35.133769
06:16:40,30.2,82,2026-05-22 06:16:40.157670
06:16:45,38.4,73,2026-05-22 06:16:45.184952
06:16:50,36.5,74,2026-05-22 06:16:50.222743
06:16:55,39.8,51,2026-05-22 06:16:55.250071
06:17:00,34.8,86,2026-05-22 06:17:00.268904
06:17:05,34.2,56,2026-05-22 06:17:05.290405
06:17:10,33.2,60,2026-05-22 06:17:10.315911
06:17:15,35.5,46,2026-05-22 06:17:15.339123
06:17:20,34.1,66,2026-05-22 06:17:20.359388
06:17:25,27.5,59,2026-05-22 06:17:25.376674
06:17:30,27.8,66,2026-05-22 06:17:30.394829
06:17:35,31.9,48,2026-05-22 06:17:35.423830
06:17:40,39.9,41,2026-05-22 06:17:40.445627
06:17:45,31.8,79,2026-05-22 06:17:45.463944
06:17:50,30.7,78,2026-05-22 06:17:50.485560
06:17:55,31.4,53,2026-05-22 06:17:55.520255
06:18:00,32.0,76,2026-05-22 06:18:00.541869
06:18:05,31.4,55,2026-05-22 06:18:05.560671
06:18:10,33.6,57,2026-05-22 06:18:10.585182
06:18:15,29.1,79,2026-05-22 06:18:15.622592
06:18:20,36.4,88,2026-05-22 06:18:20.649819
06:18:25,36.2,84,2026-05-22 06:18:25.666152
06:18:30,36.7,64,2026-05-22 06:18:30.688741
06:18:35,28.1,74,2026-05-22 06:18:35.712661
06:16:15,36.7,64,2026-05-22 06:16:15.001867
06:16:20,31.0,75,2026-05-22 06:16:20.028124
06:16:25,26.1,85,2026-05-22 06:16:25.072561
06:16:30,28.0,41,2026-05-22 06:16:30.096970
06:16:35,28.9,44,2026-05-22 06:16:35.133769
06:16:40,30.2,82,2026-05-22 06:16:40.157670
06:16:45,38.4,73,2026-05-22 06:16:45.184952
06:16:50,36.5,74,2026-05-22 06:16:50.222743
06:16:55,39.8,51,2026-05-22 06:16:55.250071
06:17:00,34.8,86,2026-05-22 06:17:00.268904
06:17:05,34.2,56,2026-05-22 06:17:05.290405
06:17:10,33.2,60,2026-05-22 06:17:10.315911
06:17:15,35.5,46,2026-05-22 06:17:15.339123
06:17:20,34.1,66,2026-05-22 06:17:20.359388
06:17:25,27.5,59,2026-05-22 06:17:25.376674
06:17:30,27.8,66,2026-05-22 06:17:30.394829
06:17:35,31.9,48,2026-05-22 06:17:35.423830
06:17:40,39.9,41,2026-05-22 06:17:40.445627
06:17:45,31.8,79,2026-05-22 06:17:45.463944
06:17:50,30.7,78,2026-05-22 06:17:50.485560
06:17:55,31.4,53,2026-05-22 06:17:55.520255
06:18:00,32.0,76,2026-05-22 06:18:00.541869
06:18:05,31.4,55,2026-05-22 06:18:05.560671
06:18:10,33.6,57,2026-05-22 06:18:10.585182
06:18:15,29.1,79,2026-05-22 06:18:15.622592
06:18:20,36.4,88,2026-05-22 06:18:20.649819
06:18:25,36.2,84,2026-05-22 06:18:25.666152
06:18:30,36.7,64,2026-05-22 06:18:30.688741
06:18:35,28.1,74,2026-05-22 06:18:35.712661
06:18:40,38.2,55,2026-05-22 06:18:40.749882
06:16:15,36.7,64,2026-05-22 06:16:15.001867
06:16:20,31.0,75,2026-05-22 06:16:20.028124
06:16:25,26.1,85,2026-05-22 06:16:25.072561
06:16:30,28.0,41,2026-05-22 06:16:30.096970
06:16:35,28.9,44,2026-05-22 06:16:35.133769
06:16:40,30.2,82,2026-05-22 06:16:40.157670
06:16:45,38.4,73,2026-05-22 06:16:45.184952
06:16:50,36.5,74,2026-05-22 06:16:50.222743
06:16:55,39.8,51,2026-05-22 06:16:55.250071
06:17:00,34.8,86,2026-05-22 06:17:00.268904
06:17:05,34.2,56,2026-05-22 06:17:05.290405
06:17:10,33.2,60,2026-05-22 06:17:10.315911
06:17:15,35.5,46,2026-05-22 06:17:15.339123
06:17:20,34.1,66,2026-05-22 06:17:20.359388
06:17:25,27.5,59,2026-05-22 06:17:25.376674
06:17:30,27.8,66,2026-05-22 06:17:30.394829
06:17:35,31.9,48,2026-05-22 06:17:35.423830
06:17:40,39.9,41,2026-05-22 06:17:40.445627
06:17:45,31.8,79,2026-05-22 06:17:45.463944
06:17:50,30.7,78,2026-05-22 06:17:50.485560
06:17:55,31.4,53,2026-05-22 06:17:55.520255
06:18:00,32.0,76,2026-05-22 06:18:00.541869
06:18:05,31.4,55,2026-05-22 06:18:05.560671
06:18:10,33.6,57,2026-05-22 06:18:10.585182
06:18:15,29.1,79,2026-05-22 06:18:15.622592
06:18:20,36.4,88,2026-05-22 06:18:20.649819
06:18:25,36.2,84,2026-05-22 06:18:25.666152
06:18:30,36.7,64,2026-05-22 06:18:30.688741
06:18:35,28.1,74,2026-05-22 06:18:35.712661
06:18:40,38.2,55,2026-05-22 06:18:40.749882
06:18:45,25.9,72,2026-05-22 06:18:45.771830
06:16:15,36.7,64,2026-05-22 06:16:15.001867
06:16:20,31.0,75,2026-05-22 06:16:20.028124
06:16:25,26.1,85,2026-05-22 06:16:25.072561
06:16:30,28.0,41,2026-05-22 06:16:30.096970
06:16:35,28.9,44,2026-05-22 06:16:35.133769
06:16:40,30.2,82,2026-05-22 06:16:40.157670
06:16:45,38.4,73,2026-05-22 06:16:45.184952
06:16:50,36.5,74,2026-05-22 06:16:50.222743
06:16:55,39.8,51,2026-05-22 06:16:55.250071
06:17:00,34.8,86,2026-05-22 06:17:00.268904
06:17:05,34.2,56,2026-05-22 06:17:05.290405
06:17:10,33.2,60,2026-05-22 06:17:10.315911
06:17:15,35.5,46,2026-05-22 06:17:15.339123
06:17:20,34.1,66,2026-05-22 06:17:20.359388
06:17:25,27.5,59,2026-05-22 06:17:25.376674
06:17:30,27.8,66,2026-05-22 06:17:30.394829
06:17:35,31.9,48,2026-05-22 06:17:35.423830
06:17:40,39.9,41,2026-05-22 06:17:40.445627
06:17:45,31.8,79,2026-05-22 06:17:45.463944
06:17:50,30.7,78,2026-05-22 06:17:50.485560
06:17:55,31.4,53,2026-05-22 06:17:55.520255
06:18:00,32.0,76,2026-05-22 06:18:00.541869
06:18:05,31.4,55,2026-05-22 06:18:05.560671
06:18:10,33.6,57,2026-05-22 06:18:10.585182
06:18:15,29.1,79,2026-05-22 06:18:15.622592
06:18:20,36.4,88,2026-05-22 06:18:20.649819
06:18:25,36.2,84,2026-05-22 06:18:25.666152
06:18:30,36.7,64,2026-05-22 06:18:30.688741
06:18:35,28.1,74,2026-05-22 06:18:35.712661
06:18:40,38.2,55,2026-05-22 06:18:40.749882
06:18:45,25.9,72,2026-05-22 06:18:45.771830
06:18:50,26.5,80,2026-05-22 06:18:50.793111
06:16:15,36.7,64,2026-05-22 06:16:15.001867
06:16:20,31.0,75,2026-05-22 06:16:20.028124
06:16:25,26.1,85,2026-05-22 06:16:25.072561
06:16:30,28.0,41,2026-05-22 06:16:30.096970
06:16:35,28.9,44,2026-05-22 06:16:35.133769
06:16:40,30.2,82,2026-05-22 06:16:40.157670
06:16:45,38.4,73,2026-05-22 06:16:45.184952
06:16:50,36.5,74,2026-05-22 06:16:50.222743
06:16:55,39.8,51,2026-05-22 06:16:55.250071
06:17:00,34.8,86,2026-05-22 06:17:00.268904
06:17:05,34.2,56,2026-05-22 06:17:05.290405
06:17:10,33.2,60,2026-05-22 06:17:10.315911
06:17:15,35.5,46,2026-05-22 06:17:15.339123
06:17:20,34.1,66,2026-05-22 06:17:20.359388
06:17:25,27.5,59,2026-05-22 06:17:25.376674
06:17:30,27.8,66,2026-05-22 06:17:30.394829
06:17:35,31.9,48,2026-05-22 06:17:35.423830
06:17:40,39.9,41,2026-05-22 06:17:40.445627
06:17:45,31.8,79,2026-05-22 06:17:45.463944
06:17:50,30.7,78,2026-05-22 06:17:50.485560
06:17:55,31.4,53,2026-05-22 06:17:55.520255
06:18:00,32.0,76,2026-05-22 06:18:00.541869
06:18:05,31.4,55,2026-05-22 06:18:05.560671
06:18:10,33.6,57,2026-05-22 06:18:10.585182
06:18:15,29.1,79,2026-05-22 06:18:15.622592
06:18:20,36.4,88,2026-05-22 06:18:20.649819
06:18:25,36.2,84,2026-05-22 06:18:25.666152
06:18:30,36.7,64,2026-05-22 06:18:30.688741
06:18:35,28.1,74,2026-05-22 06:18:35.712661
06:18:40,38.2,55,2026-05-22 06:18:40.749882
06:18:45,25.9,72,2026-05-22 06:18:45.771830
06:18:50,26.5,80,2026-05-22 06:18:50.793111
06:18:55,29.9,52,2026-05-22 06:18:55.820083
06:16:15,36.7,64,2026-05-22 06:16:15.001867
06:16:20,31.0,75,2026-05-22 06:16:20.028124
06:16:25,26.1,85,2026-05-22 06:16:25.072561
06:16:30,28.0,41,2026-05-22 06:16:30.096970
06:16:35,28.9,44,2026-05-22 06:16:35.133769
06:16:40,30.2,82,2026-05-22 06:16:40.157670
06:16:45,38.4,73,2026-05-22 06:16:45.184952
06:16:50,36.5,74,2026-05-22 06:16:50.222743
06:16:55,39.8,51,2026-05-22 06:16:55.250071
06:17:00,34.8,86,2026-05-22 06:17:00.268904
06:17:05,34.2,56,2026-05-22 06:17:05.290405
06:17:10,33.2,60,2026-05-22 06:17:10.315911
06:17:15,35.5,46,2026-05-22 06:17:15.339123
06:17:20,34.1,66,2026-05-22 06:17:20.359388
06:17:25,27.5,59,2026-05-22 06:17:25.376674
06:17:30,27.8,66,2026-05-22 06:17:30.394829
06:17:35,31.9,48,2026-05-22 06:17:35.423830
06:17:40,39.9,41,2026-05-22 06:17:40.445627
06:17:45,31.8,79,2026-05-22 06:17:45.463944
06:17:50,30.7,78,2026-05-22 06:17:50.485560
06:17:55,31.4,53,2026-05-22 06:17:55.520255
06:18:00,32.0,76,2026-05-22 06:18:00.541869
06:18:05,31.4,55,2026-05-22 06:18:05.560671
06:18:10,33.6,57,2026-05-22 06:18:10.585182
06:18:15,29.1,79,2026-05-22 06:18:15.622592
06:18:20,36.4,88,2026-05-22 06:18:20.649819
06:18:25,36.2,84,2026-05-22 06:18:25.666152
06:18:30,36.7,64,2026-05-22 06:18:30.688741
06:18:35,28.1,74,2026-05-22 06:18:35.712661
06:18:40,38.2,55,2026-05-22 06:18:40.749882
06:18:45,25.9,72,2026-05-22 06:18:45.771830
06:18:50,26.5,80,2026-05-22 06:18:50.793111
06:18:55,29.9,52,2026-05-22 06:18:55.820083
06:19:00,27.7,73,2026-05-22 06:19:00.846130
06:16:15,36.7,64,2026-05-22 06:16:15.001867
06:16:20,31.0,75,2026-05-22 06:16:20.028124
06:16:25,26.1,85,2026-05-22 06:16:25.072561
06:16:30,28.0,41,2026-05-22 06:16:30.096970
06:16:35,28.9,44,2026-05-22 06:16:35.133769
06:16:40,30.2,82,2026-05-22 06:16:40.157670
06:16:45,38.4,73,2026-05-22 06:16:45.184952
06:16:50,36.5,74,2026-05-22 06:16:50.222743
06:16:55,39.8,51,2026-05-22 06:16:55.250071
06:17:00,34.8,86,2026-05-22 06:17:00.268904
06:17:05,34.2,56,2026-05-22 06:17:05.290405
06:17:10,33.2,60,2026-05-22 06:17:10.315911
06:17:15,35.5,46,2026-05-22 06:17:15.339123
06:17:20,34.1,66,2026-05-22 06:17:20.359388
06:17:25,27.5,59,2026-05-22 06:17:25.376674
06:17:30,27.8,66,2026-05-22 06:17:30.394829
06:17:35,31.9,48,2026-05-22 06:17:35.423830
06:17:40,39.9,41,2026-05-22 06:17:40.445627
06:17:45,31.8,79,2026-05-22 06:17:45.463944
06:17:50,30.7,78,2026-05-22 06:17:50.485560
06:17:55,31.4,53,2026-05-22 06:17:55.520255
06:18:00,32.0,76,2026-05-22 06:18:00.541869
06:18:05,31.4,55,2026-05-22 06:18:05.560671
06:18:10,33.6,57,2026-05-22 06:18:10.585182
06:18:15,29.1,79,2026-05-22 06:18:15.622592
06:18:20,36.4,88,2026-05-22 06:18:20.649819
06:18:25,36.2,84,2026-05-22 06:18:25.666152
06:18:30,36.7,64,2026-05-22 06:18:30.688741
06:18:35,28.1,74,2026-05-22 06:18:35.712661
06:18:40,38.2,55,2026-05-22 06:18:40.749882
06:18:45,25.9,72,2026-05-22 06:18:45.771830
06:18:50,26.5,80,2026-05-22 06:18:50.793111
06:18:55,29.9,52,2026-05-22 06:18:55.820083
06:19:00,27.7,73,2026-05-22 06:19:00.846130
06:19:05,26.6,58,2026-05-22 06:19:05.875267
06:16:15,36.7,64,2026-05-22 06:16:15.001867
06:16:20,31.0,75,2026-05-22 06:16:20.028124
06:16:25,26.1,85,2026-05-22 06:16:25.072561
06:16:30,28.0,41,2026-05-22 06:16:30.096970
06:16:35,28.9,44,2026-05-22 06:16:35.133769
06:16:40,30.2,82,2026-05-22 06:16:40.157670
06:16:45,38.4,73,2026-05-22 06:16:45.184952
06:16:50,36.5,74,2026-05-22 06:16:50.222743
06:16:55,39.8,51,2026-05-22 06:16:55.250071
06:17:00,34.8,86,2026-05-22 06:17:00.268904
06:17:05,34.2,56,2026-05-22 06:17:05.290405
06:17:10,33.2,60,2026-05-22 06:17:10.315911
06:17:15,35.5,46,2026-05-22 06:17:15.339123
06:17:20,34.1,66,2026-05-22 06:17:20.359388
06:17:25,27.5,59,2026-05-22 06:17:25.376674
06:17:30,27.8,66,2026-05-22 06:17:30.394829
06:17:35,31.9,48,2026-05-22 06:17:35.423830
06:17:40,39.9,41,2026-05-22 06:17:40.445627
06:17:45,31.8,79,2026-05-22 06:17:45.463944
06:17:50,30.7,78,2026-05-22 06:17:50.485560
06:17:55,31.4,53,2026-05-22 06:17:55.520255
06:18:00,32.0,76,2026-05-22 06:18:00.541869
06:18:05,31.4,55,2026-05-22 06:18:05.560671
06:18:10,33.6,57,2026-05-22 06:18:10.585182
06:18:15,29.1,79,2026-05-22 06:18:15.622592
06:18:20,36.4,88,2026-05-22 06:18:20.649819
06:18:25,36.2,84,2026-05-22 06:18:25.666152
06:18:30,36.7,64,2026-05-22 06:18:30.688741
06:18:35,28.1,74,2026-05-22 06:18:35.712661
06:18:40,38.2,55,2026-05-22 06:18:40.749882
06:18:45,25.9,72,2026-05-22 06:18:45.771830
06:18:50,26.5,80,2026-05-22 06:18:50.793111
06:18:55,29.9,52,2026-05-22 06:18:55.820083
06:19:00,27.7,73,2026-05-22 06:19:00.846130
06:19:05,26.6,58,2026-05-22 06:19:05.875267
06:19:10,36.1,52,2026-05-22 06:19:10.901467
06:16:15,36.7,64,2026-05-22 06:16:15.001867
06:16:20,31.0,75,2026-05-22 06:16:20.028124
06:16:25,26.1,85,2026-05-22 06:16:25.072561
06:16:30,28.0,41,2026-05-22 06:16:30.096970
06:16:35,28.9,44,2026-05-22 06:16:35.133769
06:16:40,30.2,82,2026-05-22 06:16:40.157670
06:16:45,38.4,73,2026-05-22 06:16:45.184952
06:16:50,36.5,74,2026-05-22 06:16:50.222743
06:16:55,39.8,51,2026-05-22 06:16:55.250071
06:17:00,34.8,86,2026-05-22 06:17:00.268904
06:17:05,34.2,56,2026-05-22 06:17:05.290405
06:17:10,33.2,60,2026-05-22 06:17:10.315911
06:17:15,35.5,46,2026-05-22 06:17:15.339123
06:17:20,34.1,66,2026-05-22 06:17:20.359388
06:17:25,27.5,59,2026-05-22 06:17:25.376674
06:17:30,27.8,66,2026-05-22 06:17:30.394829
06:17:35,31.9,48,2026-05-22 06:17:35.423830
06:17:40,39.9,41,2026-05-22 06:17:40.445627
06:17:45,31.8,79,2026-05-22 06:17:45.463944
06:17:50,30.7,78,2026-05-22 06:17:50.485560
06:17:55,31.4,53,2026-05-22 06:17:55.520255
06:18:00,32.0,76,2026-05-22 06:18:00.541869
06:18:05,31.4,55,2026-05-22 06:18:05.560671
06:18:10,33.6,57,2026-05-22 06:18:10.585182
06:18:15,29.1,79,2026-05-22 06:18:15.622592
06:18:20,36.4,88,2026-05-22 06:18:20.649819
06:18:25,36.2,84,2026-05-22 06:18:25.666152
06:18:30,36.7,64,2026-05-22 06:18:30.688741
06:18:35,28.1,74,2026-05-22 06:18:35.712661
06:18:40,38.2,55,2026-05-22 06:18:40.749882
06:18:45,25.9,72,2026-05-22 06:18:45.771830
06:18:50,26.5,80,2026-05-22 06:18:50.793111
06:18:55,29.9,52,2026-05-22 06:18:55.820083
06:19:00,27.7,73,2026-05-22 06:19:00.846130
06:19:05,26.6,58,2026-05-22 06:19:05.875267
06:19:10,36.1,52,2026-05-22 06:19:10.901467
06:19:15,28.8,69,2026-05-22 06:19:15.928134
06:16:15,36.7,64,2026-05-22 06:16:15.001867
06:16:20,31.0,75,2026-05-22 06:16:20.028124
06:16:25,26.1,85,2026-05-22 06:16:25.072561
06:16:30,28.0,41,2026-05-22 06:16:30.096970
06:16:35,28.9,44,2026-05-22 06:16:35.133769
06:16:40,30.2,82,2026-05-22 06:16:40.157670
06:16:45,38.4,73,2026-05-22 06:16:45.184952
06:16:50,36.5,74,2026-05-22 06:16:50.222743
06:16:55,39.8,51,2026-05-22 06:16:55.250071
06:17:00,34.8,86,2026-05-22 06:17:00.268904
06:17:05,34.2,56,2026-05-22 06:17:05.290405
06:17:10,33.2,60,2026-05-22 06:17:10.315911
06:17:15,35.5,46,2026-05-22 06:17:15.339123
06:17:20,34.1,66,2026-05-22 06:17:20.359388
06:17:25,27.5,59,2026-05-22 06:17:25.376674
06:17:30,27.8,66,2026-05-22 06:17:30.394829
06:17:35,31.9,48,2026-05-22 06:17:35.423830
06:17:40,39.9,41,2026-05-22 06:17:40.445627
06:17:45,31.8,79,2026-05-22 06:17:45.463944
06:17:50,30.7,78,2026-05-22 06:17:50.485560
06:17:55,31.4,53,2026-05-22 06:17:55.520255
06:18:00,32.0,76,2026-05-22 06:18:00.541869
06:18:05,31.4,55,2026-05-22 06:18:05.560671
06:18:10,33.6,57,2026-05-22 06:18:10.585182
06:18:15,29.1,79,2026-05-22 06:18:15.622592
06:18:20,36.4,88,2026-05-22 06:18:20.649819
06:18:25,36.2,84,2026-05-22 06:18:25.666152
06:18:30,36.7,64,2026-05-22 06:18:30.688741
06:18:35,28.1,74,2026-05-22 06:18:35.712661
06:18:40,38.2,55,2026-05-22 06:18:40.749882
06:18:45,25.9,72,2026-05-22 06:18:45.771830
06:18:50,26.5,80,2026-05-22 06:18:50.793111
06:18:55,29.9,52,2026-05-22 06:18:55.820083
06:19:00,27.7,73,2026-05-22 06:19:00.846130
06:19:05,26.6,58,2026-05-22 06:19:05.875267
06:19:10,36.1,52,2026-05-22 06:19:10.901467
06:19:15,28.8,69,2026-05-22 06:19:15.928134
06:19:20,39.4,48,2026-05-22 06:19:20.948175
06:16:15,36.7,64,2026-05-22 06:16:15.001867
06:16:20,31.0,75,2026-05-22 06:16:20.028124
06:16:25,26.1,85,2026-05-22 06:16:25.072561
06:16:30,28.0,41,2026-05-22 06:16:30.096970
06:16:35,28.9,44,2026-05-22 06:16:35.133769
06:16:40,30.2,82,2026-05-22 06:16:40.157670
06:16:45,38.4,73,2026-05-22 06:16:45.184952
06:16:50,36.5,74,2026-05-22 06:16:50.222743
06:16:55,39.8,51,2026-05-22 06:16:55.250071
06:17:00,34.8,86,2026-05-22 06:17:00.268904
06:17:05,34.2,56,2026-05-22 06:17:05.290405
06:17:10,33.2,60,2026-05-22 06:17:10.315911
06:17:15,35.5,46,2026-05-22 06:17:15.339123
06:17:20,34.1,66,2026-05-22 06:17:20.359388
06:17:25,27.5,59,2026-05-22 06:17:25.376674
06:17:30,27.8,66,2026-05-22 06:17:30.394829
06:17:35,31.9,48,2026-05-22 06:17:35.423830
06:17:40,39.9,41,2026-05-22 06:17:40.445627
06:17:45,31.8,79,2026-05-22 06:17:45.463944
06:17:50,30.7,78,2026-05-22 06:17:50.485560
06:17:55,31.4,53,2026-05-22 06:17:55.520255
06:18:00,32.0,76,2026-05-22 06:18:00.541869
06:18:05,31.4,55,2026-05-22 06:18:05.560671
06:18:10,33.6,57,2026-05-22 06:18:10.585182
06:18:15,29.1,79,2026-05-22 06:18:15.622592
06:18:20,36.4,88,2026-05-22 06:18:20.649819
06:18:25,36.2,84,2026-05-22 06:18:25.666152
06:18:30,36.7,64,2026-05-22 06:18:30.688741
06:18:35,28.1,74,2026-05-22 06:18:35.712661
06:18:40,38.2,55,2026-05-22 06:18:40.749882
06:18:45,25.9,72,2026-05-22 06:18:45.771830
06:18:50,26.5,80,2026-05-22 06:18:50.793111
06:18:55,29.9,52,2026-05-22 06:18:55.820083
06:19:00,27.7,73,2026-05-22 06:19:00.846130
06:19:05,26.6,58,2026-05-22 06:19:05.875267
06:19:10,36.1,52,2026-05-22 06:19:10.901467
06:19:15,28.8,69,2026-05-22 06:19:15.928134
06:19:20,39.4,48,2026-05-22 06:19:20.948175
06:19:25,37.4,66,2026-05-22 06:19:25.975639
06:16:15,36.7,64,2026-05-22 06:16:15.001867
06:16:20,31.0,75,2026-05-22 06:16:20.028124
06:16:25,26.1,85,2026-05-22 06:16:25.072561
06:16:30,28.0,41,2026-05-22 06:16:30.096970
06:16:35,28.9,44,2026-05-22 06:16:35.133769
06:16:40,30.2,82,2026-05-22 06:16:40.157670
06:16:45,38.4,73,2026-05-22 06:16:45.184952
06:16:50,36.5,74,2026-05-22 06:16:50.222743
06:16:55,39.8,51,2026-05-22 06:16:55.250071
06:17:00,34.8,86,2026-05-22 06:17:00.268904
06:17:05,34.2,56,2026-05-22 06:17:05.290405
06:17:10,33.2,60,2026-05-22 06:17:10.315911
06:17:15,35.5,46,2026-05-22 06:17:15.339123
06:17:20,34.1,66,2026-05-22 06:17:20.359388
06:17:25,27.5,59,2026-05-22 06:17:25.376674
06:17:30,27.8,66,2026-05-22 06:17:30.394829
06:17:35,31.9,48,2026-05-22 06:17:35.423830
06:17:40,39.9,41,2026-05-22 06:17:40.445627
06:17:45,31.8,79,2026-05-22 06:17:45.463944
06:17:50,30.7,78,2026-05-22 06:17:50.485560
06:17:55,31.4,53,2026-05-22 06:17:55.520255
06:18:00,32.0,76,2026-05-22 06:18:00.541869
06:18:05,31.4,55,2026-05-22 06:18:05.560671
06:18:10,33.6,57,2026-05-22 06:18:10.585182
06:18:15,29.1,79,2026-05-22 06:18:15.622592
06:18:20,36.4,88,2026-05-22 06:18:20.649819
06:18:25,36.2,84,2026-05-22 06:18:25.666152
06:18:30,36.7,64,2026-05-22 06:18:30.688741
06:18:35,28.1,74,2026-05-22 06:18:35.712661
06:18:40,38.2,55,2026-05-22 06:18:40.749882
06:18:45,25.9,72,2026-05-22 06:18:45.771830
06:18:50,26.5,80,2026-05-22 06:18:50.793111
06:18:55,29.9,52,2026-05-22 06:18:55.820083
06:19:00,27.7,73,2026-05-22 06:19:00.846130
06:19:05,26.6,58,2026-05-22 06:19:05.875267
06:19:10,36.1,52,2026-05-22 06:19:10.901467
06:19:15,28.8,69,2026-05-22 06:19:15.928134
06:19:20,39.4,48,2026-05-22 06:19:20.948175
06:19:25,37.4,66,2026-05-22 06:19:25.975639
06:19:31,27.1,77,2026-05-22 06:19:31.016661
06:16:15,36.7,64,2026-05-22 06:16:15.001867
06:16:20,31.0,75,2026-05-22 06:16:20.028124
06:16:25,26.1,85,2026-05-22 06:16:25.072561
06:16:30,28.0,41,2026-05-22 06:16:30.096970
06:16:35,28.9,44,2026-05-22 06:16:35.133769
06:16:40,30.2,82,2026-05-22 06:16:40.157670
06:16:45,38.4,73,2026-05-22 06:16:45.184952
06:16:50,36.5,74,2026-05-22 06:16:50.222743
06:16:55,39.8,51,2026-05-22 06:16:55.250071
06:17:00,34.8,86,2026-05-22 06:17:00.268904
06:17:05,34.2,56,2026-05-22 06:17:05.290405
06:17:10,33.2,60,2026-05-22 06:17:10.315911
06:17:15,35.5,46,2026-05-22 06:17:15.339123
06:17:20,34.1,66,2026-05-22 06:17:20.359388
06:17:25,27.5,59,2026-05-22 06:17:25.376674
06:17:30,27.8,66,2026-05-22 06:17:30.394829
06:17:35,31.9,48,2026-05-22 06:17:35.423830
06:17:40,39.9,41,2026-05-22 06:17:40.445627
06:17:45,31.8,79,2026-05-22 06:17:45.463944
06:17:50,30.7,78,2026-05-22 06:17:50.485560
06:17:55,31.4,53,2026-05-22 06:17:55.520255
06:18:00,32.0,76,2026-05-22 06:18:00.541869
06:18:05,31.4,55,2026-05-22 06:18:05.560671
06:18:10,33.6,57,2026-05-22 06:18:10.585182
06:18:15,29.1,79,2026-05-22 06:18:15.622592
06:18:20,36.4,88,2026-05-22 06:18:20.649819
06:18:25,36.2,84,2026-05-22 06:18:25.666152
06:18:30,36.7,64,2026-05-22 06:18:30.688741
06:18:35,28.1,74,2026-05-22 06:18:35.712661
06:18:40,38.2,55,2026-05-22 06:18:40.749882
06:18:45,25.9,72,2026-05-22 06:18:45.771830
06:18:50,26.5,80,2026-05-22 06:18:50.793111
06:18:55,29.9,52,2026-05-22 06:18:55.820083
06:19:00,27.7,73,2026-05-22 06:19:00.846130
06:19:05,26.6,58,2026-05-22 06:19:05.875267
06:19:10,36.1,52,2026-05-22 06:19:10.901467
06:19:15,28.8,69,2026-05-22 06:19:15.928134
06:19:20,39.4,48,2026-05-22 06:19:20.948175
06:19:25,37.4,66,2026-05-22 06:19:25.975639
06:19:31,27.1,77,2026-05-22 06:19:31.016661
06:19:36,30.7,54,2026-05-22 06:19:36.041508
06:16:15,36.7,64,2026-05-22 06:16:15.001867
06:16:20,31.0,75,2026-05-22 06:16:20.028124
06:16:25,26.1,85,2026-05-22 06:16:25.072561
06:16:30,28.0,41,2026-05-22 06:16:30.096970
06:16:35,28.9,44,2026-05-22 06:16:35.133769
06:16:40,30.2,82,2026-05-22 06:16:40.157670
06:16:45,38.4,73,2026-05-22 06:16:45.184952
06:16:50,36.5,74,2026-05-22 06:16:50.222743
06:16:55,39.8,51,2026-05-22 06:16:55.250071
06:17:00,34.8,86,2026-05-22 06:17:00.268904
06:17:05,34.2,56,2026-05-22 06:17:05.290405
06:17:10,33.2,60,2026-05-22 06:17:10.315911
06:17:15,35.5,46,2026-05-22 06:17:15.339123
06:17:20,34.1,66,2026-05-22 06:17:20.359388
06:17:25,27.5,59,2026-05-22 06:17:25.376674
06:17:30,27.8,66,2026-05-22 06:17:30.394829
06:17:35,31.9,48,2026-05-22 06:17:35.423830
06:17:40,39.9,41,2026-05-22 06:17:40.445627
06:17:45,31.8,79,2026-05-22 06:17:45.463944
06:17:50,30.7,78,2026-05-22 06:17:50.485560
06:17:55,31.4,53,2026-05-22 06:17:55.520255
06:18:00,32.0,76,2026-05-22 06:18:00.541869
06:18:05,31.4,55,2026-05-22 06:18:05.560671
06:18:10,33.6,57,2026-05-22 06:18:10.585182
06:18:15,29.1,79,2026-05-22 06:18:15.622592
06:18:20,36.4,88,2026-05-22 06:18:20.649819
06:18:25,36.2,84,2026-05-22 06:18:25.666152
06:18:30,36.7,64,2026-05-22 06:18:30.688741
06:18:35,28.1,74,2026-05-22 06:18:35.712661
06:18:40,38.2,55,2026-05-22 06:18:40.749882
06:18:45,25.9,72,2026-05-22 06:18:45.771830
06:18:50,26.5,80,2026-05-22 06:18:50.793111
06:18:55,29.9,52,2026-05-22 06:18:55.820083
06:19:00,27.7,73,2026-05-22 06:19:00.846130
06:19:05,26.6,58,2026-05-22 06:19:05.875267
06:19:10,36.1,52,2026-05-22 06:19:10.901467
06:19:15,28.8,69,2026-05-22 06:19:15.928134
06:19:20,39.4,48,2026-05-22 06:19:20.948175
06:19:25,37.4,66,2026-05-22 06:19:25.975639
06:19:31,27.1,77,2026-05-22 06:19:31.016661
06:19:36,30.7,54,2026-05-22 06:19:36.041508
06:19:41,30.9,67,2026-05-22 06:19:41.060944
06:16:15,36.7,64,2026-05-22 06:16:15.001867
06:16:20,31.0,75,2026-05-22 06:16:20.028124
06:16:25,26.1,85,2026-05-22 06:16:25.072561
06:16:30,28.0,41,2026-05-22 06:16:30.096970
06:16:35,28.9,44,2026-05-22 06:16:35.133769
06:16:40,30.2,82,2026-05-22 06:16:40.157670
06:16:45,38.4,73,2026-05-22 06:16:45.184952
06:16:50,36.5,74,2026-05-22 06:16:50.222743
06:16:55,39.8,51,2026-05-22 06:16:55.250071
06:17:00,34.8,86,2026-05-22 06:17:00.268904
06:17:05,34.2,56,2026-05-22 06:17:05.290405
06:17:10,33.2,60,2026-05-22 06:17:10.315911
06:17:15,35.5,46,2026-05-22 06:17:15.339123
06:17:20,34.1,66,2026-05-22 06:17:20.359388
06:17:25,27.5,59,2026-05-22 06:17:25.376674
06:17:30,27.8,66,2026-05-22 06:17:30.394829
06:17:35,31.9,48,2026-05-22 06:17:35.423830
06:17:40,39.9,41,2026-05-22 06:17:40.445627
06:17:45,31.8,79,2026-05-22 06:17:45.463944
06:17:50,30.7,78,2026-05-22 06:17:50.485560
06:17:55,31.4,53,2026-05-22 06:17:55.520255
06:18:00,32.0,76,2026-05-22 06:18:00.541869
06:18:05,31.4,55,2026-05-22 06:18:05.560671
06:18:10,33.6,57,2026-05-22 06:18:10.585182
06:18:15,29.1,79,2026-05-22 06:18:15.622592
06:18:20,36.4,88,2026-05-22 06:18:20.649819
06:18:25,36.2,84,2026-05-22 06:18:25.666152
06:18:30,36.7,64,2026-05-22 06:18:30.688741
06:18:35,28.1,74,2026-05-22 06:18:35.712661
06:18:40,38.2,55,2026-05-22 06:18:40.749882
06:18:45,25.9,72,2026-05-22 06:18:45.771830
06:18:50,26.5,80,2026-05-22 06:18:50.793111
06:18:55,29.9,52,2026-05-22 06:18:55.820083
06:19:00,27.7,73,2026-05-22 06:19:00.846130
06:19:05,26.6,58,2026-05-22 06:19:05.875267
06:19:10,36.1,52,2026-05-22 06:19:10.901467
06:19:15,28.8,69,2026-05-22 06:19:15.928134
06:19:20,39.4,48,2026-05-22 06:19:20.948175
06:19:25,37.4,66,2026-05-22 06:19:25.975639
06:19:31,27.1,77,2026-05-22 06:19:31.016661
06:19:36,30.7,54,2026-05-22 06:19:36.041508
06:19:41,30.9,67,2026-05-22 06:19:41.060944
06:19:46,38.7,43,2026-05-22 06:19:46.088175
06:16:15,36.7,64,2026-05-22 06:16:15.001867
06:16:20,31.0,75,2026-05-22 06:16:20.028124
06:16:25,26.1,85,2026-05-22 06:16:25.072561
06:16:30,28.0,41,2026-05-22 06:16:30.096970
06:16:35,28.9,44,2026-05-22 06:16:35.133769
06:16:40,30.2,82,2026-05-22 06:16:40.157670
06:16:45,38.4,73,2026-05-22 06:16:45.184952
06:16:50,36.5,74,2026-05-22 06:16:50.222743
06:16:55,39.8,51,2026-05-22 06:16:55.250071
06:17:00,34.8,86,2026-05-22 06:17:00.268904
06:17:05,34.2,56,2026-05-22 06:17:05.290405
06:17:10,33.2,60,2026-05-22 06:17:10.315911
06:17:15,35.5,46,2026-05-22 06:17:15.339123
06:17:20,34.1,66,2026-05-22 06:17:20.359388
06:17:25,27.5,59,2026-05-22 06:17:25.376674
06:17:30,27.8,66,2026-05-22 06:17:30.394829
06:17:35,31.9,48,2026-05-22 06:17:35.423830
06:17:40,39.9,41,2026-05-22 06:17:40.445627
06:17:45,31.8,79,2026-05-22 06:17:45.463944
06:17:50,30.7,78,2026-05-22 06:17:50.485560
06:17:55,31.4,53,2026-05-22 06:17:55.520255
06:18:00,32.0,76,2026-05-22 06:18:00.541869
06:18:05,31.4,55,2026-05-22 06:18:05.560671
06:18:10,33.6,57,2026-05-22 06:18:10.585182
06:18:15,29.1,79,2026-05-22 06:18:15.622592
06:18:20,36.4,88,2026-05-22 06:18:20.649819
06:18:25,36.2,84,2026-05-22 06:18:25.666152
06:18:30,36.7,64,2026-05-22 06:18:30.688741
06:18:35,28.1,74,2026-05-22 06:18:35.712661
06:18:40,38.2,55,2026-05-22 06:18:40.749882
06:18:45,25.9,72,2026-05-22 06:18:45.771830
06:18:50,26.5,80,2026-05-22 06:18:50.793111
06:18:55,29.9,52,2026-05-22 06:18:55.820083
06:19:00,27.7,73,2026-05-22 06:19:00.846130
06:19:05,26.6,58,2026-05-22 06:19:05.875267
06:19:10,36.1,52,2026-05-22 06:19:10.901467
06:19:15,28.8,69,2026-05-22 06:19:15.928134
06:19:20,39.4,48,2026-05-22 06:19:20.948175
06:19:25,37.4,66,2026-05-22 06:19:25.975639
06:19:31,27.1,77,2026-05-22 06:19:31.016661
06:19:36,30.7,54,2026-05-22 06:19:36.041508
06:19:41,30.9,67,2026-05-22 06:19:41.060944
06:19:46,38.7,43,2026-05-22 06:19:46.088175
06:19:51,28.9,67,2026-05-22 06:19:51.126894
06:16:15,36.7,64,2026-05-22 06:16:15.001867
06:16:20,31.0,75,2026-05-22 06:16:20.028124
06:16:25,26.1,85,2026-05-22 06:16:25.072561
06:16:30,28.0,41,2026-05-22 06:16:30.096970
06:16:35,28.9,44,2026-05-22 06:16:35.133769
06:16:40,30.2,82,2026-05-22 06:16:40.157670
06:16:45,38.4,73,2026-05-22 06:16:45.184952
06:16:50,36.5,74,2026-05-22 06:16:50.222743
06:16:55,39.8,51,2026-05-22 06:16:55.250071
06:17:00,34.8,86,2026-05-22 06:17:00.268904
06:17:05,34.2,56,2026-05-22 06:17:05.290405
06:17:10,33.2,60,2026-05-22 06:17:10.315911
06:17:15,35.5,46,2026-05-22 06:17:15.339123
06:17:20,34.1,66,2026-05-22 06:17:20.359388
06:17:25,27.5,59,2026-05-22 06:17:25.376674
06:17:30,27.8,66,2026-05-22 06:17:30.394829
06:17:35,31.9,48,2026-05-22 06:17:35.423830
06:17:40,39.9,41,2026-05-22 06:17:40.445627
06:17:45,31.8,79,2026-05-22 06:17:45.463944
06:17:50,30.7,78,2026-05-22 06:17:50.485560
06:17:55,31.4,53,2026-05-22 06:17:55.520255
06:18:00,32.0,76,2026-05-22 06:18:00.541869
06:18:05,31.4,55,2026-05-22 06:18:05.560671
06:18:10,33.6,57,2026-05-22 06:18:10.585182
06:18:15,29.1,79,2026-05-22 06:18:15.622592
06:18:20,36.4,88,2026-05-22 06:18:20.649819
06:18:25,36.2,84,2026-05-22 06:18:25.666152
06:18:30,36.7,64,2026-05-22 06:18:30.688741
06:18:35,28.1,74,2026-05-22 06:18:35.712661
06:18:40,38.2,55,2026-05-22 06:18:40.749882
06:18:45,25.9,72,2026-05-22 06:18:45.771830
06:18:50,26.5,80,2026-05-22 06:18:50.793111
06:18:55,29.9,52,2026-05-22 06:18:55.820083
06:19:00,27.7,73,2026-05-22 06:19:00.846130
06:19:05,26.6,58,2026-05-22 06:19:05.875267
06:19:10,36.1,52,2026-05-22 06:19:10.901467
06:19:15,28.8,69,2026-05-22 06:19:15.928134
06:19:20,39.4,48,2026-05-22 06:19:20.948175
06:19:25,37.4,66,2026-05-22 06:19:25.975639
06:19:31,27.1,77,2026-05-22 06:19:31.016661
06:19:36,30.7,54,2026-05-22 06:19:36.041508
06:19:41,30.9,67,2026-05-22 06:19:41.060944
06:19:46,38.7,43,2026-05-22 06:19:46.088175
06:19:51,28.9,67,2026-05-22 06:19:51.126894
06:19:56,27.5,86,2026-05-22 06:19:56.160626
06:16:15,36.7,64,2026-05-22 06:16:15.001867
06:16:20,31.0,75,2026-05-22 06:16:20.028124
06:16:25,26.1,85,2026-05-22 06:16:25.072561
06:16:30,28.0,41,2026-05-22 06:16:30.096970
06:16:35,28.9,44,2026-05-22 06:16:35.133769
06:16:40,30.2,82,2026-05-22 06:16:40.157670
06:16:45,38.4,73,2026-05-22 06:16:45.184952
06:16:50,36.5,74,2026-05-22 06:16:50.222743
06:16:55,39.8,51,2026-05-22 06:16:55.250071
06:17:00,34.8,86,2026-05-22 06:17:00.268904
06:17:05,34.2,56,2026-05-22 06:17:05.290405
06:17:10,33.2,60,2026-05-22 06:17:10.315911
06:17:15,35.5,46,2026-05-22 06:17:15.339123
06:17:20,34.1,66,2026-05-22 06:17:20.359388
06:17:25,27.5,59,2026-05-22 06:17:25.376674
06:17:30,27.8,66,2026-05-22 06:17:30.394829
06:17:35,31.9,48,2026-05-22 06:17:35.423830
06:17:40,39.9,41,2026-05-22 06:17:40.445627
06:17:45,31.8,79,2026-05-22 06:17:45.463944
06:17:50,30.7,78,2026-05-22 06:17:50.485560
06:17:55,31.4,53,2026-05-22 06:17:55.520255
06:18:00,32.0,76,2026-05-22 06:18:00.541869
06:18:05,31.4,55,2026-05-22 06:18:05.560671
06:18:10,33.6,57,2026-05-22 06:18:10.585182
06:18:15,29.1,79,2026-05-22 06:18:15.622592
06:18:20,36.4,88,2026-05-22 06:18:20.649819
06:18:25,36.2,84,2026-05-22 06:18:25.666152
06:18:30,36.7,64,2026-05-22 06:18:30.688741
06:18:35,28.1,74,2026-05-22 06:18:35.712661
06:18:40,38.2,55,2026-05-22 06:18:40.749882
06:18:45,25.9,72,2026-05-22 06:18:45.771830
06:18:50,26.5,80,2026-05-22 06:18:50.793111
06:18:55,29.9,52,2026-05-22 06:18:55.820083
06:19:00,27.7,73,2026-05-22 06:19:00.846130
06:19:05,26.6,58,2026-05-22 06:19:05.875267
06:19:10,36.1,52,2026-05-22 06:19:10.901467
06:19:15,28.8,69,2026-05-22 06:19:15.928134
06:19:20,39.4,48,2026-05-22 06:19:20.948175
06:19:25,37.4,66,2026-05-22 06:19:25.975639
06:19:31,27.1,77,2026-05-22 06:19:31.016661
06:19:36,30.7,54,2026-05-22 06:19:36.041508
06:19:41,30.9,67,2026-05-22 06:19:41.060944
06:19:46,38.7,43,2026-05-22 06:19:46.088175
06:19:51,28.9,67,2026-05-22 06:19:51.126894
06:19:56,27.5,86,2026-05-22 06:19:56.160626
06:20:01,32.9,42,2026-05-22 06:20:01.186992
06:16:15,36.7,64,2026-05-22 06:16:15.001867
06:16:20,31.0,75,2026-05-22 06:16:20.028124
06:16:25,26.1,85,2026-05-22 06:16:25.072561
06:16:30,28.0,41,2026-05-22 06:16:30.096970
06:16:35,28.9,44,2026-05-22 06:16:35.133769
06:16:40,30.2,82,2026-05-22 06:16:40.157670
06:16:45,38.4,73,2026-05-22 06:16:45.184952
06:16:50,36.5,74,2026-05-22 06:16:50.222743
06:16:55,39.8,51,2026-05-22 06:16:55.250071
06:17:00,34.8,86,2026-05-22 06:17:00.268904
06:17:05,34.2,56,2026-05-22 06:17:05.290405
06:17:10,33.2,60,2026-05-22 06:17:10.315911
06:17:15,35.5,46,2026-05-22 06:17:15.339123
06:17:20,34.1,66,2026-05-22 06:17:20.359388
06:17:25,27.5,59,2026-05-22 06:17:25.376674
06:17:30,27.8,66,2026-05-22 06:17:30.394829
06:17:35,31.9,48,2026-05-22 06:17:35.423830
06:17:40,39.9,41,2026-05-22 06:17:40.445627
06:17:45,31.8,79,2026-05-22 06:17:45.463944
06:17:50,30.7,78,2026-05-22 06:17:50.485560
06:17:55,31.4,53,2026-05-22 06:17:55.520255
06:18:00,32.0,76,2026-05-22 06:18:00.541869
06:18:05,31.4,55,2026-05-22 06:18:05.560671
06:18:10,33.6,57,2026-05-22 06:18:10.585182
06:18:15,29.1,79,2026-05-22 06:18:15.622592
06:18:20,36.4,88,2026-05-22 06:18:20.649819
06:18:25,36.2,84,2026-05-22 06:18:25.666152
06:18:30,36.7,64,2026-05-22 06:18:30.688741
06:18:35,28.1,74,2026-05-22 06:18:35.712661
06:18:40,38.2,55,2026-05-22 06:18:40.749882
06:18:45,25.9,72,2026-05-22 06:18:45.771830
06:18:50,26.5,80,2026-05-22 06:18:50.793111
06:18:55,29.9,52,2026-05-22 06:18:55.820083
06:19:00,27.7,73,2026-05-22 06:19:00.846130
06:19:05,26.6,58,2026-05-22 06:19:05.875267
06:19:10,36.1,52,2026-05-22 06:19:10.901467
06:19:15,28.8,69,2026-05-22 06:19:15.928134
06:19:20,39.4,48,2026-05-22 06:19:20.948175
06:19:25,37.4,66,2026-05-22 06:19:25.975639
06:19:31,27.1,77,2026-05-22 06:19:31.016661
06:19:36,30.7,54,2026-05-22 06:19:36.041508
06:19:41,30.9,67,2026-05-22 06:19:41.060944
06:19:46,38.7,43,2026-05-22 06:19:46.088175
06:19:51,28.9,67,2026-05-22 06:19:51.126894
06:19:56,27.5,86,2026-05-22 06:19:56.160626
06:20:01,32.9,42,2026-05-22 06:20:01.186992
06:20:06,30.1,48,2026-05-22 06:20:06.220023
06:20:11,27.2,53,2026-05-22 06:20:11.251544
06:20:11,27.2,53,2026-05-22 06:20:11.251544
06:20:16,27.0,64,2026-05-22 06:20:16.289008
06:20:11,27.2,53,2026-05-22 06:20:11.251544
06:20:16,27.0,64,2026-05-22 06:20:16.289008
06:20:21,36.7,63,2026-05-22 06:20:21.332783
06:20:11,27.2,53,2026-05-22 06:20:11.251544
06:20:16,27.0,64,2026-05-22 06:20:16.289008
06:20:21,36.7,63,2026-05-22 06:20:21.332783
06:20:26,32.4,57,2026-05-22 06:20:26.358221
06:20:11,27.2,53,2026-05-22 06:20:11.251544
06:20:16,27.0,64,2026-05-22 06:20:16.289008
06:20:21,36.7,63,2026-05-22 06:20:21.332783
06:20:26,32.4,57,2026-05-22 06:20:26.358221
06:20:31,35.5,49,2026-05-22 06:20:31.400102
06:20:11,27.2,53,2026-05-22 06:20:11.251544
06:20:16,27.0,64,2026-05-22 06:20:16.289008
06:20:21,36.7,63,2026-05-22 06:20:21.332783
06:20:26,32.4,57,2026-05-22 06:20:26.358221
06:20:31,35.5,49,2026-05-22 06:20:31.400102
06:20:36,36.0,67,2026-05-22 06:20:36.437102
06:20:11,27.2,53,2026-05-22 06:20:11.251544
06:20:16,27.0,64,2026-05-22 06:20:16.289008
06:20:21,36.7,63,2026-05-22 06:20:21.332783
06:20:26,32.4,57,2026-05-22 06:20:26.358221
06:20:31,35.5,49,2026-05-22 06:20:31.400102
06:20:36,36.0,67,2026-05-22 06:20:36.437102
06:20:41,36.1,53,2026-05-22 06:20:41.467289
06:20:11,27.2,53,2026-05-22 06:20:11.251544
06:20:16,27.0,64,2026-05-22 06:20:16.289008
06:20:21,36.7,63,2026-05-22 06:20:21.332783
06:20:26,32.4,57,2026-05-22 06:20:26.358221
06:20:31,35.5,49,2026-05-22 06:20:31.400102
06:20:36,36.0,67,2026-05-22 06:20:36.437102
06:20:41,36.1,53,2026-05-22 06:20:41.467289
06:20:46,36.1,87,2026-05-22 06:20:46.488277
06:20:11,27.2,53,2026-05-22 06:20:11.251544
06:20:16,27.0,64,2026-05-22 06:20:16.289008
06:20:21,36.7,63,2026-05-22 06:20:21.332783
06:20:26,32.4,57,2026-05-22 06:20:26.358221
06:20:31,35.5,49,2026-05-22 06:20:31.400102
06:20:36,36.0,67,2026-05-22 06:20:36.437102
06:20:41,36.1,53,2026-05-22 06:20:41.467289
06:20:46,36.1,87,2026-05-22 06:20:46.488277
06:20:51,27.9,69,2026-05-22 06:20:51.518720
06:20:11,27.2,53,2026-05-22 06:20:11.251544
06:20:16,27.0,64,2026-05-22 06:20:16.289008
06:20:21,36.7,63,2026-05-22 06:20:21.332783
06:20:26,32.4,57,2026-05-22 06:20:26.358221
06:20:31,35.5,49,2026-05-22 06:20:31.400102
06:20:36,36.0,67,2026-05-22 06:20:36.437102
06:20:41,36.1,53,2026-05-22 06:20:41.467289
06:20:46,36.1,87,2026-05-22 06:20:46.488277
06:20:51,27.9,69,2026-05-22 06:20:51.518720
06:20:56,32.0,79,2026-05-22 06:20:56.548435
06:20:11,27.2,53,2026-05-22 06:20:11.251544
06:20:16,27.0,64,2026-05-22 06:20:16.289008
06:20:21,36.7,63,2026-05-22 06:20:21.332783
06:20:26,32.4,57,2026-05-22 06:20:26.358221
06:20:31,35.5,49,2026-05-22 06:20:31.400102
06:20:36,36.0,67,2026-05-22 06:20:36.437102
06:20:41,36.1,53,2026-05-22 06:20:41.467289
06:20:46,36.1,87,2026-05-22 06:20:46.488277
06:20:51,27.9,69,2026-05-22 06:20:51.518720
06:20:56,32.0,79,2026-05-22 06:20:56.548435
06:21:01,39.2,49,2026-05-22 06:21:01.574448
06:20:11,27.2,53,2026-05-22 06:20:11.251544
06:20:16,27.0,64,2026-05-22 06:20:16.289008
06:20:21,36.7,63,2026-05-22 06:20:21.332783
06:20:26,32.4,57,2026-05-22 06:20:26.358221
06:20:31,35.5,49,2026-05-22 06:20:31.400102
06:20:36,36.0,67,2026-05-22 06:20:36.437102
06:20:41,36.1,53,2026-05-22 06:20:41.467289
06:20:46,36.1,87,2026-05-22 06:20:46.488277
06:20:51,27.9,69,2026-05-22 06:20:51.518720
06:20:56,32.0,79,2026-05-22 06:20:56.548435
06:21:01,39.2,49,2026-05-22 06:21:01.574448
06:21:06,26.5,55,2026-05-22 06:21:06.593970
06:20:11,27.2,53,2026-05-22 06:20:11.251544
06:20:16,27.0,64,2026-05-22 06:20:16.289008
06:20:21,36.7,63,2026-05-22 06:20:21.332783
06:20:26,32.4,57,2026-05-22 06:20:26.358221
06:20:31,35.5,49,2026-05-22 06:20:31.400102
06:20:36,36.0,67,2026-05-22 06:20:36.437102
06:20:41,36.1,53,2026-05-22 06:20:41.467289
06:20:46,36.1,87,2026-05-22 06:20:46.488277
06:20:51,27.9,69,2026-05-22 06:20:51.518720
06:20:56,32.0,79,2026-05-22 06:20:56.548435
06:21:01,39.2,49,2026-05-22 06:21:01.574448
06:21:06,26.5,55,2026-05-22 06:21:06.593970
06:21:11,37.6,53,2026-05-22 06:21:11.615394
06:20:11,27.2,53,2026-05-22 06:20:11.251544
06:20:16,27.0,64,2026-05-22 06:20:16.289008
06:20:21,36.7,63,2026-05-22 06:20:21.332783
06:20:26,32.4,57,2026-05-22 06:20:26.358221
06:20:31,35.5,49,2026-05-22 06:20:31.400102
06:20:36,36.0,67,2026-05-22 06:20:36.437102
06:20:41,36.1,53,2026-05-22 06:20:41.467289
06:20:46,36.1,87,2026-05-22 06:20:46.488277
06:20:51,27.9,69,2026-05-22 06:20:51.518720
06:20:56,32.0,79,2026-05-22 06:20:56.548435
06:21:01,39.2,49,2026-05-22 06:21:01.574448
06:21:06,26.5,55,2026-05-22 06:21:06.593970
06:21:11,37.6,53,2026-05-22 06:21:11.615394
06:21:16,38.5,49,2026-05-22 06:21:16.642393
06:20:11,27.2,53,2026-05-22 06:20:11.251544
06:20:16,27.0,64,2026-05-22 06:20:16.289008
06:20:21,36.7,63,2026-05-22 06:20:21.332783
06:20:26,32.4,57,2026-05-22 06:20:26.358221
06:20:31,35.5,49,2026-05-22 06:20:31.400102
06:20:36,36.0,67,2026-05-22 06:20:36.437102
06:20:41,36.1,53,2026-05-22 06:20:41.467289
06:20:46,36.1,87,2026-05-22 06:20:46.488277
06:20:51,27.9,69,2026-05-22 06:20:51.518720
06:20:56,32.0,79,2026-05-22 06:20:56.548435
06:21:01,39.2,49,2026-05-22 06:21:01.574448
06:21:06,26.5,55,2026-05-22 06:21:06.593970
06:21:11,37.6,53,2026-05-22 06:21:11.615394
06:21:16,38.5,49,2026-05-22 06:21:16.642393
06:21:21,40.0,84,2026-05-22 06:21:21.670933
06:20:11,27.2,53,2026-05-22 06:20:11.251544
06:20:16,27.0,64,2026-05-22 06:20:16.289008
06:20:21,36.7,63,2026-05-22 06:20:21.332783
06:20:26,32.4,57,2026-05-22 06:20:26.358221
06:20:31,35.5,49,2026-05-22 06:20:31.400102
06:20:36,36.0,67,2026-05-22 06:20:36.437102
06:20:41,36.1,53,2026-05-22 06:20:41.467289
06:20:46,36.1,87,2026-05-22 06:20:46.488277
06:20:51,27.9,69,2026-05-22 06:20:51.518720
06:20:56,32.0,79,2026-05-22 06:20:56.548435
06:21:01,39.2,49,2026-05-22 06:21:01.574448
06:21:06,26.5,55,2026-05-22 06:21:06.593970
06:21:11,37.6,53,2026-05-22 06:21:11.615394
06:21:16,38.5,49,2026-05-22 06:21:16.642393
06:21:21,40.0,84,2026-05-22 06:21:21.670933
06:21:26,28.5,41,2026-05-22 06:21:26.715586
06:20:11,27.2,53,2026-05-22 06:20:11.251544
06:20:16,27.0,64,2026-05-22 06:20:16.289008
06:20:21,36.7,63,2026-05-22 06:20:21.332783
06:20:26,32.4,57,2026-05-22 06:20:26.358221
06:20:31,35.5,49,2026-05-22 06:20:31.400102
06:20:36,36.0,67,2026-05-22 06:20:36.437102
06:20:41,36.1,53,2026-05-22 06:20:41.467289
06:20:46,36.1,87,2026-05-22 06:20:46.488277
06:20:51,27.9,69,2026-05-22 06:20:51.518720
06:20:56,32.0,79,2026-05-22 06:20:56.548435
06:21:01,39.2,49,2026-05-22 06:21:01.574448
06:21:06,26.5,55,2026-05-22 06:21:06.593970
06:21:11,37.6,53,2026-05-22 06:21:11.615394
06:21:16,38.5,49,2026-05-22 06:21:16.642393
06:21:21,40.0,84,2026-05-22 06:21:21.670933
06:21:26,28.5,41,2026-05-22 06:21:26.715586
06:21:31,36.2,62,2026-05-22 06:21:31.745999
06:20:11,27.2,53,2026-05-22 06:20:11.251544
06:20:16,27.0,64,2026-05-22 06:20:16.289008
06:20:21,36.7,63,2026-05-22 06:20:21.332783
06:20:26,32.4,57,2026-05-22 06:20:26.358221
06:20:31,35.5,49,2026-05-22 06:20:31.400102
06:20:36,36.0,67,2026-05-22 06:20:36.437102
06:20:41,36.1,53,2026-05-22 06:20:41.467289
06:20:46,36.1,87,2026-05-22 06:20:46.488277
06:20:51,27.9,69,2026-05-22 06:20:51.518720
06:20:56,32.0,79,2026-05-22 06:20:56.548435
06:21:01,39.2,49,2026-05-22 06:21:01.574448
06:21:06,26.5,55,2026-05-22 06:21:06.593970
06:21:11,37.6,53,2026-05-22 06:21:11.615394
06:21:16,38.5,49,2026-05-22 06:21:16.642393
06:21:21,40.0,84,2026-05-22 06:21:21.670933
06:21:26,28.5,41,2026-05-22 06:21:26.715586
06:21:31,36.2,62,2026-05-22 06:21:31.745999
06:21:36,28.8,57,2026-05-22 06:21:36.769508
06:20:11,27.2,53,2026-05-22 06:20:11.251544
06:20:16,27.0,64,2026-05-22 06:20:16.289008
06:20:21,36.7,63,2026-05-22 06:20:21.332783
06:20:26,32.4,57,2026-05-22 06:20:26.358221
06:20:31,35.5,49,2026-05-22 06:20:31.400102
06:20:36,36.0,67,2026-05-22 06:20:36.437102
06:20:41,36.1,53,2026-05-22 06:20:41.467289
06:20:46,36.1,87,2026-05-22 06:20:46.488277
06:20:51,27.9,69,2026-05-22 06:20:51.518720
06:20:56,32.0,79,2026-05-22 06:20:56.548435
06:21:01,39.2,49,2026-05-22 06:21:01.574448
06:21:06,26.5,55,2026-05-22 06:21:06.593970
06:21:11,37.6,53,2026-05-22 06:21:11.615394
06:21:16,38.5,49,2026-05-22 06:21:16.642393
06:21:21,40.0,84,2026-05-22 06:21:21.670933
06:21:26,28.5,41,2026-05-22 06:21:26.715586
06:21:31,36.2,62,2026-05-22 06:21:31.745999
06:21:36,28.8,57,2026-05-22 06:21:36.769508
06:21:41,32.5,57,2026-05-22 06:21:41.806886
06:20:11,27.2,53,2026-05-22 06:20:11.251544
06:20:16,27.0,64,2026-05-22 06:20:16.289008
06:20:21,36.7,63,2026-05-22 06:20:21.332783
06:20:26,32.4,57,2026-05-22 06:20:26.358221
06:20:31,35.5,49,2026-05-22 06:20:31.400102
06:20:36,36.0,67,2026-05-22 06:20:36.437102
06:20:41,36.1,53,2026-05-22 06:20:41.467289
06:20:46,36.1,87,2026-05-22 06:20:46.488277
06:20:51,27.9,69,2026-05-22 06:20:51.518720
06:20:56,32.0,79,2026-05-22 06:20:56.548435
06:21:01,39.2,49,2026-05-22 06:21:01.574448
06:21:06,26.5,55,2026-05-22 06:21:06.593970
06:21:11,37.6,53,2026-05-22 06:21:11.615394
06:21:16,38.5,49,2026-05-22 06:21:16.642393
06:21:21,40.0,84,2026-05-22 06:21:21.670933
06:21:26,28.5,41,2026-05-22 06:21:26.715586
06:21:31,36.2,62,2026-05-22 06:21:31.745999
06:21:36,28.8,57,2026-05-22 06:21:36.769508
06:21:41,32.5,57,2026-05-22 06:21:41.806886
06:21:46,29.2,77,2026-05-22 06:21:46.835435
06:20:11,27.2,53,2026-05-22 06:20:11.251544
06:20:16,27.0,64,2026-05-22 06:20:16.289008
06:20:21,36.7,63,2026-05-22 06:20:21.332783
06:20:26,32.4,57,2026-05-22 06:20:26.358221
06:20:31,35.5,49,2026-05-22 06:20:31.400102
06:20:36,36.0,67,2026-05-22 06:20:36.437102
06:20:41,36.1,53,2026-05-22 06:20:41.467289
06:20:46,36.1,87,2026-05-22 06:20:46.488277
06:20:51,27.9,69,2026-05-22 06:20:51.518720
06:20:56,32.0,79,2026-05-22 06:20:56.548435
06:21:01,39.2,49,2026-05-22 06:21:01.574448
06:21:06,26.5,55,2026-05-22 06:21:06.593970
06:21:11,37.6,53,2026-05-22 06:21:11.615394
06:21:16,38.5,49,2026-05-22 06:21:16.642393
06:21:21,40.0,84,2026-05-22 06:21:21.670933
06:21:26,28.5,41,2026-05-22 06:21:26.715586
06:21:31,36.2,62,2026-05-22 06:21:31.745999
06:21:36,28.8,57,2026-05-22 06:21:36.769508
06:21:41,32.5,57,2026-05-22 06:21:41.806886
06:21:46,29.2,77,2026-05-22 06:21:46.835435
06:21:51,33.7,74,2026-05-22 06:21:51.868261
06:20:11,27.2,53,2026-05-22 06:20:11.251544
06:20:16,27.0,64,2026-05-22 06:20:16.289008
06:20:21,36.7,63,2026-05-22 06:20:21.332783
06:20:26,32.4,57,2026-05-22 06:20:26.358221
06:20:31,35.5,49,2026-05-22 06:20:31.400102
06:20:36,36.0,67,2026-05-22 06:20:36.437102
06:20:41,36.1,53,2026-05-22 06:20:41.467289
06:20:46,36.1,87,2026-05-22 06:20:46.488277
06:20:51,27.9,69,2026-05-22 06:20:51.518720
06:20:56,32.0,79,2026-05-22 06:20:56.548435
06:21:01,39.2,49,2026-05-22 06:21:01.574448
06:21:06,26.5,55,2026-05-22 06:21:06.593970
06:21:11,37.6,53,2026-05-22 06:21:11.615394
06:21:16,38.5,49,2026-05-22 06:21:16.642393
06:21:21,40.0,84,2026-05-22 06:21:21.670933
06:21:26,28.5,41,2026-05-22 06:21:26.715586
06:21:31,36.2,62,2026-05-22 06:21:31.745999
06:21:36,28.8,57,2026-05-22 06:21:36.769508
06:21:41,32.5,57,2026-05-22 06:21:41.806886
06:21:46,29.2,77,2026-05-22 06:21:46.835435
06:21:51,33.7,74,2026-05-22 06:21:51.868261
06:21:56,25.9,84,2026-05-22 06:21:56.892343
06:20:11,27.2,53,2026-05-22 06:20:11.251544
06:20:16,27.0,64,2026-05-22 06:20:16.289008
06:20:21,36.7,63,2026-05-22 06:20:21.332783
06:20:26,32.4,57,2026-05-22 06:20:26.358221
06:20:31,35.5,49,2026-05-22 06:20:31.400102
06:20:36,36.0,67,2026-05-22 06:20:36.437102
06:20:41,36.1,53,2026-05-22 06:20:41.467289
06:20:46,36.1,87,2026-05-22 06:20:46.488277
06:20:51,27.9,69,2026-05-22 06:20:51.518720
06:20:56,32.0,79,2026-05-22 06:20:56.548435
06:21:01,39.2,49,2026-05-22 06:21:01.574448
06:21:06,26.5,55,2026-05-22 06:21:06.593970
06:21:11,37.6,53,2026-05-22 06:21:11.615394
06:21:16,38.5,49,2026-05-22 06:21:16.642393
06:21:21,40.0,84,2026-05-22 06:21:21.670933
06:21:26,28.5,41,2026-05-22 06:21:26.715586
06:21:31,36.2,62,2026-05-22 06:21:31.745999
06:21:36,28.8,57,2026-05-22 06:21:36.769508
06:21:41,32.5,57,2026-05-22 06:21:41.806886
06:21:46,29.2,77,2026-05-22 06:21:46.835435
06:21:51,33.7,74,2026-05-22 06:21:51.868261
06:21:56,25.9,84,2026-05-22 06:21:56.892343
06:22:01,25.5,48,2026-05-22 06:22:01.917587
06:20:11,27.2,53,2026-05-22 06:20:11.251544
06:20:16,27.0,64,2026-05-22 06:20:16.289008
06:20:21,36.7,63,2026-05-22 06:20:21.332783
06:20:26,32.4,57,2026-05-22 06:20:26.358221
06:20:31,35.5,49,2026-05-22 06:20:31.400102
06:20:36,36.0,67,2026-05-22 06:20:36.437102
06:20:41,36.1,53,2026-05-22 06:20:41.467289
06:20:46,36.1,87,2026-05-22 06:20:46.488277
06:20:51,27.9,69,2026-05-22 06:20:51.518720
06:20:56,32.0,79,2026-05-22 06:20:56.548435
06:21:01,39.2,49,2026-05-22 06:21:01.574448
06:21:06,26.5,55,2026-05-22 06:21:06.593970
06:21:11,37.6,53,2026-05-22 06:21:11.615394
06:21:16,38.5,49,2026-05-22 06:21:16.642393
06:21:21,40.0,84,2026-05-22 06:21:21.670933
06:21:26,28.5,41,2026-05-22 06:21:26.715586
06:21:31,36.2,62,2026-05-22 06:21:31.745999
06:21:36,28.8,57,2026-05-22 06:21:36.769508
06:21:41,32.5,57,2026-05-22 06:21:41.806886
06:21:46,29.2,77,2026-05-22 06:21:46.835435
06:21:51,33.7,74,2026-05-22 06:21:51.868261
06:21:56,25.9,84,2026-05-22 06:21:56.892343
06:22:01,25.5,48,2026-05-22 06:22:01.917587
06:22:06,35.5,63,2026-05-22 06:22:06.939118
06:20:11,27.2,53,2026-05-22 06:20:11.251544
06:20:16,27.0,64,2026-05-22 06:20:16.289008
06:20:21,36.7,63,2026-05-22 06:20:21.332783
06:20:26,32.4,57,2026-05-22 06:20:26.358221
06:20:31,35.5,49,2026-05-22 06:20:31.400102
06:20:36,36.0,67,2026-05-22 06:20:36.437102
06:20:41,36.1,53,2026-05-22 06:20:41.467289
06:20:46,36.1,87,2026-05-22 06:20:46.488277
06:20:51,27.9,69,2026-05-22 06:20:51.518720
06:20:56,32.0,79,2026-05-22 06:20:56.548435
06:21:01,39.2,49,2026-05-22 06:21:01.574448
06:21:06,26.5,55,2026-05-22 06:21:06.593970
06:21:11,37.6,53,2026-05-22 06:21:11.615394
06:21:16,38.5,49,2026-05-22 06:21:16.642393
06:21:21,40.0,84,2026-05-22 06:21:21.670933
06:21:26,28.5,41,2026-05-22 06:21:26.715586
06:21:31,36.2,62,2026-05-22 06:21:31.745999
06:21:36,28.8,57,2026-05-22 06:21:36.769508
06:21:41,32.5,57,2026-05-22 06:21:41.806886
06:21:46,29.2,77,2026-05-22 06:21:46.835435
06:21:51,33.7,74,2026-05-22 06:21:51.868261
06:21:56,25.9,84,2026-05-22 06:21:56.892343
06:22:01,25.5,48,2026-05-22 06:22:01.917587
06:22:06,35.5,63,2026-05-22 06:22:06.939118
06:22:11,39.4,64,2026-05-22 06:22:11.964333
06:20:11,27.2,53,2026-05-22 06:20:11.251544
06:20:16,27.0,64,2026-05-22 06:20:16.289008
06:20:21,36.7,63,2026-05-22 06:20:21.332783
06:20:26,32.4,57,2026-05-22 06:20:26.358221
06:20:31,35.5,49,2026-05-22 06:20:31.400102
06:20:36,36.0,67,2026-05-22 06:20:36.437102
06:20:41,36.1,53,2026-05-22 06:20:41.467289
06:20:46,36.1,87,2026-05-22 06:20:46.488277
06:20:51,27.9,69,2026-05-22 06:20:51.518720
06:20:56,32.0,79,2026-05-22 06:20:56.548435
06:21:01,39.2,49,2026-05-22 06:21:01.574448
06:21:06,26.5,55,2026-05-22 06:21:06.593970
06:21:11,37.6,53,2026-05-22 06:21:11.615394
06:21:16,38.5,49,2026-05-22 06:21:16.642393
06:21:21,40.0,84,2026-05-22 06:21:21.670933
06:21:26,28.5,41,2026-05-22 06:21:26.715586
06:21:31,36.2,62,2026-05-22 06:21:31.745999
06:21:36,28.8,57,2026-05-22 06:21:36.769508
06:21:41,32.5,57,2026-05-22 06:21:41.806886
06:21:46,29.2,77,2026-05-22 06:21:46.835435
06:21:51,33.7,74,2026-05-22 06:21:51.868261
06:21:56,25.9,84,2026-05-22 06:21:56.892343
06:22:01,25.5,48,2026-05-22 06:22:01.917587
06:22:06,35.5,63,2026-05-22 06:22:06.939118
06:22:11,39.4,64,2026-05-22 06:22:11.964333
06:22:16,30.8,74,2026-05-22 06:22:16.994692
06:20:11,27.2,53,2026-05-22 06:20:11.251544
06:20:16,27.0,64,2026-05-22 06:20:16.289008
06:20:21,36.7,63,2026-05-22 06:20:21.332783
06:20:26,32.4,57,2026-05-22 06:20:26.358221
06:20:31,35.5,49,2026-05-22 06:20:31.400102
06:20:36,36.0,67,2026-05-22 06:20:36.437102
06:20:41,36.1,53,2026-05-22 06:20:41.467289
06:20:46,36.1,87,2026-05-22 06:20:46.488277
06:20:51,27.9,69,2026-05-22 06:20:51.518720
06:20:56,32.0,79,2026-05-22 06:20:56.548435
06:21:01,39.2,49,2026-05-22 06:21:01.574448
06:21:06,26.5,55,2026-05-22 06:21:06.593970
06:21:11,37.6,53,2026-05-22 06:21:11.615394
06:21:16,38.5,49,2026-05-22 06:21:16.642393
06:21:21,40.0,84,2026-05-22 06:21:21.670933
06:21:26,28.5,41,2026-05-22 06:21:26.715586
06:21:31,36.2,62,2026-05-22 06:21:31.745999
06:21:36,28.8,57,2026-05-22 06:21:36.769508
06:21:41,32.5,57,2026-05-22 06:21:41.806886
06:21:46,29.2,77,2026-05-22 06:21:46.835435
06:21:51,33.7,74,2026-05-22 06:21:51.868261
06:21:56,25.9,84,2026-05-22 06:21:56.892343
06:22:01,25.5,48,2026-05-22 06:22:01.917587
06:22:06,35.5,63,2026-05-22 06:22:06.939118
06:22:11,39.4,64,2026-05-22 06:22:11.964333
06:22:16,30.8,74,2026-05-22 06:22:16.994692
06:22:22,26.6,82,2026-05-22 06:22:22.023864
06:20:11,27.2,53,2026-05-22 06:20:11.251544
06:20:16,27.0,64,2026-05-22 06:20:16.289008
06:20:21,36.7,63,2026-05-22 06:20:21.332783
06:20:26,32.4,57,2026-05-22 06:20:26.358221
06:20:31,35.5,49,2026-05-22 06:20:31.400102
06:20:36,36.0,67,2026-05-22 06:20:36.437102
06:20:41,36.1,53,2026-05-22 06:20:41.467289
06:20:46,36.1,87,2026-05-22 06:20:46.488277
06:20:51,27.9,69,2026-05-22 06:20:51.518720
06:20:56,32.0,79,2026-05-22 06:20:56.548435
06:21:01,39.2,49,2026-05-22 06:21:01.574448
06:21:06,26.5,55,2026-05-22 06:21:06.593970
06:21:11,37.6,53,2026-05-22 06:21:11.615394
06:21:16,38.5,49,2026-05-22 06:21:16.642393
06:21:21,40.0,84,2026-05-22 06:21:21.670933
06:21:26,28.5,41,2026-05-22 06:21:26.715586
06:21:31,36.2,62,2026-05-22 06:21:31.745999
06:21:36,28.8,57,2026-05-22 06:21:36.769508
06:21:41,32.5,57,2026-05-22 06:21:41.806886
06:21:46,29.2,77,2026-05-22 06:21:46.835435
06:21:51,33.7,74,2026-05-22 06:21:51.868261
06:21:56,25.9,84,2026-05-22 06:21:56.892343
06:22:01,25.5,48,2026-05-22 06:22:01.917587
06:22:06,35.5,63,2026-05-22 06:22:06.939118
06:22:11,39.4,64,2026-05-22 06:22:11.964333
06:22:16,30.8,74,2026-05-22 06:22:16.994692
06:22:22,26.6,82,2026-05-22 06:22:22.023864
06:22:27,35.2,57,2026-05-22 06:22:27.045575
06:20:11,27.2,53,2026-05-22 06:20:11.251544
06:20:16,27.0,64,2026-05-22 06:20:16.289008
06:20:21,36.7,63,2026-05-22 06:20:21.332783
06:20:26,32.4,57,2026-05-22 06:20:26.358221
06:20:31,35.5,49,2026-05-22 06:20:31.400102
06:20:36,36.0,67,2026-05-22 06:20:36.437102
06:20:41,36.1,53,2026-05-22 06:20:41.467289
06:20:46,36.1,87,2026-05-22 06:20:46.488277
06:20:51,27.9,69,2026-05-22 06:20:51.518720
06:20:56,32.0,79,2026-05-22 06:20:56.548435
06:21:01,39.2,49,2026-05-22 06:21:01.574448
06:21:06,26.5,55,2026-05-22 06:21:06.593970
06:21:11,37.6,53,2026-05-22 06:21:11.615394
06:21:16,38.5,49,2026-05-22 06:21:16.642393
06:21:21,40.0,84,2026-05-22 06:21:21.670933
06:21:26,28.5,41,2026-05-22 06:21:26.715586
06:21:31,36.2,62,2026-05-22 06:21:31.745999
06:21:36,28.8,57,2026-05-22 06:21:36.769508
06:21:41,32.5,57,2026-05-22 06:21:41.806886
06:21:46,29.2,77,2026-05-22 06:21:46.835435
06:21:51,33.7,74,2026-05-22 06:21:51.868261
06:21:56,25.9,84,2026-05-22 06:21:56.892343
06:22:01,25.5,48,2026-05-22 06:22:01.917587
06:22:06,35.5,63,2026-05-22 06:22:06.939118
06:22:11,39.4,64,2026-05-22 06:22:11.964333
06:22:16,30.8,74,2026-05-22 06:22:16.994692
06:22:22,26.6,82,2026-05-22 06:22:22.023864
06:22:27,35.2,57,2026-05-22 06:22:27.045575
06:22:32,27.4,68,2026-05-22 06:22:32.071645
06:20:11,27.2,53,2026-05-22 06:20:11.251544
06:20:16,27.0,64,2026-05-22 06:20:16.289008
06:20:21,36.7,63,2026-05-22 06:20:21.332783
06:20:26,32.4,57,2026-05-22 06:20:26.358221
06:20:31,35.5,49,2026-05-22 06:20:31.400102
06:20:36,36.0,67,2026-05-22 06:20:36.437102
06:20:41,36.1,53,2026-05-22 06:20:41.467289
06:20:46,36.1,87,2026-05-22 06:20:46.488277
06:20:51,27.9,69,2026-05-22 06:20:51.518720
06:20:56,32.0,79,2026-05-22 06:20:56.548435
06:21:01,39.2,49,2026-05-22 06:21:01.574448
06:21:06,26.5,55,2026-05-22 06:21:06.593970
06:21:11,37.6,53,2026-05-22 06:21:11.615394
06:21:16,38.5,49,2026-05-22 06:21:16.642393
06:21:21,40.0,84,2026-05-22 06:21:21.670933
06:21:26,28.5,41,2026-05-22 06:21:26.715586
06:21:31,36.2,62,2026-05-22 06:21:31.745999
06:21:36,28.8,57,2026-05-22 06:21:36.769508
06:21:41,32.5,57,2026-05-22 06:21:41.806886
06:21:46,29.2,77,2026-05-22 06:21:46.835435
06:21:51,33.7,74,2026-05-22 06:21:51.868261
06:21:56,25.9,84,2026-05-22 06:21:56.892343
06:22:01,25.5,48,2026-05-22 06:22:01.917587
06:22:06,35.5,63,2026-05-22 06:22:06.939118
06:22:11,39.4,64,2026-05-22 06:22:11.964333
06:22:16,30.8,74,2026-05-22 06:22:16.994692
06:22:22,26.6,82,2026-05-22 06:22:22.023864
06:22:27,35.2,57,2026-05-22 06:22:27.045575
06:22:32,27.4,68,2026-05-22 06:22:32.071645
06:22:37,39.4,63,2026-05-22 06:22:37.098899
06:20:11,27.2,53,2026-05-22 06:20:11.251544
06:20:16,27.0,64,2026-05-22 06:20:16.289008
06:20:21,36.7,63,2026-05-22 06:20:21.332783
06:20:26,32.4,57,2026-05-22 06:20:26.358221
06:20:31,35.5,49,2026-05-22 06:20:31.400102
06:20:36,36.0,67,2026-05-22 06:20:36.437102
06:20:41,36.1,53,2026-05-22 06:20:41.467289
06:20:46,36.1,87,2026-05-22 06:20:46.488277
06:20:51,27.9,69,2026-05-22 06:20:51.518720
06:20:56,32.0,79,2026-05-22 06:20:56.548435
06:21:01,39.2,49,2026-05-22 06:21:01.574448
06:21:06,26.5,55,2026-05-22 06:21:06.593970
06:21:11,37.6,53,2026-05-22 06:21:11.615394
06:21:16,38.5,49,2026-05-22 06:21:16.642393
06:21:21,40.0,84,2026-05-22 06:21:21.670933
06:21:26,28.5,41,2026-05-22 06:21:26.715586
06:21:31,36.2,62,2026-05-22 06:21:31.745999
06:21:36,28.8,57,2026-05-22 06:21:36.769508
06:21:41,32.5,57,2026-05-22 06:21:41.806886
06:21:46,29.2,77,2026-05-22 06:21:46.835435
06:21:51,33.7,74,2026-05-22 06:21:51.868261
06:21:56,25.9,84,2026-05-22 06:21:56.892343
06:22:01,25.5,48,2026-05-22 06:22:01.917587
06:22:06,35.5,63,2026-05-22 06:22:06.939118
06:22:11,39.4,64,2026-05-22 06:22:11.964333
06:22:16,30.8,74,2026-05-22 06:22:16.994692
06:22:22,26.6,82,2026-05-22 06:22:22.023864
06:22:27,35.2,57,2026-05-22 06:22:27.045575
06:22:32,27.4,68,2026-05-22 06:22:32.071645
06:22:37,39.4,63,2026-05-22 06:22:37.098899
06:22:42,29.2,70,2026-05-22 06:22:42.118792
06:20:11,27.2,53,2026-05-22 06:20:11.251544
06:20:16,27.0,64,2026-05-22 06:20:16.289008
06:20:21,36.7,63,2026-05-22 06:20:21.332783
06:20:26,32.4,57,2026-05-22 06:20:26.358221
06:20:31,35.5,49,2026-05-22 06:20:31.400102
06:20:36,36.0,67,2026-05-22 06:20:36.437102
06:20:41,36.1,53,2026-05-22 06:20:41.467289
06:20:46,36.1,87,2026-05-22 06:20:46.488277
06:20:51,27.9,69,2026-05-22 06:20:51.518720
06:20:56,32.0,79,2026-05-22 06:20:56.548435
06:21:01,39.2,49,2026-05-22 06:21:01.574448
06:21:06,26.5,55,2026-05-22 06:21:06.593970
06:21:11,37.6,53,2026-05-22 06:21:11.615394
06:21:16,38.5,49,2026-05-22 06:21:16.642393
06:21:21,40.0,84,2026-05-22 06:21:21.670933
06:21:26,28.5,41,2026-05-22 06:21:26.715586
06:21:31,36.2,62,2026-05-22 06:21:31.745999
06:21:36,28.8,57,2026-05-22 06:21:36.769508
06:21:41,32.5,57,2026-05-22 06:21:41.806886
06:21:46,29.2,77,2026-05-22 06:21:46.835435
06:21:51,33.7,74,2026-05-22 06:21:51.868261
06:21:56,25.9,84,2026-05-22 06:21:56.892343
06:22:01,25.5,48,2026-05-22 06:22:01.917587
06:22:06,35.5,63,2026-05-22 06:22:06.939118
06:22:11,39.4,64,2026-05-22 06:22:11.964333
06:22:16,30.8,74,2026-05-22 06:22:16.994692
06:22:22,26.6,82,2026-05-22 06:22:22.023864
06:22:27,35.2,57,2026-05-22 06:22:27.045575
06:22:32,27.4,68,2026-05-22 06:22:32.071645
06:22:37,39.4,63,2026-05-22 06:22:37.098899
06:22:42,29.2,70,2026-05-22 06:22:42.118792
06:22:47,39.3,58,2026-05-22 06:22:47.144877
06:20:11,27.2,53,2026-05-22 06:20:11.251544
06:20:16,27.0,64,2026-05-22 06:20:16.289008
06:20:21,36.7,63,2026-05-22 06:20:21.332783
06:20:26,32.4,57,2026-05-22 06:20:26.358221
06:20:31,35.5,49,2026-05-22 06:20:31.400102
06:20:36,36.0,67,2026-05-22 06:20:36.437102
06:20:41,36.1,53,2026-05-22 06:20:41.467289
06:20:46,36.1,87,2026-05-22 06:20:46.488277
06:20:51,27.9,69,2026-05-22 06:20:51.518720
06:20:56,32.0,79,2026-05-22 06:20:56.548435
06:21:01,39.2,49,2026-05-22 06:21:01.574448
06:21:06,26.5,55,2026-05-22 06:21:06.593970
06:21:11,37.6,53,2026-05-22 06:21:11.615394
06:21:16,38.5,49,2026-05-22 06:21:16.642393
06:21:21,40.0,84,2026-05-22 06:21:21.670933
06:21:26,28.5,41,2026-05-22 06:21:26.715586
06:21:31,36.2,62,2026-05-22 06:21:31.745999
06:21:36,28.8,57,2026-05-22 06:21:36.769508
06:21:41,32.5,57,2026-05-22 06:21:41.806886
06:21:46,29.2,77,2026-05-22 06:21:46.835435
06:21:51,33.7,74,2026-05-22 06:21:51.868261
06:21:56,25.9,84,2026-05-22 06:21:56.892343
06:22:01,25.5,48,2026-05-22 06:22:01.917587
06:22:06,35.5,63,2026-05-22 06:22:06.939118
06:22:11,39.4,64,2026-05-22 06:22:11.964333
06:22:16,30.8,74,2026-05-22 06:22:16.994692
06:22:22,26.6,82,2026-05-22 06:22:22.023864
06:22:27,35.2,57,2026-05-22 06:22:27.045575
06:22:32,27.4,68,2026-05-22 06:22:32.071645
06:22:37,39.4,63,2026-05-22 06:22:37.098899
06:22:42,29.2,70,2026-05-22 06:22:42.118792
06:22:47,39.3,58,2026-05-22 06:22:47.144877
06:22:52,35.0,45,2026-05-22 06:22:52.171325
06:20:11,27.2,53,2026-05-22 06:20:11.251544
06:20:16,27.0,64,2026-05-22 06:20:16.289008
06:20:21,36.7,63,2026-05-22 06:20:21.332783
06:20:26,32.4,57,2026-05-22 06:20:26.358221
06:20:31,35.5,49,2026-05-22 06:20:31.400102
06:20:36,36.0,67,2026-05-22 06:20:36.437102
06:20:41,36.1,53,2026-05-22 06:20:41.467289
06:20:46,36.1,87,2026-05-22 06:20:46.488277
06:20:51,27.9,69,2026-05-22 06:20:51.518720
06:20:56,32.0,79,2026-05-22 06:20:56.548435
06:21:01,39.2,49,2026-05-22 06:21:01.574448
06:21:06,26.5,55,2026-05-22 06:21:06.593970
06:21:11,37.6,53,2026-05-22 06:21:11.615394
06:21:16,38.5,49,2026-05-22 06:21:16.642393
06:21:21,40.0,84,2026-05-22 06:21:21.670933
06:21:26,28.5,41,2026-05-22 06:21:26.715586
06:21:31,36.2,62,2026-05-22 06:21:31.745999
06:21:36,28.8,57,2026-05-22 06:21:36.769508
06:21:41,32.5,57,2026-05-22 06:21:41.806886
06:21:46,29.2,77,2026-05-22 06:21:46.835435
06:21:51,33.7,74,2026-05-22 06:21:51.868261
06:21:56,25.9,84,2026-05-22 06:21:56.892343
06:22:01,25.5,48,2026-05-22 06:22:01.917587
06:22:06,35.5,63,2026-05-22 06:22:06.939118
06:22:11,39.4,64,2026-05-22 06:22:11.964333
06:22:16,30.8,74,2026-05-22 06:22:16.994692
06:22:22,26.6,82,2026-05-22 06:22:22.023864
06:22:27,35.2,57,2026-05-22 06:22:27.045575
06:22:32,27.4,68,2026-05-22 06:22:32.071645
06:22:37,39.4,63,2026-05-22 06:22:37.098899
06:22:42,29.2,70,2026-05-22 06:22:42.118792
06:22:47,39.3,58,2026-05-22 06:22:47.144877
06:22:52,35.0,45,2026-05-22 06:22:52.171325
06:22:57,28.4,65,2026-05-22 06:22:57.189150
06:20:11,27.2,53,2026-05-22 06:20:11.251544
06:20:16,27.0,64,2026-05-22 06:20:16.289008
06:20:21,36.7,63,2026-05-22 06:20:21.332783
06:20:26,32.4,57,2026-05-22 06:20:26.358221
06:20:31,35.5,49,2026-05-22 06:20:31.400102
06:20:36,36.0,67,2026-05-22 06:20:36.437102
06:20:41,36.1,53,2026-05-22 06:20:41.467289
06:20:46,36.1,87,2026-05-22 06:20:46.488277
06:20:51,27.9,69,2026-05-22 06:20:51.518720
06:20:56,32.0,79,2026-05-22 06:20:56.548435
06:21:01,39.2,49,2026-05-22 06:21:01.574448
06:21:06,26.5,55,2026-05-22 06:21:06.593970
06:21:11,37.6,53,2026-05-22 06:21:11.615394
06:21:16,38.5,49,2026-05-22 06:21:16.642393
06:21:21,40.0,84,2026-05-22 06:21:21.670933
06:21:26,28.5,41,2026-05-22 06:21:26.715586
06:21:31,36.2,62,2026-05-22 06:21:31.745999
06:21:36,28.8,57,2026-05-22 06:21:36.769508
06:21:41,32.5,57,2026-05-22 06:21:41.806886
06:21:46,29.2,77,2026-05-22 06:21:46.835435
06:21:51,33.7,74,2026-05-22 06:21:51.868261
06:21:56,25.9,84,2026-05-22 06:21:56.892343
06:22:01,25.5,48,2026-05-22 06:22:01.917587
06:22:06,35.5,63,2026-05-22 06:22:06.939118
06:22:11,39.4,64,2026-05-22 06:22:11.964333
06:22:16,30.8,74,2026-05-22 06:22:16.994692
06:22:22,26.6,82,2026-05-22 06:22:22.023864
06:22:27,35.2,57,2026-05-22 06:22:27.045575
06:22:32,27.4,68,2026-05-22 06:22:32.071645
06:22:37,39.4,63,2026-05-22 06:22:37.098899
06:22:42,29.2,70,2026-05-22 06:22:42.118792
06:22:47,39.3,58,2026-05-22 06:22:47.144877
06:22:52,35.0,45,2026-05-22 06:22:52.171325
06:22:57,28.4,65,2026-05-22 06:22:57.189150
06:23:02,36.4,46,2026-05-22 06:23:02.227596
06:20:11,27.2,53,2026-05-22 06:20:11.251544
06:20:16,27.0,64,2026-05-22 06:20:16.289008
06:20:21,36.7,63,2026-05-22 06:20:21.332783
06:20:26,32.4,57,2026-05-22 06:20:26.358221
06:20:31,35.5,49,2026-05-22 06:20:31.400102
06:20:36,36.0,67,2026-05-22 06:20:36.437102
06:20:41,36.1,53,2026-05-22 06:20:41.467289
06:20:46,36.1,87,2026-05-22 06:20:46.488277
06:20:51,27.9,69,2026-05-22 06:20:51.518720
06:20:56,32.0,79,2026-05-22 06:20:56.548435
06:21:01,39.2,49,2026-05-22 06:21:01.574448
06:21:06,26.5,55,2026-05-22 06:21:06.593970
06:21:11,37.6,53,2026-05-22 06:21:11.615394
06:21:16,38.5,49,2026-05-22 06:21:16.642393
06:21:21,40.0,84,2026-05-22 06:21:21.670933
06:21:26,28.5,41,2026-05-22 06:21:26.715586
06:21:31,36.2,62,2026-05-22 06:21:31.745999
06:21:36,28.8,57,2026-05-22 06:21:36.769508
06:21:41,32.5,57,2026-05-22 06:21:41.806886
06:21:46,29.2,77,2026-05-22 06:21:46.835435
06:21:51,33.7,74,2026-05-22 06:21:51.868261
06:21:56,25.9,84,2026-05-22 06:21:56.892343
06:22:01,25.5,48,2026-05-22 06:22:01.917587
06:22:06,35.5,63,2026-05-22 06:22:06.939118
06:22:11,39.4,64,2026-05-22 06:22:11.964333
06:22:16,30.8,74,2026-05-22 06:22:16.994692
06:22:22,26.6,82,2026-05-22 06:22:22.023864
06:22:27,35.2,57,2026-05-22 06:22:27.045575
06:22:32,27.4,68,2026-05-22 06:22:32.071645
06:22:37,39.4,63,2026-05-22 06:22:37.098899
06:22:42,29.2,70,2026-05-22 06:22:42.118792
06:22:47,39.3,58,2026-05-22 06:22:47.144877
06:22:52,35.0,45,2026-05-22 06:22:52.171325
06:22:57,28.4,65,2026-05-22 06:22:57.189150
06:23:02,36.4,46,2026-05-22 06:23:02.227596
06:23:07,27.2,53,2026-05-22 06:23:07.253604
06:20:11,27.2,53,2026-05-22 06:20:11.251544
06:20:16,27.0,64,2026-05-22 06:20:16.289008
06:20:21,36.7,63,2026-05-22 06:20:21.332783
06:20:26,32.4,57,2026-05-22 06:20:26.358221
06:20:31,35.5,49,2026-05-22 06:20:31.400102
06:20:36,36.0,67,2026-05-22 06:20:36.437102
06:20:41,36.1,53,2026-05-22 06:20:41.467289
06:20:46,36.1,87,2026-05-22 06:20:46.488277
06:20:51,27.9,69,2026-05-22 06:20:51.518720
06:20:56,32.0,79,2026-05-22 06:20:56.548435
06:21:01,39.2,49,2026-05-22 06:21:01.574448
06:21:06,26.5,55,2026-05-22 06:21:06.593970
06:21:11,37.6,53,2026-05-22 06:21:11.615394
06:21:16,38.5,49,2026-05-22 06:21:16.642393
06:21:21,40.0,84,2026-05-22 06:21:21.670933
06:21:26,28.5,41,2026-05-22 06:21:26.715586
06:21:31,36.2,62,2026-05-22 06:21:31.745999
06:21:36,28.8,57,2026-05-22 06:21:36.769508
06:21:41,32.5,57,2026-05-22 06:21:41.806886
06:21:46,29.2,77,2026-05-22 06:21:46.835435
06:21:51,33.7,74,2026-05-22 06:21:51.868261
06:21:56,25.9,84,2026-05-22 06:21:56.892343
06:22:01,25.5,48,2026-05-22 06:22:01.917587
06:22:06,35.5,63,2026-05-22 06:22:06.939118
06:22:11,39.4,64,2026-05-22 06:22:11.964333
06:22:16,30.8,74,2026-05-22 06:22:16.994692
06:22:22,26.6,82,2026-05-22 06:22:22.023864
06:22:27,35.2,57,2026-05-22 06:22:27.045575
06:22:32,27.4,68,2026-05-22 06:22:32.071645
06:22:37,39.4,63,2026-05-22 06:22:37.098899
06:22:42,29.2,70,2026-05-22 06:22:42.118792
06:22:47,39.3,58,2026-05-22 06:22:47.144877
06:22:52,35.0,45,2026-05-22 06:22:52.171325
06:22:57,28.4,65,2026-05-22 06:22:57.189150
06:23:02,36.4,46,2026-05-22 06:23:02.227596
06:23:07,27.2,53,2026-05-22 06:23:07.253604
06:23:12,34.1,60,2026-05-22 06:23:12.283647
06:20:11,27.2,53,2026-05-22 06:20:11.251544
06:20:16,27.0,64,2026-05-22 06:20:16.289008
06:20:21,36.7,63,2026-05-22 06:20:21.332783
06:20:26,32.4,57,2026-05-22 06:20:26.358221
06:20:31,35.5,49,2026-05-22 06:20:31.400102
06:20:36,36.0,67,2026-05-22 06:20:36.437102
06:20:41,36.1,53,2026-05-22 06:20:41.467289
06:20:46,36.1,87,2026-05-22 06:20:46.488277
06:20:51,27.9,69,2026-05-22 06:20:51.518720
06:20:56,32.0,79,2026-05-22 06:20:56.548435
06:21:01,39.2,49,2026-05-22 06:21:01.574448
06:21:06,26.5,55,2026-05-22 06:21:06.593970
06:21:11,37.6,53,2026-05-22 06:21:11.615394
06:21:16,38.5,49,2026-05-22 06:21:16.642393
06:21:21,40.0,84,2026-05-22 06:21:21.670933
06:21:26,28.5,41,2026-05-22 06:21:26.715586
06:21:31,36.2,62,2026-05-22 06:21:31.745999
06:21:36,28.8,57,2026-05-22 06:21:36.769508
06:21:41,32.5,57,2026-05-22 06:21:41.806886
06:21:46,29.2,77,2026-05-22 06:21:46.835435
06:21:51,33.7,74,2026-05-22 06:21:51.868261
06:21:56,25.9,84,2026-05-22 06:21:56.892343
06:22:01,25.5,48,2026-05-22 06:22:01.917587
06:22:06,35.5,63,2026-05-22 06:22:06.939118
06:22:11,39.4,64,2026-05-22 06:22:11.964333
06:22:16,30.8,74,2026-05-22 06:22:16.994692
06:22:22,26.6,82,2026-05-22 06:22:22.023864
06:22:27,35.2,57,2026-05-22 06:22:27.045575
06:22:32,27.4,68,2026-05-22 06:22:32.071645
06:22:37,39.4,63,2026-05-22 06:22:37.098899
06:22:42,29.2,70,2026-05-22 06:22:42.118792
06:22:47,39.3,58,2026-05-22 06:22:47.144877
06:22:52,35.0,45,2026-05-22 06:22:52.171325
06:22:57,28.4,65,2026-05-22 06:22:57.189150
06:23:02,36.4,46,2026-05-22 06:23:02.227596
06:23:07,27.2,53,2026-05-22 06:23:07.253604
06:23:12,34.1,60,2026-05-22 06:23:12.283647
06:23:17,39.5,48,2026-05-22 06:23:17.323262
06:20:11,27.2,53,2026-05-22 06:20:11.251544
06:20:16,27.0,64,2026-05-22 06:20:16.289008
06:20:21,36.7,63,2026-05-22 06:20:21.332783
06:20:26,32.4,57,2026-05-22 06:20:26.358221
06:20:31,35.5,49,2026-05-22 06:20:31.400102
06:20:36,36.0,67,2026-05-22 06:20:36.437102
06:20:41,36.1,53,2026-05-22 06:20:41.467289
06:20:46,36.1,87,2026-05-22 06:20:46.488277
06:20:51,27.9,69,2026-05-22 06:20:51.518720
06:20:56,32.0,79,2026-05-22 06:20:56.548435
06:21:01,39.2,49,2026-05-22 06:21:01.574448
06:21:06,26.5,55,2026-05-22 06:21:06.593970
06:21:11,37.6,53,2026-05-22 06:21:11.615394
06:21:16,38.5,49,2026-05-22 06:21:16.642393
06:21:21,40.0,84,2026-05-22 06:21:21.670933
06:21:26,28.5,41,2026-05-22 06:21:26.715586
06:21:31,36.2,62,2026-05-22 06:21:31.745999
06:21:36,28.8,57,2026-05-22 06:21:36.769508
06:21:41,32.5,57,2026-05-22 06:21:41.806886
06:21:46,29.2,77,2026-05-22 06:21:46.835435
06:21:51,33.7,74,2026-05-22 06:21:51.868261
06:21:56,25.9,84,2026-05-22 06:21:56.892343
06:22:01,25.5,48,2026-05-22 06:22:01.917587
06:22:06,35.5,63,2026-05-22 06:22:06.939118
06:22:11,39.4,64,2026-05-22 06:22:11.964333
06:22:16,30.8,74,2026-05-22 06:22:16.994692
06:22:22,26.6,82,2026-05-22 06:22:22.023864
06:22:27,35.2,57,2026-05-22 06:22:27.045575
06:22:32,27.4,68,2026-05-22 06:22:32.071645
06:22:37,39.4,63,2026-05-22 06:22:37.098899
06:22:42,29.2,70,2026-05-22 06:22:42.118792
06:22:47,39.3,58,2026-05-22 06:22:47.144877
06:22:52,35.0,45,2026-05-22 06:22:52.171325
06:22:57,28.4,65,2026-05-22 06:22:57.189150
06:23:02,36.4,46,2026-05-22 06:23:02.227596
06:23:07,27.2,53,2026-05-22 06:23:07.253604
06:23:12,34.1,60,2026-05-22 06:23:12.283647
06:23:17,39.5,48,2026-05-22 06:23:17.323262
06:23:22,26.6,90,2026-05-22 06:23:22.352324
06:20:11,27.2,53,2026-05-22 06:20:11.251544
06:20:16,27.0,64,2026-05-22 06:20:16.289008
06:20:21,36.7,63,2026-05-22 06:20:21.332783
06:20:26,32.4,57,2026-05-22 06:20:26.358221
06:20:31,35.5,49,2026-05-22 06:20:31.400102
06:20:36,36.0,67,2026-05-22 06:20:36.437102
06:20:41,36.1,53,2026-05-22 06:20:41.467289
06:20:46,36.1,87,2026-05-22 06:20:46.488277
06:20:51,27.9,69,2026-05-22 06:20:51.518720
06:20:56,32.0,79,2026-05-22 06:20:56.548435
06:21:01,39.2,49,2026-05-22 06:21:01.574448
06:21:06,26.5,55,2026-05-22 06:21:06.593970
06:21:11,37.6,53,2026-05-22 06:21:11.615394
06:21:16,38.5,49,2026-05-22 06:21:16.642393
06:21:21,40.0,84,2026-05-22 06:21:21.670933
06:21:26,28.5,41,2026-05-22 06:21:26.715586
06:21:31,36.2,62,2026-05-22 06:21:31.745999
06:21:36,28.8,57,2026-05-22 06:21:36.769508
06:21:41,32.5,57,2026-05-22 06:21:41.806886
06:21:46,29.2,77,2026-05-22 06:21:46.835435
06:21:51,33.7,74,2026-05-22 06:21:51.868261
06:21:56,25.9,84,2026-05-22 06:21:56.892343
06:22:01,25.5,48,2026-05-22 06:22:01.917587
06:22:06,35.5,63,2026-05-22 06:22:06.939118
06:22:11,39.4,64,2026-05-22 06:22:11.964333
06:22:16,30.8,74,2026-05-22 06:22:16.994692
06:22:22,26.6,82,2026-05-22 06:22:22.023864
06:22:27,35.2,57,2026-05-22 06:22:27.045575
06:22:32,27.4,68,2026-05-22 06:22:32.071645
06:22:37,39.4,63,2026-05-22 06:22:37.098899
06:22:42,29.2,70,2026-05-22 06:22:42.118792
06:22:47,39.3,58,2026-05-22 06:22:47.144877
06:22:52,35.0,45,2026-05-22 06:22:52.171325
06:22:57,28.4,65,2026-05-22 06:22:57.189150
06:23:02,36.4,46,2026-05-22 06:23:02.227596
06:23:07,27.2,53,2026-05-22 06:23:07.253604
06:23:12,34.1,60,2026-05-22 06:23:12.283647
06:23:17,39.5,48,2026-05-22 06:23:17.323262
06:23:22,26.6,90,2026-05-22 06:23:22.352324
06:23:27,38.2,54,2026-05-22 06:23:27.370242
06:20:11,27.2,53,2026-05-22 06:20:11.251544
06:20:16,27.0,64,2026-05-22 06:20:16.289008
06:20:21,36.7,63,2026-05-22 06:20:21.332783
06:20:26,32.4,57,2026-05-22 06:20:26.358221
06:20:31,35.5,49,2026-05-22 06:20:31.400102
06:20:36,36.0,67,2026-05-22 06:20:36.437102
06:20:41,36.1,53,2026-05-22 06:20:41.467289
06:20:46,36.1,87,2026-05-22 06:20:46.488277
06:20:51,27.9,69,2026-05-22 06:20:51.518720
06:20:56,32.0,79,2026-05-22 06:20:56.548435
06:21:01,39.2,49,2026-05-22 06:21:01.574448
06:21:06,26.5,55,2026-05-22 06:21:06.593970
06:21:11,37.6,53,2026-05-22 06:21:11.615394
06:21:16,38.5,49,2026-05-22 06:21:16.642393
06:21:21,40.0,84,2026-05-22 06:21:21.670933
06:21:26,28.5,41,2026-05-22 06:21:26.715586
06:21:31,36.2,62,2026-05-22 06:21:31.745999
06:21:36,28.8,57,2026-05-22 06:21:36.769508
06:21:41,32.5,57,2026-05-22 06:21:41.806886
06:21:46,29.2,77,2026-05-22 06:21:46.835435
06:21:51,33.7,74,2026-05-22 06:21:51.868261
06:21:56,25.9,84,2026-05-22 06:21:56.892343
06:22:01,25.5,48,2026-05-22 06:22:01.917587
06:22:06,35.5,63,2026-05-22 06:22:06.939118
06:22:11,39.4,64,2026-05-22 06:22:11.964333
06:22:16,30.8,74,2026-05-22 06:22:16.994692
06:22:22,26.6,82,2026-05-22 06:22:22.023864
06:22:27,35.2,57,2026-05-22 06:22:27.045575
06:22:32,27.4,68,2026-05-22 06:22:32.071645
06:22:37,39.4,63,2026-05-22 06:22:37.098899
06:22:42,29.2,70,2026-05-22 06:22:42.118792
06:22:47,39.3,58,2026-05-22 06:22:47.144877
06:22:52,35.0,45,2026-05-22 06:22:52.171325
06:22:57,28.4,65,2026-05-22 06:22:57.189150
06:23:02,36.4,46,2026-05-22 06:23:02.227596
06:23:07,27.2,53,2026-05-22 06:23:07.253604
06:23:12,34.1,60,2026-05-22 06:23:12.283647
06:23:17,39.5,48,2026-05-22 06:23:17.323262
06:23:22,26.6,90,2026-05-22 06:23:22.352324
06:23:27,38.2,54,2026-05-22 06:23:27.370242
06:23:32,29.2,80,2026-05-22 06:23:32.410683
06:20:11,27.2,53,2026-05-22 06:20:11.251544
06:20:16,27.0,64,2026-05-22 06:20:16.289008
06:20:21,36.7,63,2026-05-22 06:20:21.332783
06:20:26,32.4,57,2026-05-22 06:20:26.358221
06:20:31,35.5,49,2026-05-22 06:20:31.400102
06:20:36,36.0,67,2026-05-22 06:20:36.437102
06:20:41,36.1,53,2026-05-22 06:20:41.467289
06:20:46,36.1,87,2026-05-22 06:20:46.488277
06:20:51,27.9,69,2026-05-22 06:20:51.518720
06:20:56,32.0,79,2026-05-22 06:20:56.548435
06:21:01,39.2,49,2026-05-22 06:21:01.574448
06:21:06,26.5,55,2026-05-22 06:21:06.593970
06:21:11,37.6,53,2026-05-22 06:21:11.615394
06:21:16,38.5,49,2026-05-22 06:21:16.642393
06:21:21,40.0,84,2026-05-22 06:21:21.670933
06:21:26,28.5,41,2026-05-22 06:21:26.715586
06:21:31,36.2,62,2026-05-22 06:21:31.745999
06:21:36,28.8,57,2026-05-22 06:21:36.769508
06:21:41,32.5,57,2026-05-22 06:21:41.806886
06:21:46,29.2,77,2026-05-22 06:21:46.835435
06:21:51,33.7,74,2026-05-22 06:21:51.868261
06:21:56,25.9,84,2026-05-22 06:21:56.892343
06:22:01,25.5,48,2026-05-22 06:22:01.917587
06:22:06,35.5,63,2026-05-22 06:22:06.939118
06:22:11,39.4,64,2026-05-22 06:22:11.964333
06:22:16,30.8,74,2026-05-22 06:22:16.994692
06:22:22,26.6,82,2026-05-22 06:22:22.023864
06:22:27,35.2,57,2026-05-22 06:22:27.045575
06:22:32,27.4,68,2026-05-22 06:22:32.071645
06:22:37,39.4,63,2026-05-22 06:22:37.098899
06:22:42,29.2,70,2026-05-22 06:22:42.118792
06:22:47,39.3,58,2026-05-22 06:22:47.144877
06:22:52,35.0,45,2026-05-22 06:22:52.171325
06:22:57,28.4,65,2026-05-22 06:22:57.189150
06:23:02,36.4,46,2026-05-22 06:23:02.227596
06:23:07,27.2,53,2026-05-22 06:23:07.253604
06:23:12,34.1,60,2026-05-22 06:23:12.283647
06:23:17,39.5,48,2026-05-22 06:23:17.323262
06:23:22,26.6,90,2026-05-22 06:23:22.352324
06:23:27,38.2,54,2026-05-22 06:23:27.370242
06:23:32,29.2,80,2026-05-22 06:23:32.410683
06:23:37,31.5,66,2026-05-22 06:23:37.493539
06:20:11,27.2,53,2026-05-22 06:20:11.251544
06:20:16,27.0,64,2026-05-22 06:20:16.289008
06:20:21,36.7,63,2026-05-22 06:20:21.332783
06:20:26,32.4,57,2026-05-22 06:20:26.358221
06:20:31,35.5,49,2026-05-22 06:20:31.400102
06:20:36,36.0,67,2026-05-22 06:20:36.437102
06:20:41,36.1,53,2026-05-22 06:20:41.467289
06:20:46,36.1,87,2026-05-22 06:20:46.488277
06:20:51,27.9,69,2026-05-22 06:20:51.518720
06:20:56,32.0,79,2026-05-22 06:20:56.548435
06:21:01,39.2,49,2026-05-22 06:21:01.574448
06:21:06,26.5,55,2026-05-22 06:21:06.593970
06:21:11,37.6,53,2026-05-22 06:21:11.615394
06:21:16,38.5,49,2026-05-22 06:21:16.642393
06:21:21,40.0,84,2026-05-22 06:21:21.670933
06:21:26,28.5,41,2026-05-22 06:21:26.715586
06:21:31,36.2,62,2026-05-22 06:21:31.745999
06:21:36,28.8,57,2026-05-22 06:21:36.769508
06:21:41,32.5,57,2026-05-22 06:21:41.806886
06:21:46,29.2,77,2026-05-22 06:21:46.835435
06:21:51,33.7,74,2026-05-22 06:21:51.868261
06:21:56,25.9,84,2026-05-22 06:21:56.892343
06:22:01,25.5,48,2026-05-22 06:22:01.917587
06:22:06,35.5,63,2026-05-22 06:22:06.939118
06:22:11,39.4,64,2026-05-22 06:22:11.964333
06:22:16,30.8,74,2026-05-22 06:22:16.994692
06:22:22,26.6,82,2026-05-22 06:22:22.023864
06:22:27,35.2,57,2026-05-22 06:22:27.045575
06:22:32,27.4,68,2026-05-22 06:22:32.071645
06:22:37,39.4,63,2026-05-22 06:22:37.098899
06:22:42,29.2,70,2026-05-22 06:22:42.118792
06:22:47,39.3,58,2026-05-22 06:22:47.144877
06:22:52,35.0,45,2026-05-22 06:22:52.171325
06:22:57,28.4,65,2026-05-22 06:22:57.189150
06:23:02,36.4,46,2026-05-22 06:23:02.227596
06:23:07,27.2,53,2026-05-22 06:23:07.253604
06:23:12,34.1,60,2026-05-22 06:23:12.283647
06:23:17,39.5,48,2026-05-22 06:23:17.323262
06:23:22,26.6,90,2026-05-22 06:23:22.352324
06:23:27,38.2,54,2026-05-22 06:23:27.370242
06:23:32,29.2,80,2026-05-22 06:23:32.410683
06:23:37,31.5,66,2026-05-22 06:23:37.493539
06:23:42,26.7,55,2026-05-22 06:23:42.595958
06:20:11,27.2,53,2026-05-22 06:20:11.251544
06:20:16,27.0,64,2026-05-22 06:20:16.289008
06:20:21,36.7,63,2026-05-22 06:20:21.332783
06:20:26,32.4,57,2026-05-22 06:20:26.358221
06:20:31,35.5,49,2026-05-22 06:20:31.400102
06:20:36,36.0,67,2026-05-22 06:20:36.437102
06:20:41,36.1,53,2026-05-22 06:20:41.467289
06:20:46,36.1,87,2026-05-22 06:20:46.488277
06:20:51,27.9,69,2026-05-22 06:20:51.518720
06:20:56,32.0,79,2026-05-22 06:20:56.548435
06:21:01,39.2,49,2026-05-22 06:21:01.574448
06:21:06,26.5,55,2026-05-22 06:21:06.593970
06:21:11,37.6,53,2026-05-22 06:21:11.615394
06:21:16,38.5,49,2026-05-22 06:21:16.642393
06:21:21,40.0,84,2026-05-22 06:21:21.670933
06:21:26,28.5,41,2026-05-22 06:21:26.715586
06:21:31,36.2,62,2026-05-22 06:21:31.745999
06:21:36,28.8,57,2026-05-22 06:21:36.769508
06:21:41,32.5,57,2026-05-22 06:21:41.806886
06:21:46,29.2,77,2026-05-22 06:21:46.835435
06:21:51,33.7,74,2026-05-22 06:21:51.868261
06:21:56,25.9,84,2026-05-22 06:21:56.892343
06:22:01,25.5,48,2026-05-22 06:22:01.917587
06:22:06,35.5,63,2026-05-22 06:22:06.939118
06:22:11,39.4,64,2026-05-22 06:22:11.964333
06:22:16,30.8,74,2026-05-22 06:22:16.994692
06:22:22,26.6,82,2026-05-22 06:22:22.023864
06:22:27,35.2,57,2026-05-22 06:22:27.045575
06:22:32,27.4,68,2026-05-22 06:22:32.071645
06:22:37,39.4,63,2026-05-22 06:22:37.098899
06:22:42,29.2,70,2026-05-22 06:22:42.118792
06:22:47,39.3,58,2026-05-22 06:22:47.144877
06:22:52,35.0,45,2026-05-22 06:22:52.171325
06:22:57,28.4,65,2026-05-22 06:22:57.189150
06:23:02,36.4,46,2026-05-22 06:23:02.227596
06:23:07,27.2,53,2026-05-22 06:23:07.253604
06:23:12,34.1,60,2026-05-22 06:23:12.283647
06:23:17,39.5,48,2026-05-22 06:23:17.323262
06:23:22,26.6,90,2026-05-22 06:23:22.352324
06:23:27,38.2,54,2026-05-22 06:23:27.370242
06:23:32,29.2,80,2026-05-22 06:23:32.410683
06:23:37,31.5,66,2026-05-22 06:23:37.493539
06:23:42,26.7,55,2026-05-22 06:23:42.595958
06:23:47,29.9,65,2026-05-22 06:23:47.652178
06:20:11,27.2,53,2026-05-22 06:20:11.251544
06:20:16,27.0,64,2026-05-22 06:20:16.289008
06:20:21,36.7,63,2026-05-22 06:20:21.332783
06:20:26,32.4,57,2026-05-22 06:20:26.358221
06:20:31,35.5,49,2026-05-22 06:20:31.400102
06:20:36,36.0,67,2026-05-22 06:20:36.437102
06:20:41,36.1,53,2026-05-22 06:20:41.467289
06:20:46,36.1,87,2026-05-22 06:20:46.488277
06:20:51,27.9,69,2026-05-22 06:20:51.518720
06:20:56,32.0,79,2026-05-22 06:20:56.548435
06:21:01,39.2,49,2026-05-22 06:21:01.574448
06:21:06,26.5,55,2026-05-22 06:21:06.593970
06:21:11,37.6,53,2026-05-22 06:21:11.615394
06:21:16,38.5,49,2026-05-22 06:21:16.642393
06:21:21,40.0,84,2026-05-22 06:21:21.670933
06:21:26,28.5,41,2026-05-22 06:21:26.715586
06:21:31,36.2,62,2026-05-22 06:21:31.745999
06:21:36,28.8,57,2026-05-22 06:21:36.769508
06:21:41,32.5,57,2026-05-22 06:21:41.806886
06:21:46,29.2,77,2026-05-22 06:21:46.835435
06:21:51,33.7,74,2026-05-22 06:21:51.868261
06:21:56,25.9,84,2026-05-22 06:21:56.892343
06:22:01,25.5,48,2026-05-22 06:22:01.917587
06:22:06,35.5,63,2026-05-22 06:22:06.939118
06:22:11,39.4,64,2026-05-22 06:22:11.964333
06:22:16,30.8,74,2026-05-22 06:22:16.994692
06:22:22,26.6,82,2026-05-22 06:22:22.023864
06:22:27,35.2,57,2026-05-22 06:22:27.045575
06:22:32,27.4,68,2026-05-22 06:22:32.071645
06:22:37,39.4,63,2026-05-22 06:22:37.098899
06:22:42,29.2,70,2026-05-22 06:22:42.118792
06:22:47,39.3,58,2026-05-22 06:22:47.144877
06:22:52,35.0,45,2026-05-22 06:22:52.171325
06:22:57,28.4,65,2026-05-22 06:22:57.189150
06:23:02,36.4,46,2026-05-22 06:23:02.227596
06:23:07,27.2,53,2026-05-22 06:23:07.253604
06:23:12,34.1,60,2026-05-22 06:23:12.283647
06:23:17,39.5,48,2026-05-22 06:23:17.323262
06:23:22,26.6,90,2026-05-22 06:23:22.352324
06:23:27,38.2,54,2026-05-22 06:23:27.370242
06:23:32,29.2,80,2026-05-22 06:23:32.410683
06:23:37,31.5,66,2026-05-22 06:23:37.493539
06:23:42,26.7,55,2026-05-22 06:23:42.595958
06:23:47,29.9,65,2026-05-22 06:23:47.652178
06:23:52,28.4,56,2026-05-22 06:23:52.706354
06:20:11,27.2,53,2026-05-22 06:20:11.251544
06:20:16,27.0,64,2026-05-22 06:20:16.289008
06:20:21,36.7,63,2026-05-22 06:20:21.332783
06:20:26,32.4,57,2026-05-22 06:20:26.358221
06:20:31,35.5,49,2026-05-22 06:20:31.400102
06:20:36,36.0,67,2026-05-22 06:20:36.437102
06:20:41,36.1,53,2026-05-22 06:20:41.467289
06:20:46,36.1,87,2026-05-22 06:20:46.488277
06:20:51,27.9,69,2026-05-22 06:20:51.518720
06:20:56,32.0,79,2026-05-22 06:20:56.548435
06:21:01,39.2,49,2026-05-22 06:21:01.574448
06:21:06,26.5,55,2026-05-22 06:21:06.593970
06:21:11,37.6,53,2026-05-22 06:21:11.615394
06:21:16,38.5,49,2026-05-22 06:21:16.642393
06:21:21,40.0,84,2026-05-22 06:21:21.670933
06:21:26,28.5,41,2026-05-22 06:21:26.715586
06:21:31,36.2,62,2026-05-22 06:21:31.745999
06:21:36,28.8,57,2026-05-22 06:21:36.769508
06:21:41,32.5,57,2026-05-22 06:21:41.806886
06:21:46,29.2,77,2026-05-22 06:21:46.835435
06:21:51,33.7,74,2026-05-22 06:21:51.868261
06:21:56,25.9,84,2026-05-22 06:21:56.892343
06:22:01,25.5,48,2026-05-22 06:22:01.917587
06:22:06,35.5,63,2026-05-22 06:22:06.939118
06:22:11,39.4,64,2026-05-22 06:22:11.964333
06:22:16,30.8,74,2026-05-22 06:22:16.994692
06:22:22,26.6,82,2026-05-22 06:22:22.023864
06:22:27,35.2,57,2026-05-22 06:22:27.045575
06:22:32,27.4,68,2026-05-22 06:22:32.071645
06:22:37,39.4,63,2026-05-22 06:22:37.098899
06:22:42,29.2,70,2026-05-22 06:22:42.118792
06:22:47,39.3,58,2026-05-22 06:22:47.144877
06:22:52,35.0,45,2026-05-22 06:22:52.171325
06:22:57,28.4,65,2026-05-22 06:22:57.189150
06:23:02,36.4,46,2026-05-22 06:23:02.227596
06:23:07,27.2,53,2026-05-22 06:23:07.253604
06:23:12,34.1,60,2026-05-22 06:23:12.283647
06:23:17,39.5,48,2026-05-22 06:23:17.323262
06:23:22,26.6,90,2026-05-22 06:23:22.352324
06:23:27,38.2,54,2026-05-22 06:23:27.370242
06:23:32,29.2,80,2026-05-22 06:23:32.410683
06:23:37,31.5,66,2026-05-22 06:23:37.493539
06:23:42,26.7,55,2026-05-22 06:23:42.595958
06:23:47,29.9,65,2026-05-22 06:23:47.652178
06:23:52,28.4,56,2026-05-22 06:23:52.706354
06:23:57,34.7,48,2026-05-22 06:23:57.737530
06:20:11,27.2,53,2026-05-22 06:20:11.251544
06:20:16,27.0,64,2026-05-22 06:20:16.289008
06:20:21,36.7,63,2026-05-22 06:20:21.332783
06:20:26,32.4,57,2026-05-22 06:20:26.358221
06:20:31,35.5,49,2026-05-22 06:20:31.400102
06:20:36,36.0,67,2026-05-22 06:20:36.437102
06:20:41,36.1,53,2026-05-22 06:20:41.467289
06:20:46,36.1,87,2026-05-22 06:20:46.488277
06:20:51,27.9,69,2026-05-22 06:20:51.518720
06:20:56,32.0,79,2026-05-22 06:20:56.548435
06:21:01,39.2,49,2026-05-22 06:21:01.574448
06:21:06,26.5,55,2026-05-22 06:21:06.593970
06:21:11,37.6,53,2026-05-22 06:21:11.615394
06:21:16,38.5,49,2026-05-22 06:21:16.642393
06:21:21,40.0,84,2026-05-22 06:21:21.670933
06:21:26,28.5,41,2026-05-22 06:21:26.715586
06:21:31,36.2,62,2026-05-22 06:21:31.745999
06:21:36,28.8,57,2026-05-22 06:21:36.769508
06:21:41,32.5,57,2026-05-22 06:21:41.806886
06:21:46,29.2,77,2026-05-22 06:21:46.835435
06:21:51,33.7,74,2026-05-22 06:21:51.868261
06:21:56,25.9,84,2026-05-22 06:21:56.892343
06:22:01,25.5,48,2026-05-22 06:22:01.917587
06:22:06,35.5,63,2026-05-22 06:22:06.939118
06:22:11,39.4,64,2026-05-22 06:22:11.964333
06:22:16,30.8,74,2026-05-22 06:22:16.994692
06:22:22,26.6,82,2026-05-22 06:22:22.023864
06:22:27,35.2,57,2026-05-22 06:22:27.045575
06:22:32,27.4,68,2026-05-22 06:22:32.071645
06:22:37,39.4,63,2026-05-22 06:22:37.098899
06:22:42,29.2,70,2026-05-22 06:22:42.118792
06:22:47,39.3,58,2026-05-22 06:22:47.144877
06:22:52,35.0,45,2026-05-22 06:22:52.171325
06:22:57,28.4,65,2026-05-22 06:22:57.189150
06:23:02,36.4,46,2026-05-22 06:23:02.227596
06:23:07,27.2,53,2026-05-22 06:23:07.253604
06:23:12,34.1,60,2026-05-22 06:23:12.283647
06:23:17,39.5,48,2026-05-22 06:23:17.323262
06:23:22,26.6,90,2026-05-22 06:23:22.352324
06:23:27,38.2,54,2026-05-22 06:23:27.370242
06:23:32,29.2,80,2026-05-22 06:23:32.410683
06:23:37,31.5,66,2026-05-22 06:23:37.493539
06:23:42,26.7,55,2026-05-22 06:23:42.595958
06:23:47,29.9,65,2026-05-22 06:23:47.652178
06:23:52,28.4,56,2026-05-22 06:23:52.706354
06:23:57,34.7,48,2026-05-22 06:23:57.737530
06:24:02,34.4,79,2026-05-22 06:24:02.769957
06:20:11,27.2,53,2026-05-22 06:20:11.251544
06:20:16,27.0,64,2026-05-22 06:20:16.289008
06:20:21,36.7,63,2026-05-22 06:20:21.332783
06:20:26,32.4,57,2026-05-22 06:20:26.358221
06:20:31,35.5,49,2026-05-22 06:20:31.400102
06:20:36,36.0,67,2026-05-22 06:20:36.437102
06:20:41,36.1,53,2026-05-22 06:20:41.467289
06:20:46,36.1,87,2026-05-22 06:20:46.488277
06:20:51,27.9,69,2026-05-22 06:20:51.518720
06:20:56,32.0,79,2026-05-22 06:20:56.548435
06:21:01,39.2,49,2026-05-22 06:21:01.574448
06:21:06,26.5,55,2026-05-22 06:21:06.593970
06:21:11,37.6,53,2026-05-22 06:21:11.615394
06:21:16,38.5,49,2026-05-22 06:21:16.642393
06:21:21,40.0,84,2026-05-22 06:21:21.670933
06:21:26,28.5,41,2026-05-22 06:21:26.715586
06:21:31,36.2,62,2026-05-22 06:21:31.745999
06:21:36,28.8,57,2026-05-22 06:21:36.769508
06:21:41,32.5,57,2026-05-22 06:21:41.806886
06:21:46,29.2,77,2026-05-22 06:21:46.835435
06:21:51,33.7,74,2026-05-22 06:21:51.868261
06:21:56,25.9,84,2026-05-22 06:21:56.892343
06:22:01,25.5,48,2026-05-22 06:22:01.917587
06:22:06,35.5,63,2026-05-22 06:22:06.939118
06:22:11,39.4,64,2026-05-22 06:22:11.964333
06:22:16,30.8,74,2026-05-22 06:22:16.994692
06:22:22,26.6,82,2026-05-22 06:22:22.023864
06:22:27,35.2,57,2026-05-22 06:22:27.045575
06:22:32,27.4,68,2026-05-22 06:22:32.071645
06:22:37,39.4,63,2026-05-22 06:22:37.098899
06:22:42,29.2,70,2026-05-22 06:22:42.118792
06:22:47,39.3,58,2026-05-22 06:22:47.144877
06:22:52,35.0,45,2026-05-22 06:22:52.171325
06:22:57,28.4,65,2026-05-22 06:22:57.189150
06:23:02,36.4,46,2026-05-22 06:23:02.227596
06:23:07,27.2,53,2026-05-22 06:23:07.253604
06:23:12,34.1,60,2026-05-22 06:23:12.283647
06:23:17,39.5,48,2026-05-22 06:23:17.323262
06:23:22,26.6,90,2026-05-22 06:23:22.352324
06:23:27,38.2,54,2026-05-22 06:23:27.370242
06:23:32,29.2,80,2026-05-22 06:23:32.410683
06:23:37,31.5,66,2026-05-22 06:23:37.493539
06:23:42,26.7,55,2026-05-22 06:23:42.595958
06:23:47,29.9,65,2026-05-22 06:23:47.652178
06:23:52,28.4,56,2026-05-22 06:23:52.706354
06:23:57,34.7,48,2026-05-22 06:23:57.737530
06:24:02,34.4,79,2026-05-22 06:24:02.769957
06:24:07,27.0,56,2026-05-22 06:24:07.791586
06:20:11,27.2,53,2026-05-22 06:20:11.251544
06:20:16,27.0,64,2026-05-22 06:20:16.289008
06:20:21,36.7,63,2026-05-22 06:20:21.332783
06:20:26,32.4,57,2026-05-22 06:20:26.358221
06:20:31,35.5,49,2026-05-22 06:20:31.400102
06:20:36,36.0,67,2026-05-22 06:20:36.437102
06:20:41,36.1,53,2026-05-22 06:20:41.467289
06:20:46,36.1,87,2026-05-22 06:20:46.488277
06:20:51,27.9,69,2026-05-22 06:20:51.518720
06:20:56,32.0,79,2026-05-22 06:20:56.548435
06:21:01,39.2,49,2026-05-22 06:21:01.574448
06:21:06,26.5,55,2026-05-22 06:21:06.593970
06:21:11,37.6,53,2026-05-22 06:21:11.615394
06:21:16,38.5,49,2026-05-22 06:21:16.642393
06:21:21,40.0,84,2026-05-22 06:21:21.670933
06:21:26,28.5,41,2026-05-22 06:21:26.715586
06:21:31,36.2,62,2026-05-22 06:21:31.745999
06:21:36,28.8,57,2026-05-22 06:21:36.769508
06:21:41,32.5,57,2026-05-22 06:21:41.806886
06:21:46,29.2,77,2026-05-22 06:21:46.835435
06:21:51,33.7,74,2026-05-22 06:21:51.868261
06:21:56,25.9,84,2026-05-22 06:21:56.892343
06:22:01,25.5,48,2026-05-22 06:22:01.917587
06:22:06,35.5,63,2026-05-22 06:22:06.939118
06:22:11,39.4,64,2026-05-22 06:22:11.964333
06:22:16,30.8,74,2026-05-22 06:22:16.994692
06:22:22,26.6,82,2026-05-22 06:22:22.023864
06:22:27,35.2,57,2026-05-22 06:22:27.045575
06:22:32,27.4,68,2026-05-22 06:22:32.071645
06:22:37,39.4,63,2026-05-22 06:22:37.098899
06:22:42,29.2,70,2026-05-22 06:22:42.118792
06:22:47,39.3,58,2026-05-22 06:22:47.144877
06:22:52,35.0,45,2026-05-22 06:22:52.171325
06:22:57,28.4,65,2026-05-22 06:22:57.189150
06:23:02,36.4,46,2026-05-22 06:23:02.227596
06:23:07,27.2,53,2026-05-22 06:23:07.253604
06:23:12,34.1,60,2026-05-22 06:23:12.283647
06:23:17,39.5,48,2026-05-22 06:23:17.323262
06:23:22,26.6,90,2026-05-22 06:23:22.352324
06:23:27,38.2,54,2026-05-22 06:23:27.370242
06:23:32,29.2,80,2026-05-22 06:23:32.410683
06:23:37,31.5,66,2026-05-22 06:23:37.493539
06:23:42,26.7,55,2026-05-22 06:23:42.595958
06:23:47,29.9,65,2026-05-22 06:23:47.652178
06:23:52,28.4,56,2026-05-22 06:23:52.706354
06:23:57,34.7,48,2026-05-22 06:23:57.737530
06:24:02,34.4,79,2026-05-22 06:24:02.769957
06:24:07,27.0,56,2026-05-22 06:24:07.791586
06:24:12,26.2,60,2026-05-22 06:24:12.837553
06:20:11,27.2,53,2026-05-22 06:20:11.251544
06:20:16,27.0,64,2026-05-22 06:20:16.289008
06:20:21,36.7,63,2026-05-22 06:20:21.332783
06:20:26,32.4,57,2026-05-22 06:20:26.358221
06:20:31,35.5,49,2026-05-22 06:20:31.400102
06:20:36,36.0,67,2026-05-22 06:20:36.437102
06:20:41,36.1,53,2026-05-22 06:20:41.467289
06:20:46,36.1,87,2026-05-22 06:20:46.488277
06:20:51,27.9,69,2026-05-22 06:20:51.518720
06:20:56,32.0,79,2026-05-22 06:20:56.548435
06:21:01,39.2,49,2026-05-22 06:21:01.574448
06:21:06,26.5,55,2026-05-22 06:21:06.593970
06:21:11,37.6,53,2026-05-22 06:21:11.615394
06:21:16,38.5,49,2026-05-22 06:21:16.642393
06:21:21,40.0,84,2026-05-22 06:21:21.670933
06:21:26,28.5,41,2026-05-22 06:21:26.715586
06:21:31,36.2,62,2026-05-22 06:21:31.745999
06:21:36,28.8,57,2026-05-22 06:21:36.769508
06:21:41,32.5,57,2026-05-22 06:21:41.806886
06:21:46,29.2,77,2026-05-22 06:21:46.835435
06:21:51,33.7,74,2026-05-22 06:21:51.868261
06:21:56,25.9,84,2026-05-22 06:21:56.892343
06:22:01,25.5,48,2026-05-22 06:22:01.917587
06:22:06,35.5,63,2026-05-22 06:22:06.939118
06:22:11,39.4,64,2026-05-22 06:22:11.964333
06:22:16,30.8,74,2026-05-22 06:22:16.994692
06:22:22,26.6,82,2026-05-22 06:22:22.023864
06:22:27,35.2,57,2026-05-22 06:22:27.045575
06:22:32,27.4,68,2026-05-22 06:22:32.071645
06:22:37,39.4,63,2026-05-22 06:22:37.098899
06:22:42,29.2,70,2026-05-22 06:22:42.118792
06:22:47,39.3,58,2026-05-22 06:22:47.144877
06:22:52,35.0,45,2026-05-22 06:22:52.171325
06:22:57,28.4,65,2026-05-22 06:22:57.189150
06:23:02,36.4,46,2026-05-22 06:23:02.227596
06:23:07,27.2,53,2026-05-22 06:23:07.253604
06:23:12,34.1,60,2026-05-22 06:23:12.283647
06:23:17,39.5,48,2026-05-22 06:23:17.323262
06:23:22,26.6,90,2026-05-22 06:23:22.352324
06:23:27,38.2,54,2026-05-22 06:23:27.370242
06:23:32,29.2,80,2026-05-22 06:23:32.410683
06:23:37,31.5,66,2026-05-22 06:23:37.493539
06:23:42,26.7,55,2026-05-22 06:23:42.595958
06:23:47,29.9,65,2026-05-22 06:23:47.652178
06:23:52,28.4,56,2026-05-22 06:23:52.706354
06:23:57,34.7,48,2026-05-22 06:23:57.737530
06:24:02,34.4,79,2026-05-22 06:24:02.769957
06:24:07,27.0,56,2026-05-22 06:24:07.791586
06:24:12,26.2,60,2026-05-22 06:24:12.837553
06:24:17,33.0,90,2026-05-22 06:24:17.873169
06:20:16,27.0,64,2026-05-22 06:20:16.289008
06:20:21,36.7,63,2026-05-22 06:20:21.332783
06:20:26,32.4,57,2026-05-22 06:20:26.358221
06:20:31,35.5,49,2026-05-22 06:20:31.400102
06:20:36,36.0,67,2026-05-22 06:20:36.437102
06:20:41,36.1,53,2026-05-22 06:20:41.467289
06:20:46,36.1,87,2026-05-22 06:20:46.488277
06:20:51,27.9,69,2026-05-22 06:20:51.518720
06:20:56,32.0,79,2026-05-22 06:20:56.548435
06:21:01,39.2,49,2026-05-22 06:21:01.574448
06:21:06,26.5,55,2026-05-22 06:21:06.593970
06:21:11,37.6,53,2026-05-22 06:21:11.615394
06:21:16,38.5,49,2026-05-22 06:21:16.642393
06:21:21,40.0,84,2026-05-22 06:21:21.670933
06:21:26,28.5,41,2026-05-22 06:21:26.715586
06:21:31,36.2,62,2026-05-22 06:21:31.745999
06:21:36,28.8,57,2026-05-22 06:21:36.769508
06:21:41,32.5,57,2026-05-22 06:21:41.806886
06:21:46,29.2,77,2026-05-22 06:21:46.835435
06:21:51,33.7,74,2026-05-22 06:21:51.868261
06:21:56,25.9,84,2026-05-22 06:21:56.892343
06:22:01,25.5,48,2026-05-22 06:22:01.917587
06:22:06,35.5,63,2026-05-22 06:22:06.939118
06:22:11,39.4,64,2026-05-22 06:22:11.964333
06:22:16,30.8,74,2026-05-22 06:22:16.994692
06:22:22,26.6,82,2026-05-22 06:22:22.023864
06:22:27,35.2,57,2026-05-22 06:22:27.045575
06:22:32,27.4,68,2026-05-22 06:22:32.071645
06:22:37,39.4,63,2026-05-22 06:22:37.098899
06:22:42,29.2,70,2026-05-22 06:22:42.118792
06:22:47,39.3,58,2026-05-22 06:22:47.144877
06:22:52,35.0,45,2026-05-22 06:22:52.171325
06:22:57,28.4,65,2026-05-22 06:22:57.189150
06:23:02,36.4,46,2026-05-22 06:23:02.227596
06:23:07,27.2,53,2026-05-22 06:23:07.253604
06:23:12,34.1,60,2026-05-22 06:23:12.283647
06:23:17,39.5,48,2026-05-22 06:23:17.323262
06:23:22,26.6,90,2026-05-22 06:23:22.352324
06:23:27,38.2,54,2026-05-22 06:23:27.370242
06:23:32,29.2,80,2026-05-22 06:23:32.410683
06:23:37,31.5,66,2026-05-22 06:23:37.493539
06:23:42,26.7,55,2026-05-22 06:23:42.595958
06:23:47,29.9,65,2026-05-22 06:23:47.652178
06:23:52,28.4,56,2026-05-22 06:23:52.706354
06:23:57,34.7,48,2026-05-22 06:23:57.737530
06:24:02,34.4,79,2026-05-22 06:24:02.769957
06:24:07,27.0,56,2026-05-22 06:24:07.791586
06:24:12,26.2,60,2026-05-22 06:24:12.837553
06:24:17,33.0,90,2026-05-22 06:24:17.873169
06:24:22,36.8,44,2026-05-22 06:24:22.904102
06:20:21,36.7,63,2026-05-22 06:20:21.332783
06:20:26,32.4,57,2026-05-22 06:20:26.358221
06:20:31,35.5,49,2026-05-22 06:20:31.400102
06:20:36,36.0,67,2026-05-22 06:20:36.437102
06:20:41,36.1,53,2026-05-22 06:20:41.467289
06:20:46,36.1,87,2026-05-22 06:20:46.488277
06:20:51,27.9,69,2026-05-22 06:20:51.518720
06:20:56,32.0,79,2026-05-22 06:20:56.548435
06:21:01,39.2,49,2026-05-22 06:21:01.574448
06:21:06,26.5,55,2026-05-22 06:21:06.593970
06:21:11,37.6,53,2026-05-22 06:21:11.615394
06:21:16,38.5,49,2026-05-22 06:21:16.642393
06:21:21,40.0,84,2026-05-22 06:21:21.670933
06:21:26,28.5,41,2026-05-22 06:21:26.715586
06:21:31,36.2,62,2026-05-22 06:21:31.745999
06:21:36,28.8,57,2026-05-22 06:21:36.769508
06:21:41,32.5,57,2026-05-22 06:21:41.806886
06:21:46,29.2,77,2026-05-22 06:21:46.835435
06:21:51,33.7,74,2026-05-22 06:21:51.868261
06:21:56,25.9,84,2026-05-22 06:21:56.892343
06:22:01,25.5,48,2026-05-22 06:22:01.917587
06:22:06,35.5,63,2026-05-22 06:22:06.939118
06:22:11,39.4,64,2026-05-22 06:22:11.964333
06:22:16,30.8,74,2026-05-22 06:22:16.994692
06:22:22,26.6,82,2026-05-22 06:22:22.023864
06:22:27,35.2,57,2026-05-22 06:22:27.045575
06:22:32,27.4,68,2026-05-22 06:22:32.071645
06:22:37,39.4,63,2026-05-22 06:22:37.098899
06:22:42,29.2,70,2026-05-22 06:22:42.118792
06:22:47,39.3,58,2026-05-22 06:22:47.144877
06:22:52,35.0,45,2026-05-22 06:22:52.171325
06:22:57,28.4,65,2026-05-22 06:22:57.189150
06:23:02,36.4,46,2026-05-22 06:23:02.227596
06:23:07,27.2,53,2026-05-22 06:23:07.253604
06:23:12,34.1,60,2026-05-22 06:23:12.283647
06:23:17,39.5,48,2026-05-22 06:23:17.323262
06:23:22,26.6,90,2026-05-22 06:23:22.352324
06:23:27,38.2,54,2026-05-22 06:23:27.370242
06:23:32,29.2,80,2026-05-22 06:23:32.410683
06:23:37,31.5,66,2026-05-22 06:23:37.493539
06:23:42,26.7,55,2026-05-22 06:23:42.595958
06:23:47,29.9,65,2026-05-22 06:23:47.652178
06:23:52,28.4,56,2026-05-22 06:23:52.706354
06:23:57,34.7,48,2026-05-22 06:23:57.737530
06:24:02,34.4,79,2026-05-22 06:24:02.769957
06:24:07,27.0,56,2026-05-22 06:24:07.791586
06:24:12,26.2,60,2026-05-22 06:24:12.837553
06:24:17,33.0,90,2026-05-22 06:24:17.873169
06:24:22,36.8,44,2026-05-22 06:24:22.904102
06:24:27,35.5,79,2026-05-22 06:24:27.945679
06:20:26,32.4,57,2026-05-22 06:20:26.358221
06:20:31,35.5,49,2026-05-22 06:20:31.400102
06:20:36,36.0,67,2026-05-22 06:20:36.437102
06:20:41,36.1,53,2026-05-22 06:20:41.467289
06:20:46,36.1,87,2026-05-22 06:20:46.488277
06:20:51,27.9,69,2026-05-22 06:20:51.518720
06:20:56,32.0,79,2026-05-22 06:20:56.548435
06:21:01,39.2,49,2026-05-22 06:21:01.574448
06:21:06,26.5,55,2026-05-22 06:21:06.593970
06:21:11,37.6,53,2026-05-22 06:21:11.615394
06:21:16,38.5,49,2026-05-22 06:21:16.642393
06:21:21,40.0,84,2026-05-22 06:21:21.670933
06:21:26,28.5,41,2026-05-22 06:21:26.715586
06:21:31,36.2,62,2026-05-22 06:21:31.745999
06:21:36,28.8,57,2026-05-22 06:21:36.769508
06:21:41,32.5,57,2026-05-22 06:21:41.806886
06:21:46,29.2,77,2026-05-22 06:21:46.835435
06:21:51,33.7,74,2026-05-22 06:21:51.868261
06:21:56,25.9,84,2026-05-22 06:21:56.892343
06:22:01,25.5,48,2026-05-22 06:22:01.917587
06:22:06,35.5,63,2026-05-22 06:22:06.939118
06:22:11,39.4,64,2026-05-22 06:22:11.964333
06:22:16,30.8,74,2026-05-22 06:22:16.994692
06:22:22,26.6,82,2026-05-22 06:22:22.023864
06:22:27,35.2,57,2026-05-22 06:22:27.045575
06:22:32,27.4,68,2026-05-22 06:22:32.071645
06:22:37,39.4,63,2026-05-22 06:22:37.098899
06:22:42,29.2,70,2026-05-22 06:22:42.118792
06:22:47,39.3,58,2026-05-22 06:22:47.144877
06:22:52,35.0,45,2026-05-22 06:22:52.171325
06:22:57,28.4,65,2026-05-22 06:22:57.189150
06:23:02,36.4,46,2026-05-22 06:23:02.227596
06:23:07,27.2,53,2026-05-22 06:23:07.253604
06:23:12,34.1,60,2026-05-22 06:23:12.283647
06:23:17,39.5,48,2026-05-22 06:23:17.323262
06:23:22,26.6,90,2026-05-22 06:23:22.352324
06:23:27,38.2,54,2026-05-22 06:23:27.370242
06:23:32,29.2,80,2026-05-22 06:23:32.410683
06:23:37,31.5,66,2026-05-22 06:23:37.493539
06:23:42,26.7,55,2026-05-22 06:23:42.595958
06:23:47,29.9,65,2026-05-22 06:23:47.652178
06:23:52,28.4,56,2026-05-22 06:23:52.706354
06:23:57,34.7,48,2026-05-22 06:23:57.737530
06:24:02,34.4,79,2026-05-22 06:24:02.769957
06:24:07,27.0,56,2026-05-22 06:24:07.791586
06:24:12,26.2,60,2026-05-22 06:24:12.837553
06:24:17,33.0,90,2026-05-22 06:24:17.873169
06:24:22,36.8,44,2026-05-22 06:24:22.904102
06:24:27,35.5,79,2026-05-22 06:24:27.945679
06:24:32,36.4,81,2026-05-22 06:24:32.997583
06:20:31,35.5,49,2026-05-22 06:20:31.400102
06:20:36,36.0,67,2026-05-22 06:20:36.437102
06:20:41,36.1,53,2026-05-22 06:20:41.467289
06:20:46,36.1,87,2026-05-22 06:20:46.488277
06:20:51,27.9,69,2026-05-22 06:20:51.518720
06:20:56,32.0,79,2026-05-22 06:20:56.548435
06:21:01,39.2,49,2026-05-22 06:21:01.574448
06:21:06,26.5,55,2026-05-22 06:21:06.593970
06:21:11,37.6,53,2026-05-22 06:21:11.615394
06:21:16,38.5,49,2026-05-22 06:21:16.642393
06:21:21,40.0,84,2026-05-22 06:21:21.670933
06:21:26,28.5,41,2026-05-22 06:21:26.715586
06:21:31,36.2,62,2026-05-22 06:21:31.745999
06:21:36,28.8,57,2026-05-22 06:21:36.769508
06:21:41,32.5,57,2026-05-22 06:21:41.806886
06:21:46,29.2,77,2026-05-22 06:21:46.835435
06:21:51,33.7,74,2026-05-22 06:21:51.868261
06:21:56,25.9,84,2026-05-22 06:21:56.892343
06:22:01,25.5,48,2026-05-22 06:22:01.917587
06:22:06,35.5,63,2026-05-22 06:22:06.939118
06:22:11,39.4,64,2026-05-22 06:22:11.964333
06:22:16,30.8,74,2026-05-22 06:22:16.994692
06:22:22,26.6,82,2026-05-22 06:22:22.023864
06:22:27,35.2,57,2026-05-22 06:22:27.045575
06:22:32,27.4,68,2026-05-22 06:22:32.071645
06:22:37,39.4,63,2026-05-22 06:22:37.098899
06:22:42,29.2,70,2026-05-22 06:22:42.118792
06:22:47,39.3,58,2026-05-22 06:22:47.144877
06:22:52,35.0,45,2026-05-22 06:22:52.171325
06:22:57,28.4,65,2026-05-22 06:22:57.189150
06:23:02,36.4,46,2026-05-22 06:23:02.227596
06:23:07,27.2,53,2026-05-22 06:23:07.253604
06:23:12,34.1,60,2026-05-22 06:23:12.283647
06:23:17,39.5,48,2026-05-22 06:23:17.323262
06:23:22,26.6,90,2026-05-22 06:23:22.352324
06:23:27,38.2,54,2026-05-22 06:23:27.370242
06:23:32,29.2,80,2026-05-22 06:23:32.410683
06:23:37,31.5,66,2026-05-22 06:23:37.493539
06:23:42,26.7,55,2026-05-22 06:23:42.595958
06:23:47,29.9,65,2026-05-22 06:23:47.652178
06:23:52,28.4,56,2026-05-22 06:23:52.706354
06:23:57,34.7,48,2026-05-22 06:23:57.737530
06:24:02,34.4,79,2026-05-22 06:24:02.769957
06:24:07,27.0,56,2026-05-22 06:24:07.791586
06:24:12,26.2,60,2026-05-22 06:24:12.837553
06:24:17,33.0,90,2026-05-22 06:24:17.873169
06:24:22,36.8,44,2026-05-22 06:24:22.904102
06:24:27,35.5,79,2026-05-22 06:24:27.945679
06:24:32,36.4,81,2026-05-22 06:24:32.997583
06:24:38,38.2,60,2026-05-22 06:24:38.032009
06:20:36,36.0,67,2026-05-22 06:20:36.437102
06:20:41,36.1,53,2026-05-22 06:20:41.467289
06:20:46,36.1,87,2026-05-22 06:20:46.488277
06:20:51,27.9,69,2026-05-22 06:20:51.518720
06:20:56,32.0,79,2026-05-22 06:20:56.548435
06:21:01,39.2,49,2026-05-22 06:21:01.574448
06:21:06,26.5,55,2026-05-22 06:21:06.593970
06:21:11,37.6,53,2026-05-22 06:21:11.615394
06:21:16,38.5,49,2026-05-22 06:21:16.642393
06:21:21,40.0,84,2026-05-22 06:21:21.670933
06:21:26,28.5,41,2026-05-22 06:21:26.715586
06:21:31,36.2,62,2026-05-22 06:21:31.745999
06:21:36,28.8,57,2026-05-22 06:21:36.769508
06:21:41,32.5,57,2026-05-22 06:21:41.806886
06:21:46,29.2,77,2026-05-22 06:21:46.835435
06:21:51,33.7,74,2026-05-22 06:21:51.868261
06:21:56,25.9,84,2026-05-22 06:21:56.892343
06:22:01,25.5,48,2026-05-22 06:22:01.917587
06:22:06,35.5,63,2026-05-22 06:22:06.939118
06:22:11,39.4,64,2026-05-22 06:22:11.964333
06:22:16,30.8,74,2026-05-22 06:22:16.994692
06:22:22,26.6,82,2026-05-22 06:22:22.023864
06:22:27,35.2,57,2026-05-22 06:22:27.045575
06:22:32,27.4,68,2026-05-22 06:22:32.071645
06:22:37,39.4,63,2026-05-22 06:22:37.098899
06:22:42,29.2,70,2026-05-22 06:22:42.118792
06:22:47,39.3,58,2026-05-22 06:22:47.144877
06:22:52,35.0,45,2026-05-22 06:22:52.171325
06:22:57,28.4,65,2026-05-22 06:22:57.189150
06:23:02,36.4,46,2026-05-22 06:23:02.227596
06:23:07,27.2,53,2026-05-22 06:23:07.253604
06:23:12,34.1,60,2026-05-22 06:23:12.283647
06:23:17,39.5,48,2026-05-22 06:23:17.323262
06:23:22,26.6,90,2026-05-22 06:23:22.352324
06:23:27,38.2,54,2026-05-22 06:23:27.370242
06:23:32,29.2,80,2026-05-22 06:23:32.410683
06:23:37,31.5,66,2026-05-22 06:23:37.493539
06:23:42,26.7,55,2026-05-22 06:23:42.595958
06:23:47,29.9,65,2026-05-22 06:23:47.652178
06:23:52,28.4,56,2026-05-22 06:23:52.706354
06:23:57,34.7,48,2026-05-22 06:23:57.737530
06:24:02,34.4,79,2026-05-22 06:24:02.769957
06:24:07,27.0,56,2026-05-22 06:24:07.791586
06:24:12,26.2,60,2026-05-22 06:24:12.837553
06:24:17,33.0,90,2026-05-22 06:24:17.873169
06:24:22,36.8,44,2026-05-22 06:24:22.904102
06:24:27,35.5,79,2026-05-22 06:24:27.945679
06:24:32,36.4,81,2026-05-22 06:24:32.997583
06:24:38,38.2,60,2026-05-22 06:24:38.032009
06:24:43,25.9,57,2026-05-22 06:24:43.065641
06:20:41,36.1,53,2026-05-22 06:20:41.467289
06:20:46,36.1,87,2026-05-22 06:20:46.488277
06:20:51,27.9,69,2026-05-22 06:20:51.518720
06:20:56,32.0,79,2026-05-22 06:20:56.548435
06:21:01,39.2,49,2026-05-22 06:21:01.574448
06:21:06,26.5,55,2026-05-22 06:21:06.593970
06:21:11,37.6,53,2026-05-22 06:21:11.615394
06:21:16,38.5,49,2026-05-22 06:21:16.642393
06:21:21,40.0,84,2026-05-22 06:21:21.670933
06:21:26,28.5,41,2026-05-22 06:21:26.715586
06:21:31,36.2,62,2026-05-22 06:21:31.745999
06:21:36,28.8,57,2026-05-22 06:21:36.769508
06:21:41,32.5,57,2026-05-22 06:21:41.806886
06:21:46,29.2,77,2026-05-22 06:21:46.835435
06:21:51,33.7,74,2026-05-22 06:21:51.868261
06:21:56,25.9,84,2026-05-22 06:21:56.892343
06:22:01,25.5,48,2026-05-22 06:22:01.917587
06:22:06,35.5,63,2026-05-22 06:22:06.939118
06:22:11,39.4,64,2026-05-22 06:22:11.964333
06:22:16,30.8,74,2026-05-22 06:22:16.994692
06:22:22,26.6,82,2026-05-22 06:22:22.023864
06:22:27,35.2,57,2026-05-22 06:22:27.045575
06:22:32,27.4,68,2026-05-22 06:22:32.071645
06:22:37,39.4,63,2026-05-22 06:22:37.098899
06:22:42,29.2,70,2026-05-22 06:22:42.118792
06:22:47,39.3,58,2026-05-22 06:22:47.144877
06:22:52,35.0,45,2026-05-22 06:22:52.171325
06:22:57,28.4,65,2026-05-22 06:22:57.189150
06:23:02,36.4,46,2026-05-22 06:23:02.227596
06:23:07,27.2,53,2026-05-22 06:23:07.253604
06:23:12,34.1,60,2026-05-22 06:23:12.283647
06:23:17,39.5,48,2026-05-22 06:23:17.323262
06:23:22,26.6,90,2026-05-22 06:23:22.352324
06:23:27,38.2,54,2026-05-22 06:23:27.370242
06:23:32,29.2,80,2026-05-22 06:23:32.410683
06:23:37,31.5,66,2026-05-22 06:23:37.493539
06:23:42,26.7,55,2026-05-22 06:23:42.595958
06:23:47,29.9,65,2026-05-22 06:23:47.652178
06:23:52,28.4,56,2026-05-22 06:23:52.706354
06:23:57,34.7,48,2026-05-22 06:23:57.737530
06:24:02,34.4,79,2026-05-22 06:24:02.769957
06:24:07,27.0,56,2026-05-22 06:24:07.791586
06:24:12,26.2,60,2026-05-22 06:24:12.837553
06:24:17,33.0,90,2026-05-22 06:24:17.873169
06:24:22,36.8,44,2026-05-22 06:24:22.904102
06:24:27,35.5,79,2026-05-22 06:24:27.945679
06:24:32,36.4,81,2026-05-22 06:24:32.997583
06:24:38,38.2,60,2026-05-22 06:24:38.032009
06:24:43,25.9,57,2026-05-22 06:24:43.065641
06:24:48,31.7,43,2026-05-22 06:24:48.103883
06:20:46,36.1,87,2026-05-22 06:20:46.488277
06:20:51,27.9,69,2026-05-22 06:20:51.518720
06:20:56,32.0,79,2026-05-22 06:20:56.548435
06:21:01,39.2,49,2026-05-22 06:21:01.574448
06:21:06,26.5,55,2026-05-22 06:21:06.593970
06:21:11,37.6,53,2026-05-22 06:21:11.615394
06:21:16,38.5,49,2026-05-22 06:21:16.642393
06:21:21,40.0,84,2026-05-22 06:21:21.670933
06:21:26,28.5,41,2026-05-22 06:21:26.715586
06:21:31,36.2,62,2026-05-22 06:21:31.745999
06:21:36,28.8,57,2026-05-22 06:21:36.769508
06:21:41,32.5,57,2026-05-22 06:21:41.806886
06:21:46,29.2,77,2026-05-22 06:21:46.835435
06:21:51,33.7,74,2026-05-22 06:21:51.868261
06:21:56,25.9,84,2026-05-22 06:21:56.892343
06:22:01,25.5,48,2026-05-22 06:22:01.917587
06:22:06,35.5,63,2026-05-22 06:22:06.939118
06:22:11,39.4,64,2026-05-22 06:22:11.964333
06:22:16,30.8,74,2026-05-22 06:22:16.994692
06:22:22,26.6,82,2026-05-22 06:22:22.023864
06:22:27,35.2,57,2026-05-22 06:22:27.045575
06:22:32,27.4,68,2026-05-22 06:22:32.071645
06:22:37,39.4,63,2026-05-22 06:22:37.098899
06:22:42,29.2,70,2026-05-22 06:22:42.118792
06:22:47,39.3,58,2026-05-22 06:22:47.144877
06:22:52,35.0,45,2026-05-22 06:22:52.171325
06:22:57,28.4,65,2026-05-22 06:22:57.189150
06:23:02,36.4,46,2026-05-22 06:23:02.227596
06:23:07,27.2,53,2026-05-22 06:23:07.253604
06:23:12,34.1,60,2026-05-22 06:23:12.283647
06:23:17,39.5,48,2026-05-22 06:23:17.323262
06:23:22,26.6,90,2026-05-22 06:23:22.352324
06:23:27,38.2,54,2026-05-22 06:23:27.370242
06:23:32,29.2,80,2026-05-22 06:23:32.410683
06:23:37,31.5,66,2026-05-22 06:23:37.493539
06:23:42,26.7,55,2026-05-22 06:23:42.595958
06:23:47,29.9,65,2026-05-22 06:23:47.652178
06:23:52,28.4,56,2026-05-22 06:23:52.706354
06:23:57,34.7,48,2026-05-22 06:23:57.737530
06:24:02,34.4,79,2026-05-22 06:24:02.769957
06:24:07,27.0,56,2026-05-22 06:24:07.791586
06:24:12,26.2,60,2026-05-22 06:24:12.837553
06:24:17,33.0,90,2026-05-22 06:24:17.873169
06:24:22,36.8,44,2026-05-22 06:24:22.904102
06:24:27,35.5,79,2026-05-22 06:24:27.945679
06:24:32,36.4,81,2026-05-22 06:24:32.997583
06:24:38,38.2,60,2026-05-22 06:24:38.032009
06:24:43,25.9,57,2026-05-22 06:24:43.065641
06:24:48,31.7,43,2026-05-22 06:24:48.103883
06:24:53,27.5,62,2026-05-22 06:24:53.138250
06:20:51,27.9,69,2026-05-22 06:20:51.518720
06:20:56,32.0,79,2026-05-22 06:20:56.548435
06:21:01,39.2,49,2026-05-22 06:21:01.574448
06:21:06,26.5,55,2026-05-22 06:21:06.593970
06:21:11,37.6,53,2026-05-22 06:21:11.615394
06:21:16,38.5,49,2026-05-22 06:21:16.642393
06:21:21,40.0,84,2026-05-22 06:21:21.670933
06:21:26,28.5,41,2026-05-22 06:21:26.715586
06:21:31,36.2,62,2026-05-22 06:21:31.745999
06:21:36,28.8,57,2026-05-22 06:21:36.769508
06:21:41,32.5,57,2026-05-22 06:21:41.806886
06:21:46,29.2,77,2026-05-22 06:21:46.835435
06:21:51,33.7,74,2026-05-22 06:21:51.868261
06:21:56,25.9,84,2026-05-22 06:21:56.892343
06:22:01,25.5,48,2026-05-22 06:22:01.917587
06:22:06,35.5,63,2026-05-22 06:22:06.939118
06:22:11,39.4,64,2026-05-22 06:22:11.964333
06:22:16,30.8,74,2026-05-22 06:22:16.994692
06:22:22,26.6,82,2026-05-22 06:22:22.023864
06:22:27,35.2,57,2026-05-22 06:22:27.045575
06:22:32,27.4,68,2026-05-22 06:22:32.071645
06:22:37,39.4,63,2026-05-22 06:22:37.098899
06:22:42,29.2,70,2026-05-22 06:22:42.118792
06:22:47,39.3,58,2026-05-22 06:22:47.144877
06:22:52,35.0,45,2026-05-22 06:22:52.171325
06:22:57,28.4,65,2026-05-22 06:22:57.189150
06:23:02,36.4,46,2026-05-22 06:23:02.227596
06:23:07,27.2,53,2026-05-22 06:23:07.253604
06:23:12,34.1,60,2026-05-22 06:23:12.283647
06:23:17,39.5,48,2026-05-22 06:23:17.323262
06:23:22,26.6,90,2026-05-22 06:23:22.352324
06:23:27,38.2,54,2026-05-22 06:23:27.370242
06:23:32,29.2,80,2026-05-22 06:23:32.410683
06:23:37,31.5,66,2026-05-22 06:23:37.493539
06:23:42,26.7,55,2026-05-22 06:23:42.595958
06:23:47,29.9,65,2026-05-22 06:23:47.652178
06:23:52,28.4,56,2026-05-22 06:23:52.706354
06:23:57,34.7,48,2026-05-22 06:23:57.737530
06:24:02,34.4,79,2026-05-22 06:24:02.769957
06:24:07,27.0,56,2026-05-22 06:24:07.791586
06:24:12,26.2,60,2026-05-22 06:24:12.837553
06:24:17,33.0,90,2026-05-22 06:24:17.873169
06:24:22,36.8,44,2026-05-22 06:24:22.904102
06:24:27,35.5,79,2026-05-22 06:24:27.945679
06:24:32,36.4,81,2026-05-22 06:24:32.997583
06:24:38,38.2,60,2026-05-22 06:24:38.032009
06:24:43,25.9,57,2026-05-22 06:24:43.065641
06:24:48,31.7,43,2026-05-22 06:24:48.103883
06:24:53,27.5,62,2026-05-22 06:24:53.138250
06:24:58,28.1,55,2026-05-22 06:24:58.169634
06:20:56,32.0,79,2026-05-22 06:20:56.548435
06:21:01,39.2,49,2026-05-22 06:21:01.574448
06:21:06,26.5,55,2026-05-22 06:21:06.593970
06:21:11,37.6,53,2026-05-22 06:21:11.615394
06:21:16,38.5,49,2026-05-22 06:21:16.642393
06:21:21,40.0,84,2026-05-22 06:21:21.670933
06:21:26,28.5,41,2026-05-22 06:21:26.715586
06:21:31,36.2,62,2026-05-22 06:21:31.745999
06:21:36,28.8,57,2026-05-22 06:21:36.769508
06:21:41,32.5,57,2026-05-22 06:21:41.806886
06:21:46,29.2,77,2026-05-22 06:21:46.835435
06:21:51,33.7,74,2026-05-22 06:21:51.868261
06:21:56,25.9,84,2026-05-22 06:21:56.892343
06:22:01,25.5,48,2026-05-22 06:22:01.917587
06:22:06,35.5,63,2026-05-22 06:22:06.939118
06:22:11,39.4,64,2026-05-22 06:22:11.964333
06:22:16,30.8,74,2026-05-22 06:22:16.994692
06:22:22,26.6,82,2026-05-22 06:22:22.023864
06:22:27,35.2,57,2026-05-22 06:22:27.045575
06:22:32,27.4,68,2026-05-22 06:22:32.071645
06:22:37,39.4,63,2026-05-22 06:22:37.098899
06:22:42,29.2,70,2026-05-22 06:22:42.118792
06:22:47,39.3,58,2026-05-22 06:22:47.144877
06:22:52,35.0,45,2026-05-22 06:22:52.171325
06:22:57,28.4,65,2026-05-22 06:22:57.189150
06:23:02,36.4,46,2026-05-22 06:23:02.227596
06:23:07,27.2,53,2026-05-22 06:23:07.253604
06:23:12,34.1,60,2026-05-22 06:23:12.283647
06:23:17,39.5,48,2026-05-22 06:23:17.323262
06:23:22,26.6,90,2026-05-22 06:23:22.352324
06:23:27,38.2,54,2026-05-22 06:23:27.370242
06:23:32,29.2,80,2026-05-22 06:23:32.410683
06:23:37,31.5,66,2026-05-22 06:23:37.493539
06:23:42,26.7,55,2026-05-22 06:23:42.595958
06:23:47,29.9,65,2026-05-22 06:23:47.652178
06:23:52,28.4,56,2026-05-22 06:23:52.706354
06:23:57,34.7,48,2026-05-22 06:23:57.737530
06:24:02,34.4,79,2026-05-22 06:24:02.769957
06:24:07,27.0,56,2026-05-22 06:24:07.791586
06:24:12,26.2,60,2026-05-22 06:24:12.837553
06:24:17,33.0,90,2026-05-22 06:24:17.873169
06:24:22,36.8,44,2026-05-22 06:24:22.904102
06:24:27,35.5,79,2026-05-22 06:24:27.945679
06:24:32,36.4,81,2026-05-22 06:24:32.997583
06:24:38,38.2,60,2026-05-22 06:24:38.032009
06:24:43,25.9,57,2026-05-22 06:24:43.065641
06:24:48,31.7,43,2026-05-22 06:24:48.103883
06:24:53,27.5,62,2026-05-22 06:24:53.138250
06:24:58,28.1,55,2026-05-22 06:24:58.169634
06:25:03,32.4,89,2026-05-22 06:25:03.212154
06:21:01,39.2,49,2026-05-22 06:21:01.574448
06:21:06,26.5,55,2026-05-22 06:21:06.593970
06:21:11,37.6,53,2026-05-22 06:21:11.615394
06:21:16,38.5,49,2026-05-22 06:21:16.642393
06:21:21,40.0,84,2026-05-22 06:21:21.670933
06:21:26,28.5,41,2026-05-22 06:21:26.715586
06:21:31,36.2,62,2026-05-22 06:21:31.745999
06:21:36,28.8,57,2026-05-22 06:21:36.769508
06:21:41,32.5,57,2026-05-22 06:21:41.806886
06:21:46,29.2,77,2026-05-22 06:21:46.835435
06:21:51,33.7,74,2026-05-22 06:21:51.868261
06:21:56,25.9,84,2026-05-22 06:21:56.892343
06:22:01,25.5,48,2026-05-22 06:22:01.917587
06:22:06,35.5,63,2026-05-22 06:22:06.939118
06:22:11,39.4,64,2026-05-22 06:22:11.964333
06:22:16,30.8,74,2026-05-22 06:22:16.994692
06:22:22,26.6,82,2026-05-22 06:22:22.023864
06:22:27,35.2,57,2026-05-22 06:22:27.045575
06:22:32,27.4,68,2026-05-22 06:22:32.071645
06:22:37,39.4,63,2026-05-22 06:22:37.098899
06:22:42,29.2,70,2026-05-22 06:22:42.118792
06:22:47,39.3,58,2026-05-22 06:22:47.144877
06:22:52,35.0,45,2026-05-22 06:22:52.171325
06:22:57,28.4,65,2026-05-22 06:22:57.189150
06:23:02,36.4,46,2026-05-22 06:23:02.227596
06:23:07,27.2,53,2026-05-22 06:23:07.253604
06:23:12,34.1,60,2026-05-22 06:23:12.283647
06:23:17,39.5,48,2026-05-22 06:23:17.323262
06:23:22,26.6,90,2026-05-22 06:23:22.352324
06:23:27,38.2,54,2026-05-22 06:23:27.370242
06:23:32,29.2,80,2026-05-22 06:23:32.410683
06:23:37,31.5,66,2026-05-22 06:23:37.493539
06:23:42,26.7,55,2026-05-22 06:23:42.595958
06:23:47,29.9,65,2026-05-22 06:23:47.652178
06:23:52,28.4,56,2026-05-22 06:23:52.706354
06:23:57,34.7,48,2026-05-22 06:23:57.737530
06:24:02,34.4,79,2026-05-22 06:24:02.769957
06:24:07,27.0,56,2026-05-22 06:24:07.791586
06:24:12,26.2,60,2026-05-22 06:24:12.837553
06:24:17,33.0,90,2026-05-22 06:24:17.873169
06:24:22,36.8,44,2026-05-22 06:24:22.904102
06:24:27,35.5,79,2026-05-22 06:24:27.945679
06:24:32,36.4,81,2026-05-22 06:24:32.997583
06:24:38,38.2,60,2026-05-22 06:24:38.032009
06:24:43,25.9,57,2026-05-22 06:24:43.065641
06:24:48,31.7,43,2026-05-22 06:24:48.103883
06:24:53,27.5,62,2026-05-22 06:24:53.138250
06:24:58,28.1,55,2026-05-22 06:24:58.169634
06:25:03,32.4,89,2026-05-22 06:25:03.212154
06:25:08,33.6,85,2026-05-22 06:25:08.237461
06:21:06,26.5,55,2026-05-22 06:21:06.593970
06:21:11,37.6,53,2026-05-22 06:21:11.615394
06:21:16,38.5,49,2026-05-22 06:21:16.642393
06:21:21,40.0,84,2026-05-22 06:21:21.670933
06:21:26,28.5,41,2026-05-22 06:21:26.715586
06:21:31,36.2,62,2026-05-22 06:21:31.745999
06:21:36,28.8,57,2026-05-22 06:21:36.769508
06:21:41,32.5,57,2026-05-22 06:21:41.806886
06:21:46,29.2,77,2026-05-22 06:21:46.835435
06:21:51,33.7,74,2026-05-22 06:21:51.868261
06:21:56,25.9,84,2026-05-22 06:21:56.892343
06:22:01,25.5,48,2026-05-22 06:22:01.917587
06:22:06,35.5,63,2026-05-22 06:22:06.939118
06:22:11,39.4,64,2026-05-22 06:22:11.964333
06:22:16,30.8,74,2026-05-22 06:22:16.994692
06:22:22,26.6,82,2026-05-22 06:22:22.023864
06:22:27,35.2,57,2026-05-22 06:22:27.045575
06:22:32,27.4,68,2026-05-22 06:22:32.071645
06:22:37,39.4,63,2026-05-22 06:22:37.098899
06:22:42,29.2,70,2026-05-22 06:22:42.118792
06:22:47,39.3,58,2026-05-22 06:22:47.144877
06:22:52,35.0,45,2026-05-22 06:22:52.171325
06:22:57,28.4,65,2026-05-22 06:22:57.189150
06:23:02,36.4,46,2026-05-22 06:23:02.227596
06:23:07,27.2,53,2026-05-22 06:23:07.253604
06:23:12,34.1,60,2026-05-22 06:23:12.283647
06:23:17,39.5,48,2026-05-22 06:23:17.323262
06:23:22,26.6,90,2026-05-22 06:23:22.352324
06:23:27,38.2,54,2026-05-22 06:23:27.370242
06:23:32,29.2,80,2026-05-22 06:23:32.410683
06:23:37,31.5,66,2026-05-22 06:23:37.493539
06:23:42,26.7,55,2026-05-22 06:23:42.595958
06:23:47,29.9,65,2026-05-22 06:23:47.652178
06:23:52,28.4,56,2026-05-22 06:23:52.706354
06:23:57,34.7,48,2026-05-22 06:23:57.737530
06:24:02,34.4,79,2026-05-22 06:24:02.769957
06:24:07,27.0,56,2026-05-22 06:24:07.791586
06:24:12,26.2,60,2026-05-22 06:24:12.837553
06:24:17,33.0,90,2026-05-22 06:24:17.873169
06:24:22,36.8,44,2026-05-22 06:24:22.904102
06:24:27,35.5,79,2026-05-22 06:24:27.945679
06:24:32,36.4,81,2026-05-22 06:24:32.997583
06:24:38,38.2,60,2026-05-22 06:24:38.032009
06:24:43,25.9,57,2026-05-22 06:24:43.065641
06:24:48,31.7,43,2026-05-22 06:24:48.103883
06:24:53,27.5,62,2026-05-22 06:24:53.138250
06:24:58,28.1,55,2026-05-22 06:24:58.169634
06:25:03,32.4,89,2026-05-22 06:25:03.212154
06:25:08,33.6,85,2026-05-22 06:25:08.237461
06:25:13,38.0,82,2026-05-22 06:25:13.291898
06:21:11,37.6,53,2026-05-22 06:21:11.615394
06:21:16,38.5,49,2026-05-22 06:21:16.642393
06:21:21,40.0,84,2026-05-22 06:21:21.670933
06:21:26,28.5,41,2026-05-22 06:21:26.715586
06:21:31,36.2,62,2026-05-22 06:21:31.745999
06:21:36,28.8,57,2026-05-22 06:21:36.769508
06:21:41,32.5,57,2026-05-22 06:21:41.806886
06:21:46,29.2,77,2026-05-22 06:21:46.835435
06:21:51,33.7,74,2026-05-22 06:21:51.868261
06:21:56,25.9,84,2026-05-22 06:21:56.892343
06:22:01,25.5,48,2026-05-22 06:22:01.917587
06:22:06,35.5,63,2026-05-22 06:22:06.939118
06:22:11,39.4,64,2026-05-22 06:22:11.964333
06:22:16,30.8,74,2026-05-22 06:22:16.994692
06:22:22,26.6,82,2026-05-22 06:22:22.023864
06:22:27,35.2,57,2026-05-22 06:22:27.045575
06:22:32,27.4,68,2026-05-22 06:22:32.071645
06:22:37,39.4,63,2026-05-22 06:22:37.098899
06:22:42,29.2,70,2026-05-22 06:22:42.118792
06:22:47,39.3,58,2026-05-22 06:22:47.144877
06:22:52,35.0,45,2026-05-22 06:22:52.171325
06:22:57,28.4,65,2026-05-22 06:22:57.189150
06:23:02,36.4,46,2026-05-22 06:23:02.227596
06:23:07,27.2,53,2026-05-22 06:23:07.253604
06:23:12,34.1,60,2026-05-22 06:23:12.283647
06:23:17,39.5,48,2026-05-22 06:23:17.323262
06:23:22,26.6,90,2026-05-22 06:23:22.352324
06:23:27,38.2,54,2026-05-22 06:23:27.370242
06:23:32,29.2,80,2026-05-22 06:23:32.410683
06:23:37,31.5,66,2026-05-22 06:23:37.493539
06:23:42,26.7,55,2026-05-22 06:23:42.595958
06:23:47,29.9,65,2026-05-22 06:23:47.652178
06:23:52,28.4,56,2026-05-22 06:23:52.706354
06:23:57,34.7,48,2026-05-22 06:23:57.737530
06:24:02,34.4,79,2026-05-22 06:24:02.769957
06:24:07,27.0,56,2026-05-22 06:24:07.791586
06:24:12,26.2,60,2026-05-22 06:24:12.837553
06:24:17,33.0,90,2026-05-22 06:24:17.873169
06:24:22,36.8,44,2026-05-22 06:24:22.904102
06:24:27,35.5,79,2026-05-22 06:24:27.945679
06:24:32,36.4,81,2026-05-22 06:24:32.997583
06:24:38,38.2,60,2026-05-22 06:24:38.032009
06:24:43,25.9,57,2026-05-22 06:24:43.065641
06:24:48,31.7,43,2026-05-22 06:24:48.103883
06:24:53,27.5,62,2026-05-22 06:24:53.138250
06:24:58,28.1,55,2026-05-22 06:24:58.169634
06:25:03,32.4,89,2026-05-22 06:25:03.212154
06:25:08,33.6,85,2026-05-22 06:25:08.237461
06:25:13,38.0,82,2026-05-22 06:25:13.291898
06:25:18,28.4,52,2026-05-22 06:25:18.382820
06:21:16,38.5,49,2026-05-22 06:21:16.642393
06:21:21,40.0,84,2026-05-22 06:21:21.670933
06:21:26,28.5,41,2026-05-22 06:21:26.715586
06:21:31,36.2,62,2026-05-22 06:21:31.745999
06:21:36,28.8,57,2026-05-22 06:21:36.769508
06:21:41,32.5,57,2026-05-22 06:21:41.806886
06:21:46,29.2,77,2026-05-22 06:21:46.835435
06:21:51,33.7,74,2026-05-22 06:21:51.868261
06:21:56,25.9,84,2026-05-22 06:21:56.892343
06:22:01,25.5,48,2026-05-22 06:22:01.917587
06:22:06,35.5,63,2026-05-22 06:22:06.939118
06:22:11,39.4,64,2026-05-22 06:22:11.964333
06:22:16,30.8,74,2026-05-22 06:22:16.994692
06:22:22,26.6,82,2026-05-22 06:22:22.023864
06:22:27,35.2,57,2026-05-22 06:22:27.045575
06:22:32,27.4,68,2026-05-22 06:22:32.071645
06:22:37,39.4,63,2026-05-22 06:22:37.098899
06:22:42,29.2,70,2026-05-22 06:22:42.118792
06:22:47,39.3,58,2026-05-22 06:22:47.144877
06:22:52,35.0,45,2026-05-22 06:22:52.171325
06:22:57,28.4,65,2026-05-22 06:22:57.189150
06:23:02,36.4,46,2026-05-22 06:23:02.227596
06:23:07,27.2,53,2026-05-22 06:23:07.253604
06:23:12,34.1,60,2026-05-22 06:23:12.283647
06:23:17,39.5,48,2026-05-22 06:23:17.323262
06:23:22,26.6,90,2026-05-22 06:23:22.352324
06:23:27,38.2,54,2026-05-22 06:23:27.370242
06:23:32,29.2,80,2026-05-22 06:23:32.410683
06:23:37,31.5,66,2026-05-22 06:23:37.493539
06:23:42,26.7,55,2026-05-22 06:23:42.595958
06:23:47,29.9,65,2026-05-22 06:23:47.652178
06:23:52,28.4,56,2026-05-22 06:23:52.706354
06:23:57,34.7,48,2026-05-22 06:23:57.737530
06:24:02,34.4,79,2026-05-22 06:24:02.769957
06:24:07,27.0,56,2026-05-22 06:24:07.791586
06:24:12,26.2,60,2026-05-22 06:24:12.837553
06:24:17,33.0,90,2026-05-22 06:24:17.873169
06:24:22,36.8,44,2026-05-22 06:24:22.904102
06:24:27,35.5,79,2026-05-22 06:24:27.945679
06:24:32,36.4,81,2026-05-22 06:24:32.997583
06:24:38,38.2,60,2026-05-22 06:24:38.032009
06:24:43,25.9,57,2026-05-22 06:24:43.065641
06:24:48,31.7,43,2026-05-22 06:24:48.103883
06:24:53,27.5,62,2026-05-22 06:24:53.138250
06:24:58,28.1,55,2026-05-22 06:24:58.169634
06:25:03,32.4,89,2026-05-22 06:25:03.212154
06:25:08,33.6,85,2026-05-22 06:25:08.237461
06:25:13,38.0,82,2026-05-22 06:25:13.291898
06:25:18,28.4,52,2026-05-22 06:25:18.382820
06:25:23,31.0,79,2026-05-22 06:25:23.424690
06:21:21,40.0,84,2026-05-22 06:21:21.670933
06:21:26,28.5,41,2026-05-22 06:21:26.715586
06:21:31,36.2,62,2026-05-22 06:21:31.745999
06:21:36,28.8,57,2026-05-22 06:21:36.769508
06:21:41,32.5,57,2026-05-22 06:21:41.806886
06:21:46,29.2,77,2026-05-22 06:21:46.835435
06:21:51,33.7,74,2026-05-22 06:21:51.868261
06:21:56,25.9,84,2026-05-22 06:21:56.892343
06:22:01,25.5,48,2026-05-22 06:22:01.917587
06:22:06,35.5,63,2026-05-22 06:22:06.939118
06:22:11,39.4,64,2026-05-22 06:22:11.964333
06:22:16,30.8,74,2026-05-22 06:22:16.994692
06:22:22,26.6,82,2026-05-22 06:22:22.023864
06:22:27,35.2,57,2026-05-22 06:22:27.045575
06:22:32,27.4,68,2026-05-22 06:22:32.071645
06:22:37,39.4,63,2026-05-22 06:22:37.098899
06:22:42,29.2,70,2026-05-22 06:22:42.118792
06:22:47,39.3,58,2026-05-22 06:22:47.144877
06:22:52,35.0,45,2026-05-22 06:22:52.171325
06:22:57,28.4,65,2026-05-22 06:22:57.189150
06:23:02,36.4,46,2026-05-22 06:23:02.227596
06:23:07,27.2,53,2026-05-22 06:23:07.253604
06:23:12,34.1,60,2026-05-22 06:23:12.283647
06:23:17,39.5,48,2026-05-22 06:23:17.323262
06:23:22,26.6,90,2026-05-22 06:23:22.352324
06:23:27,38.2,54,2026-05-22 06:23:27.370242
06:23:32,29.2,80,2026-05-22 06:23:32.410683
06:23:37,31.5,66,2026-05-22 06:23:37.493539
06:23:42,26.7,55,2026-05-22 06:23:42.595958
06:23:47,29.9,65,2026-05-22 06:23:47.652178
06:23:52,28.4,56,2026-05-22 06:23:52.706354
06:23:57,34.7,48,2026-05-22 06:23:57.737530
06:24:02,34.4,79,2026-05-22 06:24:02.769957
06:24:07,27.0,56,2026-05-22 06:24:07.791586
06:24:12,26.2,60,2026-05-22 06:24:12.837553
06:24:17,33.0,90,2026-05-22 06:24:17.873169
06:24:22,36.8,44,2026-05-22 06:24:22.904102
06:24:27,35.5,79,2026-05-22 06:24:27.945679
06:24:32,36.4,81,2026-05-22 06:24:32.997583
06:24:38,38.2,60,2026-05-22 06:24:38.032009
06:24:43,25.9,57,2026-05-22 06:24:43.065641
06:24:48,31.7,43,2026-05-22 06:24:48.103883
06:24:53,27.5,62,2026-05-22 06:24:53.138250
06:24:58,28.1,55,2026-05-22 06:24:58.169634
06:25:03,32.4,89,2026-05-22 06:25:03.212154
06:25:08,33.6,85,2026-05-22 06:25:08.237461
06:25:13,38.0,82,2026-05-22 06:25:13.291898
06:25:18,28.4,52,2026-05-22 06:25:18.382820
06:25:23,31.0,79,2026-05-22 06:25:23.424690
06:25:28,36.8,41,2026-05-22 06:25:28.460854
06:21:26,28.5,41,2026-05-22 06:21:26.715586
06:21:31,36.2,62,2026-05-22 06:21:31.745999
06:21:36,28.8,57,2026-05-22 06:21:36.769508
06:21:41,32.5,57,2026-05-22 06:21:41.806886
06:21:46,29.2,77,2026-05-22 06:21:46.835435
06:21:51,33.7,74,2026-05-22 06:21:51.868261
06:21:56,25.9,84,2026-05-22 06:21:56.892343
06:22:01,25.5,48,2026-05-22 06:22:01.917587
06:22:06,35.5,63,2026-05-22 06:22:06.939118
06:22:11,39.4,64,2026-05-22 06:22:11.964333
06:22:16,30.8,74,2026-05-22 06:22:16.994692
06:22:22,26.6,82,2026-05-22 06:22:22.023864
06:22:27,35.2,57,2026-05-22 06:22:27.045575
06:22:32,27.4,68,2026-05-22 06:22:32.071645
06:22:37,39.4,63,2026-05-22 06:22:37.098899
06:22:42,29.2,70,2026-05-22 06:22:42.118792
06:22:47,39.3,58,2026-05-22 06:22:47.144877
06:22:52,35.0,45,2026-05-22 06:22:52.171325
06:22:57,28.4,65,2026-05-22 06:22:57.189150
06:23:02,36.4,46,2026-05-22 06:23:02.227596
06:23:07,27.2,53,2026-05-22 06:23:07.253604
06:23:12,34.1,60,2026-05-22 06:23:12.283647
06:23:17,39.5,48,2026-05-22 06:23:17.323262
06:23:22,26.6,90,2026-05-22 06:23:22.352324
06:23:27,38.2,54,2026-05-22 06:23:27.370242
06:23:32,29.2,80,2026-05-22 06:23:32.410683
06:23:37,31.5,66,2026-05-22 06:23:37.493539
06:23:42,26.7,55,2026-05-22 06:23:42.595958
06:23:47,29.9,65,2026-05-22 06:23:47.652178
06:23:52,28.4,56,2026-05-22 06:23:52.706354
06:23:57,34.7,48,2026-05-22 06:23:57.737530
06:24:02,34.4,79,2026-05-22 06:24:02.769957
06:24:07,27.0,56,2026-05-22 06:24:07.791586
06:24:12,26.2,60,2026-05-22 06:24:12.837553
06:24:17,33.0,90,2026-05-22 06:24:17.873169
06:24:22,36.8,44,2026-05-22 06:24:22.904102
06:24:27,35.5,79,2026-05-22 06:24:27.945679
06:24:32,36.4,81,2026-05-22 06:24:32.997583
06:24:38,38.2,60,2026-05-22 06:24:38.032009
06:24:43,25.9,57,2026-05-22 06:24:43.065641
06:24:48,31.7,43,2026-05-22 06:24:48.103883
06:24:53,27.5,62,2026-05-22 06:24:53.138250
06:24:58,28.1,55,2026-05-22 06:24:58.169634
06:25:03,32.4,89,2026-05-22 06:25:03.212154
06:25:08,33.6,85,2026-05-22 06:25:08.237461
06:25:13,38.0,82,2026-05-22 06:25:13.291898
06:25:18,28.4,52,2026-05-22 06:25:18.382820
06:25:23,31.0,79,2026-05-22 06:25:23.424690
06:25:28,36.8,41,2026-05-22 06:25:28.460854
06:25:33,31.3,86,2026-05-22 06:25:33.488820
06:21:31,36.2,62,2026-05-22 06:21:31.745999
06:21:36,28.8,57,2026-05-22 06:21:36.769508
06:21:41,32.5,57,2026-05-22 06:21:41.806886
06:21:46,29.2,77,2026-05-22 06:21:46.835435
06:21:51,33.7,74,2026-05-22 06:21:51.868261
06:21:56,25.9,84,2026-05-22 06:21:56.892343
06:22:01,25.5,48,2026-05-22 06:22:01.917587
06:22:06,35.5,63,2026-05-22 06:22:06.939118
06:22:11,39.4,64,2026-05-22 06:22:11.964333
06:22:16,30.8,74,2026-05-22 06:22:16.994692
06:22:22,26.6,82,2026-05-22 06:22:22.023864
06:22:27,35.2,57,2026-05-22 06:22:27.045575
06:22:32,27.4,68,2026-05-22 06:22:32.071645
06:22:37,39.4,63,2026-05-22 06:22:37.098899
06:22:42,29.2,70,2026-05-22 06:22:42.118792
06:22:47,39.3,58,2026-05-22 06:22:47.144877
06:22:52,35.0,45,2026-05-22 06:22:52.171325
06:22:57,28.4,65,2026-05-22 06:22:57.189150
06:23:02,36.4,46,2026-05-22 06:23:02.227596
06:23:07,27.2,53,2026-05-22 06:23:07.253604
06:23:12,34.1,60,2026-05-22 06:23:12.283647
06:23:17,39.5,48,2026-05-22 06:23:17.323262
06:23:22,26.6,90,2026-05-22 06:23:22.352324
06:23:27,38.2,54,2026-05-22 06:23:27.370242
06:23:32,29.2,80,2026-05-22 06:23:32.410683
06:23:37,31.5,66,2026-05-22 06:23:37.493539
06:23:42,26.7,55,2026-05-22 06:23:42.595958
06:23:47,29.9,65,2026-05-22 06:23:47.652178
06:23:52,28.4,56,2026-05-22 06:23:52.706354
06:23:57,34.7,48,2026-05-22 06:23:57.737530
06:24:02,34.4,79,2026-05-22 06:24:02.769957
06:24:07,27.0,56,2026-05-22 06:24:07.791586
06:24:12,26.2,60,2026-05-22 06:24:12.837553
06:24:17,33.0,90,2026-05-22 06:24:17.873169
06:24:22,36.8,44,2026-05-22 06:24:22.904102
06:24:27,35.5,79,2026-05-22 06:24:27.945679
06:24:32,36.4,81,2026-05-22 06:24:32.997583
06:24:38,38.2,60,2026-05-22 06:24:38.032009
06:24:43,25.9,57,2026-05-22 06:24:43.065641
06:24:48,31.7,43,2026-05-22 06:24:48.103883
06:24:53,27.5,62,2026-05-22 06:24:53.138250
06:24:58,28.1,55,2026-05-22 06:24:58.169634
06:25:03,32.4,89,2026-05-22 06:25:03.212154
06:25:08,33.6,85,2026-05-22 06:25:08.237461
06:25:13,38.0,82,2026-05-22 06:25:13.291898
06:25:18,28.4,52,2026-05-22 06:25:18.382820
06:25:23,31.0,79,2026-05-22 06:25:23.424690
06:25:28,36.8,41,2026-05-22 06:25:28.460854
06:25:33,31.3,86,2026-05-22 06:25:33.488820
06:25:38,29.4,45,2026-05-22 06:25:38.521219
06:21:36,28.8,57,2026-05-22 06:21:36.769508
06:21:41,32.5,57,2026-05-22 06:21:41.806886
06:21:46,29.2,77,2026-05-22 06:21:46.835435
06:21:51,33.7,74,2026-05-22 06:21:51.868261
06:21:56,25.9,84,2026-05-22 06:21:56.892343
06:22:01,25.5,48,2026-05-22 06:22:01.917587
06:22:06,35.5,63,2026-05-22 06:22:06.939118
06:22:11,39.4,64,2026-05-22 06:22:11.964333
06:22:16,30.8,74,2026-05-22 06:22:16.994692
06:22:22,26.6,82,2026-05-22 06:22:22.023864
06:22:27,35.2,57,2026-05-22 06:22:27.045575
06:22:32,27.4,68,2026-05-22 06:22:32.071645
06:22:37,39.4,63,2026-05-22 06:22:37.098899
06:22:42,29.2,70,2026-05-22 06:22:42.118792
06:22:47,39.3,58,2026-05-22 06:22:47.144877
06:22:52,35.0,45,2026-05-22 06:22:52.171325
06:22:57,28.4,65,2026-05-22 06:22:57.189150
06:23:02,36.4,46,2026-05-22 06:23:02.227596
06:23:07,27.2,53,2026-05-22 06:23:07.253604
06:23:12,34.1,60,2026-05-22 06:23:12.283647
06:23:17,39.5,48,2026-05-22 06:23:17.323262
06:23:22,26.6,90,2026-05-22 06:23:22.352324
06:23:27,38.2,54,2026-05-22 06:23:27.370242
06:23:32,29.2,80,2026-05-22 06:23:32.410683
06:23:37,31.5,66,2026-05-22 06:23:37.493539
06:23:42,26.7,55,2026-05-22 06:23:42.595958
06:23:47,29.9,65,2026-05-22 06:23:47.652178
06:23:52,28.4,56,2026-05-22 06:23:52.706354
06:23:57,34.7,48,2026-05-22 06:23:57.737530
06:24:02,34.4,79,2026-05-22 06:24:02.769957
06:24:07,27.0,56,2026-05-22 06:24:07.791586
06:24:12,26.2,60,2026-05-22 06:24:12.837553
06:24:17,33.0,90,2026-05-22 06:24:17.873169
06:24:22,36.8,44,2026-05-22 06:24:22.904102
06:24:27,35.5,79,2026-05-22 06:24:27.945679
06:24:32,36.4,81,2026-05-22 06:24:32.997583
06:24:38,38.2,60,2026-05-22 06:24:38.032009
06:24:43,25.9,57,2026-05-22 06:24:43.065641
06:24:48,31.7,43,2026-05-22 06:24:48.103883
06:24:53,27.5,62,2026-05-22 06:24:53.138250
06:24:58,28.1,55,2026-05-22 06:24:58.169634
06:25:03,32.4,89,2026-05-22 06:25:03.212154
06:25:08,33.6,85,2026-05-22 06:25:08.237461
06:25:13,38.0,82,2026-05-22 06:25:13.291898
06:25:18,28.4,52,2026-05-22 06:25:18.382820
06:25:23,31.0,79,2026-05-22 06:25:23.424690
06:25:28,36.8,41,2026-05-22 06:25:28.460854
06:25:33,31.3,86,2026-05-22 06:25:33.488820
06:25:38,29.4,45,2026-05-22 06:25:38.521219
06:25:43,35.7,83,2026-05-22 06:25:43.565024
06:21:41,32.5,57,2026-05-22 06:21:41.806886
06:21:46,29.2,77,2026-05-22 06:21:46.835435
06:21:51,33.7,74,2026-05-22 06:21:51.868261
06:21:56,25.9,84,2026-05-22 06:21:56.892343
06:22:01,25.5,48,2026-05-22 06:22:01.917587
06:22:06,35.5,63,2026-05-22 06:22:06.939118
06:22:11,39.4,64,2026-05-22 06:22:11.964333
06:22:16,30.8,74,2026-05-22 06:22:16.994692
06:22:22,26.6,82,2026-05-22 06:22:22.023864
06:22:27,35.2,57,2026-05-22 06:22:27.045575
06:22:32,27.4,68,2026-05-22 06:22:32.071645
06:22:37,39.4,63,2026-05-22 06:22:37.098899
06:22:42,29.2,70,2026-05-22 06:22:42.118792
06:22:47,39.3,58,2026-05-22 06:22:47.144877
06:22:52,35.0,45,2026-05-22 06:22:52.171325
06:22:57,28.4,65,2026-05-22 06:22:57.189150
06:23:02,36.4,46,2026-05-22 06:23:02.227596
06:23:07,27.2,53,2026-05-22 06:23:07.253604
06:23:12,34.1,60,2026-05-22 06:23:12.283647
06:23:17,39.5,48,2026-05-22 06:23:17.323262
06:23:22,26.6,90,2026-05-22 06:23:22.352324
06:23:27,38.2,54,2026-05-22 06:23:27.370242
06:23:32,29.2,80,2026-05-22 06:23:32.410683
06:23:37,31.5,66,2026-05-22 06:23:37.493539
06:23:42,26.7,55,2026-05-22 06:23:42.595958
06:23:47,29.9,65,2026-05-22 06:23:47.652178
06:23:52,28.4,56,2026-05-22 06:23:52.706354
06:23:57,34.7,48,2026-05-22 06:23:57.737530
06:24:02,34.4,79,2026-05-22 06:24:02.769957
06:24:07,27.0,56,2026-05-22 06:24:07.791586
06:24:12,26.2,60,2026-05-22 06:24:12.837553
06:24:17,33.0,90,2026-05-22 06:24:17.873169
06:24:22,36.8,44,2026-05-22 06:24:22.904102
06:24:27,35.5,79,2026-05-22 06:24:27.945679
06:24:32,36.4,81,2026-05-22 06:24:32.997583
06:24:38,38.2,60,2026-05-22 06:24:38.032009
06:24:43,25.9,57,2026-05-22 06:24:43.065641
06:24:48,31.7,43,2026-05-22 06:24:48.103883
06:24:53,27.5,62,2026-05-22 06:24:53.138250
06:24:58,28.1,55,2026-05-22 06:24:58.169634
06:25:03,32.4,89,2026-05-22 06:25:03.212154
06:25:08,33.6,85,2026-05-22 06:25:08.237461
06:25:13,38.0,82,2026-05-22 06:25:13.291898
06:25:18,28.4,52,2026-05-22 06:25:18.382820
06:25:23,31.0,79,2026-05-22 06:25:23.424690
06:25:28,36.8,41,2026-05-22 06:25:28.460854
06:25:33,31.3,86,2026-05-22 06:25:33.488820
06:25:38,29.4,45,2026-05-22 06:25:38.521219
06:25:43,35.7,83,2026-05-22 06:25:43.565024
06:25:48,28.0,88,2026-05-22 06:25:48.591848
06:21:46,29.2,77,2026-05-22 06:21:46.835435
06:21:51,33.7,74,2026-05-22 06:21:51.868261
06:21:56,25.9,84,2026-05-22 06:21:56.892343
06:22:01,25.5,48,2026-05-22 06:22:01.917587
06:22:06,35.5,63,2026-05-22 06:22:06.939118
06:22:11,39.4,64,2026-05-22 06:22:11.964333
06:22:16,30.8,74,2026-05-22 06:22:16.994692
06:22:22,26.6,82,2026-05-22 06:22:22.023864
06:22:27,35.2,57,2026-05-22 06:22:27.045575
06:22:32,27.4,68,2026-05-22 06:22:32.071645
06:22:37,39.4,63,2026-05-22 06:22:37.098899
06:22:42,29.2,70,2026-05-22 06:22:42.118792
06:22:47,39.3,58,2026-05-22 06:22:47.144877
06:22:52,35.0,45,2026-05-22 06:22:52.171325
06:22:57,28.4,65,2026-05-22 06:22:57.189150
06:23:02,36.4,46,2026-05-22 06:23:02.227596
06:23:07,27.2,53,2026-05-22 06:23:07.253604
06:23:12,34.1,60,2026-05-22 06:23:12.283647
06:23:17,39.5,48,2026-05-22 06:23:17.323262
06:23:22,26.6,90,2026-05-22 06:23:22.352324
06:23:27,38.2,54,2026-05-22 06:23:27.370242
06:23:32,29.2,80,2026-05-22 06:23:32.410683
06:23:37,31.5,66,2026-05-22 06:23:37.493539
06:23:42,26.7,55,2026-05-22 06:23:42.595958
06:23:47,29.9,65,2026-05-22 06:23:47.652178
06:23:52,28.4,56,2026-05-22 06:23:52.706354
06:23:57,34.7,48,2026-05-22 06:23:57.737530
06:24:02,34.4,79,2026-05-22 06:24:02.769957
06:24:07,27.0,56,2026-05-22 06:24:07.791586
06:24:12,26.2,60,2026-05-22 06:24:12.837553
06:24:17,33.0,90,2026-05-22 06:24:17.873169
06:24:22,36.8,44,2026-05-22 06:24:22.904102
06:24:27,35.5,79,2026-05-22 06:24:27.945679
06:24:32,36.4,81,2026-05-22 06:24:32.997583
06:24:38,38.2,60,2026-05-22 06:24:38.032009
06:24:43,25.9,57,2026-05-22 06:24:43.065641
06:24:48,31.7,43,2026-05-22 06:24:48.103883
06:24:53,27.5,62,2026-05-22 06:24:53.138250
06:24:58,28.1,55,2026-05-22 06:24:58.169634
06:25:03,32.4,89,2026-05-22 06:25:03.212154
06:25:08,33.6,85,2026-05-22 06:25:08.237461
06:25:13,38.0,82,2026-05-22 06:25:13.291898
06:25:18,28.4,52,2026-05-22 06:25:18.382820
06:25:23,31.0,79,2026-05-22 06:25:23.424690
06:25:28,36.8,41,2026-05-22 06:25:28.460854
06:25:33,31.3,86,2026-05-22 06:25:33.488820
06:25:38,29.4,45,2026-05-22 06:25:38.521219
06:25:43,35.7,83,2026-05-22 06:25:43.565024
06:25:48,28.0,88,2026-05-22 06:25:48.591848
06:25:53,26.5,44,2026-05-22 06:25:53.624018
06:21:51,33.7,74,2026-05-22 06:21:51.868261
06:21:56,25.9,84,2026-05-22 06:21:56.892343
06:22:01,25.5,48,2026-05-22 06:22:01.917587
06:22:06,35.5,63,2026-05-22 06:22:06.939118
06:22:11,39.4,64,2026-05-22 06:22:11.964333
06:22:16,30.8,74,2026-05-22 06:22:16.994692
06:22:22,26.6,82,2026-05-22 06:22:22.023864
06:22:27,35.2,57,2026-05-22 06:22:27.045575
06:22:32,27.4,68,2026-05-22 06:22:32.071645
06:22:37,39.4,63,2026-05-22 06:22:37.098899
06:22:42,29.2,70,2026-05-22 06:22:42.118792
06:22:47,39.3,58,2026-05-22 06:22:47.144877
06:22:52,35.0,45,2026-05-22 06:22:52.171325
06:22:57,28.4,65,2026-05-22 06:22:57.189150
06:23:02,36.4,46,2026-05-22 06:23:02.227596
06:23:07,27.2,53,2026-05-22 06:23:07.253604
06:23:12,34.1,60,2026-05-22 06:23:12.283647
06:23:17,39.5,48,2026-05-22 06:23:17.323262
06:23:22,26.6,90,2026-05-22 06:23:22.352324
06:23:27,38.2,54,2026-05-22 06:23:27.370242
06:23:32,29.2,80,2026-05-22 06:23:32.410683
06:23:37,31.5,66,2026-05-22 06:23:37.493539
06:23:42,26.7,55,2026-05-22 06:23:42.595958
06:23:47,29.9,65,2026-05-22 06:23:47.652178
06:23:52,28.4,56,2026-05-22 06:23:52.706354
06:23:57,34.7,48,2026-05-22 06:23:57.737530
06:24:02,34.4,79,2026-05-22 06:24:02.769957
06:24:07,27.0,56,2026-05-22 06:24:07.791586
06:24:12,26.2,60,2026-05-22 06:24:12.837553
06:24:17,33.0,90,2026-05-22 06:24:17.873169
06:24:22,36.8,44,2026-05-22 06:24:22.904102
06:24:27,35.5,79,2026-05-22 06:24:27.945679
06:24:32,36.4,81,2026-05-22 06:24:32.997583
06:24:38,38.2,60,2026-05-22 06:24:38.032009
06:24:43,25.9,57,2026-05-22 06:24:43.065641
06:24:48,31.7,43,2026-05-22 06:24:48.103883
06:24:53,27.5,62,2026-05-22 06:24:53.138250
06:24:58,28.1,55,2026-05-22 06:24:58.169634
06:25:03,32.4,89,2026-05-22 06:25:03.212154
06:25:08,33.6,85,2026-05-22 06:25:08.237461
06:25:13,38.0,82,2026-05-22 06:25:13.291898
06:25:18,28.4,52,2026-05-22 06:25:18.382820
06:25:23,31.0,79,2026-05-22 06:25:23.424690
06:25:28,36.8,41,2026-05-22 06:25:28.460854
06:25:33,31.3,86,2026-05-22 06:25:33.488820
06:25:38,29.4,45,2026-05-22 06:25:38.521219
06:25:43,35.7,83,2026-05-22 06:25:43.565024
06:25:48,28.0,88,2026-05-22 06:25:48.591848
06:25:53,26.5,44,2026-05-22 06:25:53.624018
06:25:58,32.0,75,2026-05-22 06:25:58.681285
06:21:56,25.9,84,2026-05-22 06:21:56.892343
06:22:01,25.5,48,2026-05-22 06:22:01.917587
06:22:06,35.5,63,2026-05-22 06:22:06.939118
06:22:11,39.4,64,2026-05-22 06:22:11.964333
06:22:16,30.8,74,2026-05-22 06:22:16.994692
06:22:22,26.6,82,2026-05-22 06:22:22.023864
06:22:27,35.2,57,2026-05-22 06:22:27.045575
06:22:32,27.4,68,2026-05-22 06:22:32.071645
06:22:37,39.4,63,2026-05-22 06:22:37.098899
06:22:42,29.2,70,2026-05-22 06:22:42.118792
06:22:47,39.3,58,2026-05-22 06:22:47.144877
06:22:52,35.0,45,2026-05-22 06:22:52.171325
06:22:57,28.4,65,2026-05-22 06:22:57.189150
06:23:02,36.4,46,2026-05-22 06:23:02.227596
06:23:07,27.2,53,2026-05-22 06:23:07.253604
06:23:12,34.1,60,2026-05-22 06:23:12.283647
06:23:17,39.5,48,2026-05-22 06:23:17.323262
06:23:22,26.6,90,2026-05-22 06:23:22.352324
06:23:27,38.2,54,2026-05-22 06:23:27.370242
06:23:32,29.2,80,2026-05-22 06:23:32.410683
06:23:37,31.5,66,2026-05-22 06:23:37.493539
06:23:42,26.7,55,2026-05-22 06:23:42.595958
06:23:47,29.9,65,2026-05-22 06:23:47.652178
06:23:52,28.4,56,2026-05-22 06:23:52.706354
06:23:57,34.7,48,2026-05-22 06:23:57.737530
06:24:02,34.4,79,2026-05-22 06:24:02.769957
06:24:07,27.0,56,2026-05-22 06:24:07.791586
06:24:12,26.2,60,2026-05-22 06:24:12.837553
06:24:17,33.0,90,2026-05-22 06:24:17.873169
06:24:22,36.8,44,2026-05-22 06:24:22.904102
06:24:27,35.5,79,2026-05-22 06:24:27.945679
06:24:32,36.4,81,2026-05-22 06:24:32.997583
06:24:38,38.2,60,2026-05-22 06:24:38.032009
06:24:43,25.9,57,2026-05-22 06:24:43.065641
06:24:48,31.7,43,2026-05-22 06:24:48.103883
06:24:53,27.5,62,2026-05-22 06:24:53.138250
06:24:58,28.1,55,2026-05-22 06:24:58.169634
06:25:03,32.4,89,2026-05-22 06:25:03.212154
06:25:08,33.6,85,2026-05-22 06:25:08.237461
06:25:13,38.0,82,2026-05-22 06:25:13.291898
06:25:18,28.4,52,2026-05-22 06:25:18.382820
06:25:23,31.0,79,2026-05-22 06:25:23.424690
06:25:28,36.8,41,2026-05-22 06:25:28.460854
06:25:33,31.3,86,2026-05-22 06:25:33.488820
06:25:38,29.4,45,2026-05-22 06:25:38.521219
06:25:43,35.7,83,2026-05-22 06:25:43.565024
06:25:48,28.0,88,2026-05-22 06:25:48.591848
06:25:53,26.5,44,2026-05-22 06:25:53.624018
06:25:58,32.0,75,2026-05-22 06:25:58.681285
06:26:03,33.9,87,2026-05-22 06:26:03.723010
06:22:01,25.5,48,2026-05-22 06:22:01.917587
06:22:06,35.5,63,2026-05-22 06:22:06.939118
06:22:11,39.4,64,2026-05-22 06:22:11.964333
06:22:16,30.8,74,2026-05-22 06:22:16.994692
06:22:22,26.6,82,2026-05-22 06:22:22.023864
06:22:27,35.2,57,2026-05-22 06:22:27.045575
06:22:32,27.4,68,2026-05-22 06:22:32.071645
06:22:37,39.4,63,2026-05-22 06:22:37.098899
06:22:42,29.2,70,2026-05-22 06:22:42.118792
06:22:47,39.3,58,2026-05-22 06:22:47.144877
06:22:52,35.0,45,2026-05-22 06:22:52.171325
06:22:57,28.4,65,2026-05-22 06:22:57.189150
06:23:02,36.4,46,2026-05-22 06:23:02.227596
06:23:07,27.2,53,2026-05-22 06:23:07.253604
06:23:12,34.1,60,2026-05-22 06:23:12.283647
06:23:17,39.5,48,2026-05-22 06:23:17.323262
06:23:22,26.6,90,2026-05-22 06:23:22.352324
06:23:27,38.2,54,2026-05-22 06:23:27.370242
06:23:32,29.2,80,2026-05-22 06:23:32.410683
06:23:37,31.5,66,2026-05-22 06:23:37.493539
06:23:42,26.7,55,2026-05-22 06:23:42.595958
06:23:47,29.9,65,2026-05-22 06:23:47.652178
06:23:52,28.4,56,2026-05-22 06:23:52.706354
06:23:57,34.7,48,2026-05-22 06:23:57.737530
06:24:02,34.4,79,2026-05-22 06:24:02.769957
06:24:07,27.0,56,2026-05-22 06:24:07.791586
06:24:12,26.2,60,2026-05-22 06:24:12.837553
06:24:17,33.0,90,2026-05-22 06:24:17.873169
06:24:22,36.8,44,2026-05-22 06:24:22.904102
06:24:27,35.5,79,2026-05-22 06:24:27.945679
06:24:32,36.4,81,2026-05-22 06:24:32.997583
06:24:38,38.2,60,2026-05-22 06:24:38.032009
06:24:43,25.9,57,2026-05-22 06:24:43.065641
06:24:48,31.7,43,2026-05-22 06:24:48.103883
06:24:53,27.5,62,2026-05-22 06:24:53.138250
06:24:58,28.1,55,2026-05-22 06:24:58.169634
06:25:03,32.4,89,2026-05-22 06:25:03.212154
06:25:08,33.6,85,2026-05-22 06:25:08.237461
06:25:13,38.0,82,2026-05-22 06:25:13.291898
06:25:18,28.4,52,2026-05-22 06:25:18.382820
06:25:23,31.0,79,2026-05-22 06:25:23.424690
06:25:28,36.8,41,2026-05-22 06:25:28.460854
06:25:33,31.3,86,2026-05-22 06:25:33.488820
06:25:38,29.4,45,2026-05-22 06:25:38.521219
06:25:43,35.7,83,2026-05-22 06:25:43.565024
06:25:48,28.0,88,2026-05-22 06:25:48.591848
06:25:53,26.5,44,2026-05-22 06:25:53.624018
06:25:58,32.0,75,2026-05-22 06:25:58.681285
06:26:03,33.9,87,2026-05-22 06:26:03.723010
06:26:08,27.7,64,2026-05-22 06:26:08.751860
06:22:06,35.5,63,2026-05-22 06:22:06.939118
06:22:11,39.4,64,2026-05-22 06:22:11.964333
06:22:16,30.8,74,2026-05-22 06:22:16.994692
06:22:22,26.6,82,2026-05-22 06:22:22.023864
06:22:27,35.2,57,2026-05-22 06:22:27.045575
06:22:32,27.4,68,2026-05-22 06:22:32.071645
06:22:37,39.4,63,2026-05-22 06:22:37.098899
06:22:42,29.2,70,2026-05-22 06:22:42.118792
06:22:47,39.3,58,2026-05-22 06:22:47.144877
06:22:52,35.0,45,2026-05-22 06:22:52.171325
06:22:57,28.4,65,2026-05-22 06:22:57.189150
06:23:02,36.4,46,2026-05-22 06:23:02.227596
06:23:07,27.2,53,2026-05-22 06:23:07.253604
06:23:12,34.1,60,2026-05-22 06:23:12.283647
06:23:17,39.5,48,2026-05-22 06:23:17.323262
06:23:22,26.6,90,2026-05-22 06:23:22.352324
06:23:27,38.2,54,2026-05-22 06:23:27.370242
06:23:32,29.2,80,2026-05-22 06:23:32.410683
06:23:37,31.5,66,2026-05-22 06:23:37.493539
06:23:42,26.7,55,2026-05-22 06:23:42.595958
06:23:47,29.9,65,2026-05-22 06:23:47.652178
06:23:52,28.4,56,2026-05-22 06:23:52.706354
06:23:57,34.7,48,2026-05-22 06:23:57.737530
06:24:02,34.4,79,2026-05-22 06:24:02.769957
06:24:07,27.0,56,2026-05-22 06:24:07.791586
06:24:12,26.2,60,2026-05-22 06:24:12.837553
06:24:17,33.0,90,2026-05-22 06:24:17.873169
06:24:22,36.8,44,2026-05-22 06:24:22.904102
06:24:27,35.5,79,2026-05-22 06:24:27.945679
06:24:32,36.4,81,2026-05-22 06:24:32.997583
06:24:38,38.2,60,2026-05-22 06:24:38.032009
06:24:43,25.9,57,2026-05-22 06:24:43.065641
06:24:48,31.7,43,2026-05-22 06:24:48.103883
06:24:53,27.5,62,2026-05-22 06:24:53.138250
06:24:58,28.1,55,2026-05-22 06:24:58.169634
06:25:03,32.4,89,2026-05-22 06:25:03.212154
06:25:08,33.6,85,2026-05-22 06:25:08.237461
06:25:13,38.0,82,2026-05-22 06:25:13.291898
06:25:18,28.4,52,2026-05-22 06:25:18.382820
06:25:23,31.0,79,2026-05-22 06:25:23.424690
06:25:28,36.8,41,2026-05-22 06:25:28.460854
06:25:33,31.3,86,2026-05-22 06:25:33.488820
06:25:38,29.4,45,2026-05-22 06:25:38.521219
06:25:43,35.7,83,2026-05-22 06:25:43.565024
06:25:48,28.0,88,2026-05-22 06:25:48.591848
06:25:53,26.5,44,2026-05-22 06:25:53.624018
06:25:58,32.0,75,2026-05-22 06:25:58.681285
06:26:03,33.9,87,2026-05-22 06:26:03.723010
06:26:08,27.7,64,2026-05-22 06:26:08.751860
06:26:13,34.0,77,2026-05-22 06:26:13.781462
06:22:11,39.4,64,2026-05-22 06:22:11.964333
06:22:16,30.8,74,2026-05-22 06:22:16.994692
06:22:22,26.6,82,2026-05-22 06:22:22.023864
06:22:27,35.2,57,2026-05-22 06:22:27.045575
06:22:32,27.4,68,2026-05-22 06:22:32.071645
06:22:37,39.4,63,2026-05-22 06:22:37.098899
06:22:42,29.2,70,2026-05-22 06:22:42.118792
06:22:47,39.3,58,2026-05-22 06:22:47.144877
06:22:52,35.0,45,2026-05-22 06:22:52.171325
06:22:57,28.4,65,2026-05-22 06:22:57.189150
06:23:02,36.4,46,2026-05-22 06:23:02.227596
06:23:07,27.2,53,2026-05-22 06:23:07.253604
06:23:12,34.1,60,2026-05-22 06:23:12.283647
06:23:17,39.5,48,2026-05-22 06:23:17.323262
06:23:22,26.6,90,2026-05-22 06:23:22.352324
06:23:27,38.2,54,2026-05-22 06:23:27.370242
06:23:32,29.2,80,2026-05-22 06:23:32.410683
06:23:37,31.5,66,2026-05-22 06:23:37.493539
06:23:42,26.7,55,2026-05-22 06:23:42.595958
06:23:47,29.9,65,2026-05-22 06:23:47.652178
06:23:52,28.4,56,2026-05-22 06:23:52.706354
06:23:57,34.7,48,2026-05-22 06:23:57.737530
06:24:02,34.4,79,2026-05-22 06:24:02.769957
06:24:07,27.0,56,2026-05-22 06:24:07.791586
06:24:12,26.2,60,2026-05-22 06:24:12.837553
06:24:17,33.0,90,2026-05-22 06:24:17.873169
06:24:22,36.8,44,2026-05-22 06:24:22.904102
06:24:27,35.5,79,2026-05-22 06:24:27.945679
06:24:32,36.4,81,2026-05-22 06:24:32.997583
06:24:38,38.2,60,2026-05-22 06:24:38.032009
06:24:43,25.9,57,2026-05-22 06:24:43.065641
06:24:48,31.7,43,2026-05-22 06:24:48.103883
06:24:53,27.5,62,2026-05-22 06:24:53.138250
06:24:58,28.1,55,2026-05-22 06:24:58.169634
06:25:03,32.4,89,2026-05-22 06:25:03.212154
06:25:08,33.6,85,2026-05-22 06:25:08.237461
06:25:13,38.0,82,2026-05-22 06:25:13.291898
06:25:18,28.4,52,2026-05-22 06:25:18.382820
06:25:23,31.0,79,2026-05-22 06:25:23.424690
06:25:28,36.8,41,2026-05-22 06:25:28.460854
06:25:33,31.3,86,2026-05-22 06:25:33.488820
06:25:38,29.4,45,2026-05-22 06:25:38.521219
06:25:43,35.7,83,2026-05-22 06:25:43.565024
06:25:48,28.0,88,2026-05-22 06:25:48.591848
06:25:53,26.5,44,2026-05-22 06:25:53.624018
06:25:58,32.0,75,2026-05-22 06:25:58.681285
06:26:03,33.9,87,2026-05-22 06:26:03.723010
06:26:08,27.7,64,2026-05-22 06:26:08.751860
06:26:13,34.0,77,2026-05-22 06:26:13.781462
06:26:18,28.3,82,2026-05-22 06:26:18.826476
06:22:16,30.8,74,2026-05-22 06:22:16.994692
06:22:22,26.6,82,2026-05-22 06:22:22.023864
06:22:27,35.2,57,2026-05-22 06:22:27.045575
06:22:32,27.4,68,2026-05-22 06:22:32.071645
06:22:37,39.4,63,2026-05-22 06:22:37.098899
06:22:42,29.2,70,2026-05-22 06:22:42.118792
06:22:47,39.3,58,2026-05-22 06:22:47.144877
06:22:52,35.0,45,2026-05-22 06:22:52.171325
06:22:57,28.4,65,2026-05-22 06:22:57.189150
06:23:02,36.4,46,2026-05-22 06:23:02.227596
06:23:07,27.2,53,2026-05-22 06:23:07.253604
06:23:12,34.1,60,2026-05-22 06:23:12.283647
06:23:17,39.5,48,2026-05-22 06:23:17.323262
06:23:22,26.6,90,2026-05-22 06:23:22.352324
06:23:27,38.2,54,2026-05-22 06:23:27.370242
06:23:32,29.2,80,2026-05-22 06:23:32.410683
06:23:37,31.5,66,2026-05-22 06:23:37.493539
06:23:42,26.7,55,2026-05-22 06:23:42.595958
06:23:47,29.9,65,2026-05-22 06:23:47.652178
06:23:52,28.4,56,2026-05-22 06:23:52.706354
06:23:57,34.7,48,2026-05-22 06:23:57.737530
06:24:02,34.4,79,2026-05-22 06:24:02.769957
06:24:07,27.0,56,2026-05-22 06:24:07.791586
06:24:12,26.2,60,2026-05-22 06:24:12.837553
06:24:17,33.0,90,2026-05-22 06:24:17.873169
06:24:22,36.8,44,2026-05-22 06:24:22.904102
06:24:27,35.5,79,2026-05-22 06:24:27.945679
06:24:32,36.4,81,2026-05-22 06:24:32.997583
06:24:38,38.2,60,2026-05-22 06:24:38.032009
06:24:43,25.9,57,2026-05-22 06:24:43.065641
06:24:48,31.7,43,2026-05-22 06:24:48.103883
06:24:53,27.5,62,2026-05-22 06:24:53.138250
06:24:58,28.1,55,2026-05-22 06:24:58.169634
06:25:03,32.4,89,2026-05-22 06:25:03.212154
06:25:08,33.6,85,2026-05-22 06:25:08.237461
06:25:13,38.0,82,2026-05-22 06:25:13.291898
06:25:18,28.4,52,2026-05-22 06:25:18.382820
06:25:23,31.0,79,2026-05-22 06:25:23.424690
06:25:28,36.8,41,2026-05-22 06:25:28.460854
06:25:33,31.3,86,2026-05-22 06:25:33.488820
06:25:38,29.4,45,2026-05-22 06:25:38.521219
06:25:43,35.7,83,2026-05-22 06:25:43.565024
06:25:48,28.0,88,2026-05-22 06:25:48.591848
06:25:53,26.5,44,2026-05-22 06:25:53.624018
06:25:58,32.0,75,2026-05-22 06:25:58.681285
06:26:03,33.9,87,2026-05-22 06:26:03.723010
06:26:08,27.7,64,2026-05-22 06:26:08.751860
06:26:13,34.0,77,2026-05-22 06:26:13.781462
06:26:18,28.3,82,2026-05-22 06:26:18.826476
06:26:23,38.9,54,2026-05-22 06:26:23.864030
06:22:22,26.6,82,2026-05-22 06:22:22.023864
06:22:27,35.2,57,2026-05-22 06:22:27.045575
06:22:32,27.4,68,2026-05-22 06:22:32.071645
06:22:37,39.4,63,2026-05-22 06:22:37.098899
06:22:42,29.2,70,2026-05-22 06:22:42.118792
06:22:47,39.3,58,2026-05-22 06:22:47.144877
06:22:52,35.0,45,2026-05-22 06:22:52.171325
06:22:57,28.4,65,2026-05-22 06:22:57.189150
06:23:02,36.4,46,2026-05-22 06:23:02.227596
06:23:07,27.2,53,2026-05-22 06:23:07.253604
06:23:12,34.1,60,2026-05-22 06:23:12.283647
06:23:17,39.5,48,2026-05-22 06:23:17.323262
06:23:22,26.6,90,2026-05-22 06:23:22.352324
06:23:27,38.2,54,2026-05-22 06:23:27.370242
06:23:32,29.2,80,2026-05-22 06:23:32.410683
06:23:37,31.5,66,2026-05-22 06:23:37.493539
06:23:42,26.7,55,2026-05-22 06:23:42.595958
06:23:47,29.9,65,2026-05-22 06:23:47.652178
06:23:52,28.4,56,2026-05-22 06:23:52.706354
06:23:57,34.7,48,2026-05-22 06:23:57.737530
06:24:02,34.4,79,2026-05-22 06:24:02.769957
06:24:07,27.0,56,2026-05-22 06:24:07.791586
06:24:12,26.2,60,2026-05-22 06:24:12.837553
06:24:17,33.0,90,2026-05-22 06:24:17.873169
06:24:22,36.8,44,2026-05-22 06:24:22.904102
06:24:27,35.5,79,2026-05-22 06:24:27.945679
06:24:32,36.4,81,2026-05-22 06:24:32.997583
06:24:38,38.2,60,2026-05-22 06:24:38.032009
06:24:43,25.9,57,2026-05-22 06:24:43.065641
06:24:48,31.7,43,2026-05-22 06:24:48.103883
06:24:53,27.5,62,2026-05-22 06:24:53.138250
06:24:58,28.1,55,2026-05-22 06:24:58.169634
06:25:03,32.4,89,2026-05-22 06:25:03.212154
06:25:08,33.6,85,2026-05-22 06:25:08.237461
06:25:13,38.0,82,2026-05-22 06:25:13.291898
06:25:18,28.4,52,2026-05-22 06:25:18.382820
06:25:23,31.0,79,2026-05-22 06:25:23.424690
06:25:28,36.8,41,2026-05-22 06:25:28.460854
06:25:33,31.3,86,2026-05-22 06:25:33.488820
06:25:38,29.4,45,2026-05-22 06:25:38.521219
06:25:43,35.7,83,2026-05-22 06:25:43.565024
06:25:48,28.0,88,2026-05-22 06:25:48.591848
06:25:53,26.5,44,2026-05-22 06:25:53.624018
06:25:58,32.0,75,2026-05-22 06:25:58.681285
06:26:03,33.9,87,2026-05-22 06:26:03.723010
06:26:08,27.7,64,2026-05-22 06:26:08.751860
06:26:13,34.0,77,2026-05-22 06:26:13.781462
06:26:18,28.3,82,2026-05-22 06:26:18.826476
06:26:23,38.9,54,2026-05-22 06:26:23.864030
06:26:28,27.2,80,2026-05-22 06:26:28.888579
06:22:27,35.2,57,2026-05-22 06:22:27.045575
06:22:32,27.4,68,2026-05-22 06:22:32.071645
06:22:37,39.4,63,2026-05-22 06:22:37.098899
06:22:42,29.2,70,2026-05-22 06:22:42.118792
06:22:47,39.3,58,2026-05-22 06:22:47.144877
06:22:52,35.0,45,2026-05-22 06:22:52.171325
06:22:57,28.4,65,2026-05-22 06:22:57.189150
06:23:02,36.4,46,2026-05-22 06:23:02.227596
06:23:07,27.2,53,2026-05-22 06:23:07.253604
06:23:12,34.1,60,2026-05-22 06:23:12.283647
06:23:17,39.5,48,2026-05-22 06:23:17.323262
06:23:22,26.6,90,2026-05-22 06:23:22.352324
06:23:27,38.2,54,2026-05-22 06:23:27.370242
06:23:32,29.2,80,2026-05-22 06:23:32.410683
06:23:37,31.5,66,2026-05-22 06:23:37.493539
06:23:42,26.7,55,2026-05-22 06:23:42.595958
06:23:47,29.9,65,2026-05-22 06:23:47.652178
06:23:52,28.4,56,2026-05-22 06:23:52.706354
06:23:57,34.7,48,2026-05-22 06:23:57.737530
06:24:02,34.4,79,2026-05-22 06:24:02.769957
06:24:07,27.0,56,2026-05-22 06:24:07.791586
06:24:12,26.2,60,2026-05-22 06:24:12.837553
06:24:17,33.0,90,2026-05-22 06:24:17.873169
06:24:22,36.8,44,2026-05-22 06:24:22.904102
06:24:27,35.5,79,2026-05-22 06:24:27.945679
06:24:32,36.4,81,2026-05-22 06:24:32.997583
06:24:38,38.2,60,2026-05-22 06:24:38.032009
06:24:43,25.9,57,2026-05-22 06:24:43.065641
06:24:48,31.7,43,2026-05-22 06:24:48.103883
06:24:53,27.5,62,2026-05-22 06:24:53.138250
06:24:58,28.1,55,2026-05-22 06:24:58.169634
06:25:03,32.4,89,2026-05-22 06:25:03.212154
06:25:08,33.6,85,2026-05-22 06:25:08.237461
06:25:13,38.0,82,2026-05-22 06:25:13.291898
06:25:18,28.4,52,2026-05-22 06:25:18.382820
06:25:23,31.0,79,2026-05-22 06:25:23.424690
06:25:28,36.8,41,2026-05-22 06:25:28.460854
06:25:33,31.3,86,2026-05-22 06:25:33.488820
06:25:38,29.4,45,2026-05-22 06:25:38.521219
06:25:43,35.7,83,2026-05-22 06:25:43.565024
06:25:48,28.0,88,2026-05-22 06:25:48.591848
06:25:53,26.5,44,2026-05-22 06:25:53.624018
06:25:58,32.0,75,2026-05-22 06:25:58.681285
06:26:03,33.9,87,2026-05-22 06:26:03.723010
06:26:08,27.7,64,2026-05-22 06:26:08.751860
06:26:13,34.0,77,2026-05-22 06:26:13.781462
06:26:18,28.3,82,2026-05-22 06:26:18.826476
06:26:23,38.9,54,2026-05-22 06:26:23.864030
06:26:28,27.2,80,2026-05-22 06:26:28.888579
06:26:33,31.3,86,2026-05-22 06:26:33.932567
06:22:32,27.4,68,2026-05-22 06:22:32.071645
06:22:37,39.4,63,2026-05-22 06:22:37.098899
06:22:42,29.2,70,2026-05-22 06:22:42.118792
06:22:47,39.3,58,2026-05-22 06:22:47.144877
06:22:52,35.0,45,2026-05-22 06:22:52.171325
06:22:57,28.4,65,2026-05-22 06:22:57.189150
06:23:02,36.4,46,2026-05-22 06:23:02.227596
06:23:07,27.2,53,2026-05-22 06:23:07.253604
06:23:12,34.1,60,2026-05-22 06:23:12.283647
06:23:17,39.5,48,2026-05-22 06:23:17.323262
06:23:22,26.6,90,2026-05-22 06:23:22.352324
06:23:27,38.2,54,2026-05-22 06:23:27.370242
06:23:32,29.2,80,2026-05-22 06:23:32.410683
06:23:37,31.5,66,2026-05-22 06:23:37.493539
06:23:42,26.7,55,2026-05-22 06:23:42.595958
06:23:47,29.9,65,2026-05-22 06:23:47.652178
06:23:52,28.4,56,2026-05-22 06:23:52.706354
06:23:57,34.7,48,2026-05-22 06:23:57.737530
06:24:02,34.4,79,2026-05-22 06:24:02.769957
06:24:07,27.0,56,2026-05-22 06:24:07.791586
06:24:12,26.2,60,2026-05-22 06:24:12.837553
06:24:17,33.0,90,2026-05-22 06:24:17.873169
06:24:22,36.8,44,2026-05-22 06:24:22.904102
06:24:27,35.5,79,2026-05-22 06:24:27.945679
06:24:32,36.4,81,2026-05-22 06:24:32.997583
06:24:38,38.2,60,2026-05-22 06:24:38.032009
06:24:43,25.9,57,2026-05-22 06:24:43.065641
06:24:48,31.7,43,2026-05-22 06:24:48.103883
06:24:53,27.5,62,2026-05-22 06:24:53.138250
06:24:58,28.1,55,2026-05-22 06:24:58.169634
06:25:03,32.4,89,2026-05-22 06:25:03.212154
06:25:08,33.6,85,2026-05-22 06:25:08.237461
06:25:13,38.0,82,2026-05-22 06:25:13.291898
06:25:18,28.4,52,2026-05-22 06:25:18.382820
06:25:23,31.0,79,2026-05-22 06:25:23.424690
06:25:28,36.8,41,2026-05-22 06:25:28.460854
06:25:33,31.3,86,2026-05-22 06:25:33.488820
06:25:38,29.4,45,2026-05-22 06:25:38.521219
06:25:43,35.7,83,2026-05-22 06:25:43.565024
06:25:48,28.0,88,2026-05-22 06:25:48.591848
06:25:53,26.5,44,2026-05-22 06:25:53.624018
06:25:58,32.0,75,2026-05-22 06:25:58.681285
06:26:03,33.9,87,2026-05-22 06:26:03.723010
06:26:08,27.7,64,2026-05-22 06:26:08.751860
06:26:13,34.0,77,2026-05-22 06:26:13.781462
06:26:18,28.3,82,2026-05-22 06:26:18.826476
06:26:23,38.9,54,2026-05-22 06:26:23.864030
06:26:28,27.2,80,2026-05-22 06:26:28.888579
06:26:33,31.3,86,2026-05-22 06:26:33.932567
06:26:38,36.6,46,2026-05-22 06:26:38.987843
06:22:37,39.4,63,2026-05-22 06:22:37.098899
06:22:42,29.2,70,2026-05-22 06:22:42.118792
06:22:47,39.3,58,2026-05-22 06:22:47.144877
06:22:52,35.0,45,2026-05-22 06:22:52.171325
06:22:57,28.4,65,2026-05-22 06:22:57.189150
06:23:02,36.4,46,2026-05-22 06:23:02.227596
06:23:07,27.2,53,2026-05-22 06:23:07.253604
06:23:12,34.1,60,2026-05-22 06:23:12.283647
06:23:17,39.5,48,2026-05-22 06:23:17.323262
06:23:22,26.6,90,2026-05-22 06:23:22.352324
06:23:27,38.2,54,2026-05-22 06:23:27.370242
06:23:32,29.2,80,2026-05-22 06:23:32.410683
06:23:37,31.5,66,2026-05-22 06:23:37.493539
06:23:42,26.7,55,2026-05-22 06:23:42.595958
06:23:47,29.9,65,2026-05-22 06:23:47.652178
06:23:52,28.4,56,2026-05-22 06:23:52.706354
06:23:57,34.7,48,2026-05-22 06:23:57.737530
06:24:02,34.4,79,2026-05-22 06:24:02.769957
06:24:07,27.0,56,2026-05-22 06:24:07.791586
06:24:12,26.2,60,2026-05-22 06:24:12.837553
06:24:17,33.0,90,2026-05-22 06:24:17.873169
06:24:22,36.8,44,2026-05-22 06:24:22.904102
06:24:27,35.5,79,2026-05-22 06:24:27.945679
06:24:32,36.4,81,2026-05-22 06:24:32.997583
06:24:38,38.2,60,2026-05-22 06:24:38.032009
06:24:43,25.9,57,2026-05-22 06:24:43.065641
06:24:48,31.7,43,2026-05-22 06:24:48.103883
06:24:53,27.5,62,2026-05-22 06:24:53.138250
06:24:58,28.1,55,2026-05-22 06:24:58.169634
06:25:03,32.4,89,2026-05-22 06:25:03.212154
06:25:08,33.6,85,2026-05-22 06:25:08.237461
06:25:13,38.0,82,2026-05-22 06:25:13.291898
06:25:18,28.4,52,2026-05-22 06:25:18.382820
06:25:23,31.0,79,2026-05-22 06:25:23.424690
06:25:28,36.8,41,2026-05-22 06:25:28.460854
06:25:33,31.3,86,2026-05-22 06:25:33.488820
06:25:38,29.4,45,2026-05-22 06:25:38.521219
06:25:43,35.7,83,2026-05-22 06:25:43.565024
06:25:48,28.0,88,2026-05-22 06:25:48.591848
06:25:53,26.5,44,2026-05-22 06:25:53.624018
06:25:58,32.0,75,2026-05-22 06:25:58.681285
06:26:03,33.9,87,2026-05-22 06:26:03.723010
06:26:08,27.7,64,2026-05-22 06:26:08.751860
06:26:13,34.0,77,2026-05-22 06:26:13.781462
06:26:18,28.3,82,2026-05-22 06:26:18.826476
06:26:23,38.9,54,2026-05-22 06:26:23.864030
06:26:28,27.2,80,2026-05-22 06:26:28.888579
06:26:33,31.3,86,2026-05-22 06:26:33.932567
06:26:38,36.6,46,2026-05-22 06:26:38.987843
06:26:44,35.2,60,2026-05-22 06:26:44.016520
06:22:42,29.2,70,2026-05-22 06:22:42.118792
06:22:47,39.3,58,2026-05-22 06:22:47.144877
06:22:52,35.0,45,2026-05-22 06:22:52.171325
06:22:57,28.4,65,2026-05-22 06:22:57.189150
06:23:02,36.4,46,2026-05-22 06:23:02.227596
06:23:07,27.2,53,2026-05-22 06:23:07.253604
06:23:12,34.1,60,2026-05-22 06:23:12.283647
06:23:17,39.5,48,2026-05-22 06:23:17.323262
06:23:22,26.6,90,2026-05-22 06:23:22.352324
06:23:27,38.2,54,2026-05-22 06:23:27.370242
06:23:32,29.2,80,2026-05-22 06:23:32.410683
06:23:37,31.5,66,2026-05-22 06:23:37.493539
06:23:42,26.7,55,2026-05-22 06:23:42.595958
06:23:47,29.9,65,2026-05-22 06:23:47.652178
06:23:52,28.4,56,2026-05-22 06:23:52.706354
06:23:57,34.7,48,2026-05-22 06:23:57.737530
06:24:02,34.4,79,2026-05-22 06:24:02.769957
06:24:07,27.0,56,2026-05-22 06:24:07.791586
06:24:12,26.2,60,2026-05-22 06:24:12.837553
06:24:17,33.0,90,2026-05-22 06:24:17.873169
06:24:22,36.8,44,2026-05-22 06:24:22.904102
06:24:27,35.5,79,2026-05-22 06:24:27.945679
06:24:32,36.4,81,2026-05-22 06:24:32.997583
06:24:38,38.2,60,2026-05-22 06:24:38.032009
06:24:43,25.9,57,2026-05-22 06:24:43.065641
06:24:48,31.7,43,2026-05-22 06:24:48.103883
06:24:53,27.5,62,2026-05-22 06:24:53.138250
06:24:58,28.1,55,2026-05-22 06:24:58.169634
06:25:03,32.4,89,2026-05-22 06:25:03.212154
06:25:08,33.6,85,2026-05-22 06:25:08.237461
06:25:13,38.0,82,2026-05-22 06:25:13.291898
06:25:18,28.4,52,2026-05-22 06:25:18.382820
06:25:23,31.0,79,2026-05-22 06:25:23.424690
06:25:28,36.8,41,2026-05-22 06:25:28.460854
06:25:33,31.3,86,2026-05-22 06:25:33.488820
06:25:38,29.4,45,2026-05-22 06:25:38.521219
06:25:43,35.7,83,2026-05-22 06:25:43.565024
06:25:48,28.0,88,2026-05-22 06:25:48.591848
06:25:53,26.5,44,2026-05-22 06:25:53.624018
06:25:58,32.0,75,2026-05-22 06:25:58.681285
06:26:03,33.9,87,2026-05-22 06:26:03.723010
06:26:08,27.7,64,2026-05-22 06:26:08.751860
06:26:13,34.0,77,2026-05-22 06:26:13.781462
06:26:18,28.3,82,2026-05-22 06:26:18.826476
06:26:23,38.9,54,2026-05-22 06:26:23.864030
06:26:28,27.2,80,2026-05-22 06:26:28.888579
06:26:33,31.3,86,2026-05-22 06:26:33.932567
06:26:38,36.6,46,2026-05-22 06:26:38.987843
06:26:44,35.2,60,2026-05-22 06:26:44.016520
06:26:49,39.1,75,2026-05-22 06:26:49.040382
06:22:47,39.3,58,2026-05-22 06:22:47.144877
06:22:52,35.0,45,2026-05-22 06:22:52.171325
06:22:57,28.4,65,2026-05-22 06:22:57.189150
06:23:02,36.4,46,2026-05-22 06:23:02.227596
06:23:07,27.2,53,2026-05-22 06:23:07.253604
06:23:12,34.1,60,2026-05-22 06:23:12.283647
06:23:17,39.5,48,2026-05-22 06:23:17.323262
06:23:22,26.6,90,2026-05-22 06:23:22.352324
06:23:27,38.2,54,2026-05-22 06:23:27.370242
06:23:32,29.2,80,2026-05-22 06:23:32.410683
06:23:37,31.5,66,2026-05-22 06:23:37.493539
06:23:42,26.7,55,2026-05-22 06:23:42.595958
06:23:47,29.9,65,2026-05-22 06:23:47.652178
06:23:52,28.4,56,2026-05-22 06:23:52.706354
06:23:57,34.7,48,2026-05-22 06:23:57.737530
06:24:02,34.4,79,2026-05-22 06:24:02.769957
06:24:07,27.0,56,2026-05-22 06:24:07.791586
06:24:12,26.2,60,2026-05-22 06:24:12.837553
06:24:17,33.0,90,2026-05-22 06:24:17.873169
06:24:22,36.8,44,2026-05-22 06:24:22.904102
06:24:27,35.5,79,2026-05-22 06:24:27.945679
06:24:32,36.4,81,2026-05-22 06:24:32.997583
06:24:38,38.2,60,2026-05-22 06:24:38.032009
06:24:43,25.9,57,2026-05-22 06:24:43.065641
06:24:48,31.7,43,2026-05-22 06:24:48.103883
06:24:53,27.5,62,2026-05-22 06:24:53.138250
06:24:58,28.1,55,2026-05-22 06:24:58.169634
06:25:03,32.4,89,2026-05-22 06:25:03.212154
06:25:08,33.6,85,2026-05-22 06:25:08.237461
06:25:13,38.0,82,2026-05-22 06:25:13.291898
06:25:18,28.4,52,2026-05-22 06:25:18.382820
06:25:23,31.0,79,2026-05-22 06:25:23.424690
06:25:28,36.8,41,2026-05-22 06:25:28.460854
06:25:33,31.3,86,2026-05-22 06:25:33.488820
06:25:38,29.4,45,2026-05-22 06:25:38.521219
06:25:43,35.7,83,2026-05-22 06:25:43.565024
06:25:48,28.0,88,2026-05-22 06:25:48.591848
06:25:53,26.5,44,2026-05-22 06:25:53.624018
06:25:58,32.0,75,2026-05-22 06:25:58.681285
06:26:03,33.9,87,2026-05-22 06:26:03.723010
06:26:08,27.7,64,2026-05-22 06:26:08.751860
06:26:13,34.0,77,2026-05-22 06:26:13.781462
06:26:18,28.3,82,2026-05-22 06:26:18.826476
06:26:23,38.9,54,2026-05-22 06:26:23.864030
06:26:28,27.2,80,2026-05-22 06:26:28.888579
06:26:33,31.3,86,2026-05-22 06:26:33.932567
06:26:38,36.6,46,2026-05-22 06:26:38.987843
06:26:44,35.2,60,2026-05-22 06:26:44.016520
06:26:49,39.1,75,2026-05-22 06:26:49.040382
06:26:54,38.8,79,2026-05-22 06:26:54.063071
06:22:52,35.0,45,2026-05-22 06:22:52.171325
06:22:57,28.4,65,2026-05-22 06:22:57.189150
06:23:02,36.4,46,2026-05-22 06:23:02.227596
06:23:07,27.2,53,2026-05-22 06:23:07.253604
06:23:12,34.1,60,2026-05-22 06:23:12.283647
06:23:17,39.5,48,2026-05-22 06:23:17.323262
06:23:22,26.6,90,2026-05-22 06:23:22.352324
06:23:27,38.2,54,2026-05-22 06:23:27.370242
06:23:32,29.2,80,2026-05-22 06:23:32.410683
06:23:37,31.5,66,2026-05-22 06:23:37.493539
06:23:42,26.7,55,2026-05-22 06:23:42.595958
06:23:47,29.9,65,2026-05-22 06:23:47.652178
06:23:52,28.4,56,2026-05-22 06:23:52.706354
06:23:57,34.7,48,2026-05-22 06:23:57.737530
06:24:02,34.4,79,2026-05-22 06:24:02.769957
06:24:07,27.0,56,2026-05-22 06:24:07.791586
06:24:12,26.2,60,2026-05-22 06:24:12.837553
06:24:17,33.0,90,2026-05-22 06:24:17.873169
06:24:22,36.8,44,2026-05-22 06:24:22.904102
06:24:27,35.5,79,2026-05-22 06:24:27.945679
06:24:32,36.4,81,2026-05-22 06:24:32.997583
06:24:38,38.2,60,2026-05-22 06:24:38.032009
06:24:43,25.9,57,2026-05-22 06:24:43.065641
06:24:48,31.7,43,2026-05-22 06:24:48.103883
06:24:53,27.5,62,2026-05-22 06:24:53.138250
06:24:58,28.1,55,2026-05-22 06:24:58.169634
06:25:03,32.4,89,2026-05-22 06:25:03.212154
06:25:08,33.6,85,2026-05-22 06:25:08.237461
06:25:13,38.0,82,2026-05-22 06:25:13.291898
06:25:18,28.4,52,2026-05-22 06:25:18.382820
06:25:23,31.0,79,2026-05-22 06:25:23.424690
06:25:28,36.8,41,2026-05-22 06:25:28.460854
06:25:33,31.3,86,2026-05-22 06:25:33.488820
06:25:38,29.4,45,2026-05-22 06:25:38.521219
06:25:43,35.7,83,2026-05-22 06:25:43.565024
06:25:48,28.0,88,2026-05-22 06:25:48.591848
06:25:53,26.5,44,2026-05-22 06:25:53.624018
06:25:58,32.0,75,2026-05-22 06:25:58.681285
06:26:03,33.9,87,2026-05-22 06:26:03.723010
06:26:08,27.7,64,2026-05-22 06:26:08.751860
06:26:13,34.0,77,2026-05-22 06:26:13.781462
06:26:18,28.3,82,2026-05-22 06:26:18.826476
06:26:23,38.9,54,2026-05-22 06:26:23.864030
06:26:28,27.2,80,2026-05-22 06:26:28.888579
06:26:33,31.3,86,2026-05-22 06:26:33.932567
06:26:38,36.6,46,2026-05-22 06:26:38.987843
06:26:44,35.2,60,2026-05-22 06:26:44.016520
06:26:49,39.1,75,2026-05-22 06:26:49.040382
06:26:54,38.8,79,2026-05-22 06:26:54.063071
06:26:59,26.5,48,2026-05-22 06:26:59.085816
06:22:57,28.4,65,2026-05-22 06:22:57.189150
06:23:02,36.4,46,2026-05-22 06:23:02.227596
06:23:07,27.2,53,2026-05-22 06:23:07.253604
06:23:12,34.1,60,2026-05-22 06:23:12.283647
06:23:17,39.5,48,2026-05-22 06:23:17.323262
06:23:22,26.6,90,2026-05-22 06:23:22.352324
06:23:27,38.2,54,2026-05-22 06:23:27.370242
06:23:32,29.2,80,2026-05-22 06:23:32.410683
06:23:37,31.5,66,2026-05-22 06:23:37.493539
06:23:42,26.7,55,2026-05-22 06:23:42.595958
06:23:47,29.9,65,2026-05-22 06:23:47.652178
06:23:52,28.4,56,2026-05-22 06:23:52.706354
06:23:57,34.7,48,2026-05-22 06:23:57.737530
06:24:02,34.4,79,2026-05-22 06:24:02.769957
06:24:07,27.0,56,2026-05-22 06:24:07.791586
06:24:12,26.2,60,2026-05-22 06:24:12.837553
06:24:17,33.0,90,2026-05-22 06:24:17.873169
06:24:22,36.8,44,2026-05-22 06:24:22.904102
06:24:27,35.5,79,2026-05-22 06:24:27.945679
06:24:32,36.4,81,2026-05-22 06:24:32.997583
06:24:38,38.2,60,2026-05-22 06:24:38.032009
06:24:43,25.9,57,2026-05-22 06:24:43.065641
06:24:48,31.7,43,2026-05-22 06:24:48.103883
06:24:53,27.5,62,2026-05-22 06:24:53.138250
06:24:58,28.1,55,2026-05-22 06:24:58.169634
06:25:03,32.4,89,2026-05-22 06:25:03.212154
06:25:08,33.6,85,2026-05-22 06:25:08.237461
06:25:13,38.0,82,2026-05-22 06:25:13.291898
06:25:18,28.4,52,2026-05-22 06:25:18.382820
06:25:23,31.0,79,2026-05-22 06:25:23.424690
06:25:28,36.8,41,2026-05-22 06:25:28.460854
06:25:33,31.3,86,2026-05-22 06:25:33.488820
06:25:38,29.4,45,2026-05-22 06:25:38.521219
06:25:43,35.7,83,2026-05-22 06:25:43.565024
06:25:48,28.0,88,2026-05-22 06:25:48.591848
06:25:53,26.5,44,2026-05-22 06:25:53.624018
06:25:58,32.0,75,2026-05-22 06:25:58.681285
06:26:03,33.9,87,2026-05-22 06:26:03.723010
06:26:08,27.7,64,2026-05-22 06:26:08.751860
06:26:13,34.0,77,2026-05-22 06:26:13.781462
06:26:18,28.3,82,2026-05-22 06:26:18.826476
06:26:23,38.9,54,2026-05-22 06:26:23.864030
06:26:28,27.2,80,2026-05-22 06:26:28.888579
06:26:33,31.3,86,2026-05-22 06:26:33.932567
06:26:38,36.6,46,2026-05-22 06:26:38.987843
06:26:44,35.2,60,2026-05-22 06:26:44.016520
06:26:49,39.1,75,2026-05-22 06:26:49.040382
06:26:54,38.8,79,2026-05-22 06:26:54.063071
06:26:59,26.5,48,2026-05-22 06:26:59.085816
06:27:04,30.6,78,2026-05-22 06:27:04.120535
06:23:02,36.4,46,2026-05-22 06:23:02.227596
06:23:07,27.2,53,2026-05-22 06:23:07.253604
06:23:12,34.1,60,2026-05-22 06:23:12.283647
06:23:17,39.5,48,2026-05-22 06:23:17.323262
06:23:22,26.6,90,2026-05-22 06:23:22.352324
06:23:27,38.2,54,2026-05-22 06:23:27.370242
06:23:32,29.2,80,2026-05-22 06:23:32.410683
06:23:37,31.5,66,2026-05-22 06:23:37.493539
06:23:42,26.7,55,2026-05-22 06:23:42.595958
06:23:47,29.9,65,2026-05-22 06:23:47.652178
06:23:52,28.4,56,2026-05-22 06:23:52.706354
06:23:57,34.7,48,2026-05-22 06:23:57.737530
06:24:02,34.4,79,2026-05-22 06:24:02.769957
06:24:07,27.0,56,2026-05-22 06:24:07.791586
06:24:12,26.2,60,2026-05-22 06:24:12.837553
06:24:17,33.0,90,2026-05-22 06:24:17.873169
06:24:22,36.8,44,2026-05-22 06:24:22.904102
06:24:27,35.5,79,2026-05-22 06:24:27.945679
06:24:32,36.4,81,2026-05-22 06:24:32.997583
06:24:38,38.2,60,2026-05-22 06:24:38.032009
06:24:43,25.9,57,2026-05-22 06:24:43.065641
06:24:48,31.7,43,2026-05-22 06:24:48.103883
06:24:53,27.5,62,2026-05-22 06:24:53.138250
06:24:58,28.1,55,2026-05-22 06:24:58.169634
06:25:03,32.4,89,2026-05-22 06:25:03.212154
06:25:08,33.6,85,2026-05-22 06:25:08.237461
06:25:13,38.0,82,2026-05-22 06:25:13.291898
06:25:18,28.4,52,2026-05-22 06:25:18.382820
06:25:23,31.0,79,2026-05-22 06:25:23.424690
06:25:28,36.8,41,2026-05-22 06:25:28.460854
06:25:33,31.3,86,2026-05-22 06:25:33.488820
06:25:38,29.4,45,2026-05-22 06:25:38.521219
06:25:43,35.7,83,2026-05-22 06:25:43.565024
06:25:48,28.0,88,2026-05-22 06:25:48.591848
06:25:53,26.5,44,2026-05-22 06:25:53.624018
06:25:58,32.0,75,2026-05-22 06:25:58.681285
06:26:03,33.9,87,2026-05-22 06:26:03.723010
06:26:08,27.7,64,2026-05-22 06:26:08.751860
06:26:13,34.0,77,2026-05-22 06:26:13.781462
06:26:18,28.3,82,2026-05-22 06:26:18.826476
06:26:23,38.9,54,2026-05-22 06:26:23.864030
06:26:28,27.2,80,2026-05-22 06:26:28.888579
06:26:33,31.3,86,2026-05-22 06:26:33.932567
06:26:38,36.6,46,2026-05-22 06:26:38.987843
06:26:44,35.2,60,2026-05-22 06:26:44.016520
06:26:49,39.1,75,2026-05-22 06:26:49.040382
06:26:54,38.8,79,2026-05-22 06:26:54.063071
06:26:59,26.5,48,2026-05-22 06:26:59.085816
06:27:04,30.6,78,2026-05-22 06:27:04.120535
06:27:09,30.2,70,2026-05-22 06:27:09.155263
06:23:07,27.2,53,2026-05-22 06:23:07.253604
06:23:12,34.1,60,2026-05-22 06:23:12.283647
06:23:17,39.5,48,2026-05-22 06:23:17.323262
06:23:22,26.6,90,2026-05-22 06:23:22.352324
06:23:27,38.2,54,2026-05-22 06:23:27.370242
06:23:32,29.2,80,2026-05-22 06:23:32.410683
06:23:37,31.5,66,2026-05-22 06:23:37.493539
06:23:42,26.7,55,2026-05-22 06:23:42.595958
06:23:47,29.9,65,2026-05-22 06:23:47.652178
06:23:52,28.4,56,2026-05-22 06:23:52.706354
06:23:57,34.7,48,2026-05-22 06:23:57.737530
06:24:02,34.4,79,2026-05-22 06:24:02.769957
06:24:07,27.0,56,2026-05-22 06:24:07.791586
06:24:12,26.2,60,2026-05-22 06:24:12.837553
06:24:17,33.0,90,2026-05-22 06:24:17.873169
06:24:22,36.8,44,2026-05-22 06:24:22.904102
06:24:27,35.5,79,2026-05-22 06:24:27.945679
06:24:32,36.4,81,2026-05-22 06:24:32.997583
06:24:38,38.2,60,2026-05-22 06:24:38.032009
06:24:43,25.9,57,2026-05-22 06:24:43.065641
06:24:48,31.7,43,2026-05-22 06:24:48.103883
06:24:53,27.5,62,2026-05-22 06:24:53.138250
06:24:58,28.1,55,2026-05-22 06:24:58.169634
06:25:03,32.4,89,2026-05-22 06:25:03.212154
06:25:08,33.6,85,2026-05-22 06:25:08.237461
06:25:13,38.0,82,2026-05-22 06:25:13.291898
06:25:18,28.4,52,2026-05-22 06:25:18.382820
06:25:23,31.0,79,2026-05-22 06:25:23.424690
06:25:28,36.8,41,2026-05-22 06:25:28.460854
06:25:33,31.3,86,2026-05-22 06:25:33.488820
06:25:38,29.4,45,2026-05-22 06:25:38.521219
06:25:43,35.7,83,2026-05-22 06:25:43.565024
06:25:48,28.0,88,2026-05-22 06:25:48.591848
06:25:53,26.5,44,2026-05-22 06:25:53.624018
06:25:58,32.0,75,2026-05-22 06:25:58.681285
06:26:03,33.9,87,2026-05-22 06:26:03.723010
06:26:08,27.7,64,2026-05-22 06:26:08.751860
06:26:13,34.0,77,2026-05-22 06:26:13.781462
06:26:18,28.3,82,2026-05-22 06:26:18.826476
06:26:23,38.9,54,2026-05-22 06:26:23.864030
06:26:28,27.2,80,2026-05-22 06:26:28.888579
06:26:33,31.3,86,2026-05-22 06:26:33.932567
06:26:38,36.6,46,2026-05-22 06:26:38.987843
06:26:44,35.2,60,2026-05-22 06:26:44.016520
06:26:49,39.1,75,2026-05-22 06:26:49.040382
06:26:54,38.8,79,2026-05-22 06:26:54.063071
06:26:59,26.5,48,2026-05-22 06:26:59.085816
06:27:04,30.6,78,2026-05-22 06:27:04.120535
06:27:09,30.2,70,2026-05-22 06:27:09.155263
06:27:14,39.3,69,2026-05-22 06:27:14.179253
06:23:12,34.1,60,2026-05-22 06:23:12.283647
06:23:17,39.5,48,2026-05-22 06:23:17.323262
06:23:22,26.6,90,2026-05-22 06:23:22.352324
06:23:27,38.2,54,2026-05-22 06:23:27.370242
06:23:32,29.2,80,2026-05-22 06:23:32.410683
06:23:37,31.5,66,2026-05-22 06:23:37.493539
06:23:42,26.7,55,2026-05-22 06:23:42.595958
06:23:47,29.9,65,2026-05-22 06:23:47.652178
06:23:52,28.4,56,2026-05-22 06:23:52.706354
06:23:57,34.7,48,2026-05-22 06:23:57.737530
06:24:02,34.4,79,2026-05-22 06:24:02.769957
06:24:07,27.0,56,2026-05-22 06:24:07.791586
06:24:12,26.2,60,2026-05-22 06:24:12.837553
06:24:17,33.0,90,2026-05-22 06:24:17.873169
06:24:22,36.8,44,2026-05-22 06:24:22.904102
06:24:27,35.5,79,2026-05-22 06:24:27.945679
06:24:32,36.4,81,2026-05-22 06:24:32.997583
06:24:38,38.2,60,2026-05-22 06:24:38.032009
06:24:43,25.9,57,2026-05-22 06:24:43.065641
06:24:48,31.7,43,2026-05-22 06:24:48.103883
06:24:53,27.5,62,2026-05-22 06:24:53.138250
06:24:58,28.1,55,2026-05-22 06:24:58.169634
06:25:03,32.4,89,2026-05-22 06:25:03.212154
06:25:08,33.6,85,2026-05-22 06:25:08.237461
06:25:13,38.0,82,2026-05-22 06:25:13.291898
06:25:18,28.4,52,2026-05-22 06:25:18.382820
06:25:23,31.0,79,2026-05-22 06:25:23.424690
06:25:28,36.8,41,2026-05-22 06:25:28.460854
06:25:33,31.3,86,2026-05-22 06:25:33.488820
06:25:38,29.4,45,2026-05-22 06:25:38.521219
06:25:43,35.7,83,2026-05-22 06:25:43.565024
06:25:48,28.0,88,2026-05-22 06:25:48.591848
06:25:53,26.5,44,2026-05-22 06:25:53.624018
06:25:58,32.0,75,2026-05-22 06:25:58.681285
06:26:03,33.9,87,2026-05-22 06:26:03.723010
06:26:08,27.7,64,2026-05-22 06:26:08.751860
06:26:13,34.0,77,2026-05-22 06:26:13.781462
06:26:18,28.3,82,2026-05-22 06:26:18.826476
06:26:23,38.9,54,2026-05-22 06:26:23.864030
06:26:28,27.2,80,2026-05-22 06:26:28.888579
06:26:33,31.3,86,2026-05-22 06:26:33.932567
06:26:38,36.6,46,2026-05-22 06:26:38.987843
06:26:44,35.2,60,2026-05-22 06:26:44.016520
06:26:49,39.1,75,2026-05-22 06:26:49.040382
06:26:54,38.8,79,2026-05-22 06:26:54.063071
06:26:59,26.5,48,2026-05-22 06:26:59.085816
06:27:04,30.6,78,2026-05-22 06:27:04.120535
06:27:09,30.2,70,2026-05-22 06:27:09.155263
06:27:14,39.3,69,2026-05-22 06:27:14.179253
06:27:19,27.9,40,2026-05-22 06:27:19.202999
06:23:17,39.5,48,2026-05-22 06:23:17.323262
06:23:22,26.6,90,2026-05-22 06:23:22.352324
06:23:27,38.2,54,2026-05-22 06:23:27.370242
06:23:32,29.2,80,2026-05-22 06:23:32.410683
06:23:37,31.5,66,2026-05-22 06:23:37.493539
06:23:42,26.7,55,2026-05-22 06:23:42.595958
06:23:47,29.9,65,2026-05-22 06:23:47.652178
06:23:52,28.4,56,2026-05-22 06:23:52.706354
06:23:57,34.7,48,2026-05-22 06:23:57.737530
06:24:02,34.4,79,2026-05-22 06:24:02.769957
06:24:07,27.0,56,2026-05-22 06:24:07.791586
06:24:12,26.2,60,2026-05-22 06:24:12.837553
06:24:17,33.0,90,2026-05-22 06:24:17.873169
06:24:22,36.8,44,2026-05-22 06:24:22.904102
06:24:27,35.5,79,2026-05-22 06:24:27.945679
06:24:32,36.4,81,2026-05-22 06:24:32.997583
06:24:38,38.2,60,2026-05-22 06:24:38.032009
06:24:43,25.9,57,2026-05-22 06:24:43.065641
06:24:48,31.7,43,2026-05-22 06:24:48.103883
06:24:53,27.5,62,2026-05-22 06:24:53.138250
06:24:58,28.1,55,2026-05-22 06:24:58.169634
06:25:03,32.4,89,2026-05-22 06:25:03.212154
06:25:08,33.6,85,2026-05-22 06:25:08.237461
06:25:13,38.0,82,2026-05-22 06:25:13.291898
06:25:18,28.4,52,2026-05-22 06:25:18.382820
06:25:23,31.0,79,2026-05-22 06:25:23.424690
06:25:28,36.8,41,2026-05-22 06:25:28.460854
06:25:33,31.3,86,2026-05-22 06:25:33.488820
06:25:38,29.4,45,2026-05-22 06:25:38.521219
06:25:43,35.7,83,2026-05-22 06:25:43.565024
06:25:48,28.0,88,2026-05-22 06:25:48.591848
06:25:53,26.5,44,2026-05-22 06:25:53.624018
06:25:58,32.0,75,2026-05-22 06:25:58.681285
06:26:03,33.9,87,2026-05-22 06:26:03.723010
06:26:08,27.7,64,2026-05-22 06:26:08.751860
06:26:13,34.0,77,2026-05-22 06:26:13.781462
06:26:18,28.3,82,2026-05-22 06:26:18.826476
06:26:23,38.9,54,2026-05-22 06:26:23.864030
06:26:28,27.2,80,2026-05-22 06:26:28.888579
06:26:33,31.3,86,2026-05-22 06:26:33.932567
06:26:38,36.6,46,2026-05-22 06:26:38.987843
06:26:44,35.2,60,2026-05-22 06:26:44.016520
06:26:49,39.1,75,2026-05-22 06:26:49.040382
06:26:54,38.8,79,2026-05-22 06:26:54.063071
06:26:59,26.5,48,2026-05-22 06:26:59.085816
06:27:04,30.6,78,2026-05-22 06:27:04.120535
06:27:09,30.2,70,2026-05-22 06:27:09.155263
06:27:14,39.3,69,2026-05-22 06:27:14.179253
06:27:19,27.9,40,2026-05-22 06:27:19.202999
06:27:24,37.3,43,2026-05-22 06:27:24.229269
06:23:22,26.6,90,2026-05-22 06:23:22.352324
06:23:27,38.2,54,2026-05-22 06:23:27.370242
06:23:32,29.2,80,2026-05-22 06:23:32.410683
06:23:37,31.5,66,2026-05-22 06:23:37.493539
06:23:42,26.7,55,2026-05-22 06:23:42.595958
06:23:47,29.9,65,2026-05-22 06:23:47.652178
06:23:52,28.4,56,2026-05-22 06:23:52.706354
06:23:57,34.7,48,2026-05-22 06:23:57.737530
06:24:02,34.4,79,2026-05-22 06:24:02.769957
06:24:07,27.0,56,2026-05-22 06:24:07.791586
06:24:12,26.2,60,2026-05-22 06:24:12.837553
06:24:17,33.0,90,2026-05-22 06:24:17.873169
06:24:22,36.8,44,2026-05-22 06:24:22.904102
06:24:27,35.5,79,2026-05-22 06:24:27.945679
06:24:32,36.4,81,2026-05-22 06:24:32.997583
06:24:38,38.2,60,2026-05-22 06:24:38.032009
06:24:43,25.9,57,2026-05-22 06:24:43.065641
06:24:48,31.7,43,2026-05-22 06:24:48.103883
06:24:53,27.5,62,2026-05-22 06:24:53.138250
06:24:58,28.1,55,2026-05-22 06:24:58.169634
06:25:03,32.4,89,2026-05-22 06:25:03.212154
06:25:08,33.6,85,2026-05-22 06:25:08.237461
06:25:13,38.0,82,2026-05-22 06:25:13.291898
06:25:18,28.4,52,2026-05-22 06:25:18.382820
06:25:23,31.0,79,2026-05-22 06:25:23.424690
06:25:28,36.8,41,2026-05-22 06:25:28.460854
06:25:33,31.3,86,2026-05-22 06:25:33.488820
06:25:38,29.4,45,2026-05-22 06:25:38.521219
06:25:43,35.7,83,2026-05-22 06:25:43.565024
06:25:48,28.0,88,2026-05-22 06:25:48.591848
06:25:53,26.5,44,2026-05-22 06:25:53.624018
06:25:58,32.0,75,2026-05-22 06:25:58.681285
06:26:03,33.9,87,2026-05-22 06:26:03.723010
06:26:08,27.7,64,2026-05-22 06:26:08.751860
06:26:13,34.0,77,2026-05-22 06:26:13.781462
06:26:18,28.3,82,2026-05-22 06:26:18.826476
06:26:23,38.9,54,2026-05-22 06:26:23.864030
06:26:28,27.2,80,2026-05-22 06:26:28.888579
06:26:33,31.3,86,2026-05-22 06:26:33.932567
06:26:38,36.6,46,2026-05-22 06:26:38.987843
06:26:44,35.2,60,2026-05-22 06:26:44.016520
06:26:49,39.1,75,2026-05-22 06:26:49.040382
06:26:54,38.8,79,2026-05-22 06:26:54.063071
06:26:59,26.5,48,2026-05-22 06:26:59.085816
06:27:04,30.6,78,2026-05-22 06:27:04.120535
06:27:09,30.2,70,2026-05-22 06:27:09.155263
06:27:14,39.3,69,2026-05-22 06:27:14.179253
06:27:19,27.9,40,2026-05-22 06:27:19.202999
06:27:24,37.3,43,2026-05-22 06:27:24.229269
06:27:29,28.5,48,2026-05-22 06:27:29.261695
06:23:27,38.2,54,2026-05-22 06:23:27.370242
06:23:32,29.2,80,2026-05-22 06:23:32.410683
06:23:37,31.5,66,2026-05-22 06:23:37.493539
06:23:42,26.7,55,2026-05-22 06:23:42.595958
06:23:47,29.9,65,2026-05-22 06:23:47.652178
06:23:52,28.4,56,2026-05-22 06:23:52.706354
06:23:57,34.7,48,2026-05-22 06:23:57.737530
06:24:02,34.4,79,2026-05-22 06:24:02.769957
06:24:07,27.0,56,2026-05-22 06:24:07.791586
06:24:12,26.2,60,2026-05-22 06:24:12.837553
06:24:17,33.0,90,2026-05-22 06:24:17.873169
06:24:22,36.8,44,2026-05-22 06:24:22.904102
06:24:27,35.5,79,2026-05-22 06:24:27.945679
06:24:32,36.4,81,2026-05-22 06:24:32.997583
06:24:38,38.2,60,2026-05-22 06:24:38.032009
06:24:43,25.9,57,2026-05-22 06:24:43.065641
06:24:48,31.7,43,2026-05-22 06:24:48.103883
06:24:53,27.5,62,2026-05-22 06:24:53.138250
06:24:58,28.1,55,2026-05-22 06:24:58.169634
06:25:03,32.4,89,2026-05-22 06:25:03.212154
06:25:08,33.6,85,2026-05-22 06:25:08.237461
06:25:13,38.0,82,2026-05-22 06:25:13.291898
06:25:18,28.4,52,2026-05-22 06:25:18.382820
06:25:23,31.0,79,2026-05-22 06:25:23.424690
06:25:28,36.8,41,2026-05-22 06:25:28.460854
06:25:33,31.3,86,2026-05-22 06:25:33.488820
06:25:38,29.4,45,2026-05-22 06:25:38.521219
06:25:43,35.7,83,2026-05-22 06:25:43.565024
06:25:48,28.0,88,2026-05-22 06:25:48.591848
06:25:53,26.5,44,2026-05-22 06:25:53.624018
06:25:58,32.0,75,2026-05-22 06:25:58.681285
06:26:03,33.9,87,2026-05-22 06:26:03.723010
06:26:08,27.7,64,2026-05-22 06:26:08.751860
06:26:13,34.0,77,2026-05-22 06:26:13.781462
06:26:18,28.3,82,2026-05-22 06:26:18.826476
06:26:23,38.9,54,2026-05-22 06:26:23.864030
06:26:28,27.2,80,2026-05-22 06:26:28.888579
06:26:33,31.3,86,2026-05-22 06:26:33.932567
06:26:38,36.6,46,2026-05-22 06:26:38.987843
06:26:44,35.2,60,2026-05-22 06:26:44.016520
06:26:49,39.1,75,2026-05-22 06:26:49.040382
06:26:54,38.8,79,2026-05-22 06:26:54.063071
06:26:59,26.5,48,2026-05-22 06:26:59.085816
06:27:04,30.6,78,2026-05-22 06:27:04.120535
06:27:09,30.2,70,2026-05-22 06:27:09.155263
06:27:14,39.3,69,2026-05-22 06:27:14.179253
06:27:19,27.9,40,2026-05-22 06:27:19.202999
06:27:24,37.3,43,2026-05-22 06:27:24.229269
06:27:29,28.5,48,2026-05-22 06:27:29.261695
06:27:34,30.0,46,2026-05-22 06:27:34.290563
06:23:32,29.2,80,2026-05-22 06:23:32.410683
06:23:37,31.5,66,2026-05-22 06:23:37.493539
06:23:42,26.7,55,2026-05-22 06:23:42.595958
06:23:47,29.9,65,2026-05-22 06:23:47.652178
06:23:52,28.4,56,2026-05-22 06:23:52.706354
06:23:57,34.7,48,2026-05-22 06:23:57.737530
06:24:02,34.4,79,2026-05-22 06:24:02.769957
06:24:07,27.0,56,2026-05-22 06:24:07.791586
06:24:12,26.2,60,2026-05-22 06:24:12.837553
06:24:17,33.0,90,2026-05-22 06:24:17.873169
06:24:22,36.8,44,2026-05-22 06:24:22.904102
06:24:27,35.5,79,2026-05-22 06:24:27.945679
06:24:32,36.4,81,2026-05-22 06:24:32.997583
06:24:38,38.2,60,2026-05-22 06:24:38.032009
06:24:43,25.9,57,2026-05-22 06:24:43.065641
06:24:48,31.7,43,2026-05-22 06:24:48.103883
06:24:53,27.5,62,2026-05-22 06:24:53.138250
06:24:58,28.1,55,2026-05-22 06:24:58.169634
06:25:03,32.4,89,2026-05-22 06:25:03.212154
06:25:08,33.6,85,2026-05-22 06:25:08.237461
06:25:13,38.0,82,2026-05-22 06:25:13.291898
06:25:18,28.4,52,2026-05-22 06:25:18.382820
06:25:23,31.0,79,2026-05-22 06:25:23.424690
06:25:28,36.8,41,2026-05-22 06:25:28.460854
06:25:33,31.3,86,2026-05-22 06:25:33.488820
06:25:38,29.4,45,2026-05-22 06:25:38.521219
06:25:43,35.7,83,2026-05-22 06:25:43.565024
06:25:48,28.0,88,2026-05-22 06:25:48.591848
06:25:53,26.5,44,2026-05-22 06:25:53.624018
06:25:58,32.0,75,2026-05-22 06:25:58.681285
06:26:03,33.9,87,2026-05-22 06:26:03.723010
06:26:08,27.7,64,2026-05-22 06:26:08.751860
06:26:13,34.0,77,2026-05-22 06:26:13.781462
06:26:18,28.3,82,2026-05-22 06:26:18.826476
06:26:23,38.9,54,2026-05-22 06:26:23.864030
06:26:28,27.2,80,2026-05-22 06:26:28.888579
06:26:33,31.3,86,2026-05-22 06:26:33.932567
06:26:38,36.6,46,2026-05-22 06:26:38.987843
06:26:44,35.2,60,2026-05-22 06:26:44.016520
06:26:49,39.1,75,2026-05-22 06:26:49.040382
06:26:54,38.8,79,2026-05-22 06:26:54.063071
06:26:59,26.5,48,2026-05-22 06:26:59.085816
06:27:04,30.6,78,2026-05-22 06:27:04.120535
06:27:09,30.2,70,2026-05-22 06:27:09.155263
06:27:14,39.3,69,2026-05-22 06:27:14.179253
06:27:19,27.9,40,2026-05-22 06:27:19.202999
06:27:24,37.3,43,2026-05-22 06:27:24.229269
06:27:29,28.5,48,2026-05-22 06:27:29.261695
06:27:34,30.0,46,2026-05-22 06:27:34.290563
06:27:39,32.3,77,2026-05-22 06:27:39.313777
06:23:37,31.5,66,2026-05-22 06:23:37.493539
06:23:42,26.7,55,2026-05-22 06:23:42.595958
06:23:47,29.9,65,2026-05-22 06:23:47.652178
06:23:52,28.4,56,2026-05-22 06:23:52.706354
06:23:57,34.7,48,2026-05-22 06:23:57.737530
06:24:02,34.4,79,2026-05-22 06:24:02.769957
06:24:07,27.0,56,2026-05-22 06:24:07.791586
06:24:12,26.2,60,2026-05-22 06:24:12.837553
06:24:17,33.0,90,2026-05-22 06:24:17.873169
06:24:22,36.8,44,2026-05-22 06:24:22.904102
06:24:27,35.5,79,2026-05-22 06:24:27.945679
06:24:32,36.4,81,2026-05-22 06:24:32.997583
06:24:38,38.2,60,2026-05-22 06:24:38.032009
06:24:43,25.9,57,2026-05-22 06:24:43.065641
06:24:48,31.7,43,2026-05-22 06:24:48.103883
06:24:53,27.5,62,2026-05-22 06:24:53.138250
06:24:58,28.1,55,2026-05-22 06:24:58.169634
06:25:03,32.4,89,2026-05-22 06:25:03.212154
06:25:08,33.6,85,2026-05-22 06:25:08.237461
06:25:13,38.0,82,2026-05-22 06:25:13.291898
06:25:18,28.4,52,2026-05-22 06:25:18.382820
06:25:23,31.0,79,2026-05-22 06:25:23.424690
06:25:28,36.8,41,2026-05-22 06:25:28.460854
06:25:33,31.3,86,2026-05-22 06:25:33.488820
06:25:38,29.4,45,2026-05-22 06:25:38.521219
06:25:43,35.7,83,2026-05-22 06:25:43.565024
06:25:48,28.0,88,2026-05-22 06:25:48.591848
06:25:53,26.5,44,2026-05-22 06:25:53.624018
06:25:58,32.0,75,2026-05-22 06:25:58.681285
06:26:03,33.9,87,2026-05-22 06:26:03.723010
06:26:08,27.7,64,2026-05-22 06:26:08.751860
06:26:13,34.0,77,2026-05-22 06:26:13.781462
06:26:18,28.3,82,2026-05-22 06:26:18.826476
06:26:23,38.9,54,2026-05-22 06:26:23.864030
06:26:28,27.2,80,2026-05-22 06:26:28.888579
06:26:33,31.3,86,2026-05-22 06:26:33.932567
06:26:38,36.6,46,2026-05-22 06:26:38.987843
06:26:44,35.2,60,2026-05-22 06:26:44.016520
06:26:49,39.1,75,2026-05-22 06:26:49.040382
06:26:54,38.8,79,2026-05-22 06:26:54.063071
06:26:59,26.5,48,2026-05-22 06:26:59.085816
06:27:04,30.6,78,2026-05-22 06:27:04.120535
06:27:09,30.2,70,2026-05-22 06:27:09.155263
06:27:14,39.3,69,2026-05-22 06:27:14.179253
06:27:19,27.9,40,2026-05-22 06:27:19.202999
06:27:24,37.3,43,2026-05-22 06:27:24.229269
06:27:29,28.5,48,2026-05-22 06:27:29.261695
06:27:34,30.0,46,2026-05-22 06:27:34.290563
06:27:39,32.3,77,2026-05-22 06:27:39.313777
06:27:44,30.7,64,2026-05-22 06:27:44.337117
06:23:42,26.7,55,2026-05-22 06:23:42.595958
06:23:47,29.9,65,2026-05-22 06:23:47.652178
06:23:52,28.4,56,2026-05-22 06:23:52.706354
06:23:57,34.7,48,2026-05-22 06:23:57.737530
06:24:02,34.4,79,2026-05-22 06:24:02.769957
06:24:07,27.0,56,2026-05-22 06:24:07.791586
06:24:12,26.2,60,2026-05-22 06:24:12.837553
06:24:17,33.0,90,2026-05-22 06:24:17.873169
06:24:22,36.8,44,2026-05-22 06:24:22.904102
06:24:27,35.5,79,2026-05-22 06:24:27.945679
06:24:32,36.4,81,2026-05-22 06:24:32.997583
06:24:38,38.2,60,2026-05-22 06:24:38.032009
06:24:43,25.9,57,2026-05-22 06:24:43.065641
06:24:48,31.7,43,2026-05-22 06:24:48.103883
06:24:53,27.5,62,2026-05-22 06:24:53.138250
06:24:58,28.1,55,2026-05-22 06:24:58.169634
06:25:03,32.4,89,2026-05-22 06:25:03.212154
06:25:08,33.6,85,2026-05-22 06:25:08.237461
06:25:13,38.0,82,2026-05-22 06:25:13.291898
06:25:18,28.4,52,2026-05-22 06:25:18.382820
06:25:23,31.0,79,2026-05-22 06:25:23.424690
06:25:28,36.8,41,2026-05-22 06:25:28.460854
06:25:33,31.3,86,2026-05-22 06:25:33.488820
06:25:38,29.4,45,2026-05-22 06:25:38.521219
06:25:43,35.7,83,2026-05-22 06:25:43.565024
06:25:48,28.0,88,2026-05-22 06:25:48.591848
06:25:53,26.5,44,2026-05-22 06:25:53.624018
06:25:58,32.0,75,2026-05-22 06:25:58.681285
06:26:03,33.9,87,2026-05-22 06:26:03.723010
06:26:08,27.7,64,2026-05-22 06:26:08.751860
06:26:13,34.0,77,2026-05-22 06:26:13.781462
06:26:18,28.3,82,2026-05-22 06:26:18.826476
06:26:23,38.9,54,2026-05-22 06:26:23.864030
06:26:28,27.2,80,2026-05-22 06:26:28.888579
06:26:33,31.3,86,2026-05-22 06:26:33.932567
06:26:38,36.6,46,2026-05-22 06:26:38.987843
06:26:44,35.2,60,2026-05-22 06:26:44.016520
06:26:49,39.1,75,2026-05-22 06:26:49.040382
06:26:54,38.8,79,2026-05-22 06:26:54.063071
06:26:59,26.5,48,2026-05-22 06:26:59.085816
06:27:04,30.6,78,2026-05-22 06:27:04.120535
06:27:09,30.2,70,2026-05-22 06:27:09.155263
06:27:14,39.3,69,2026-05-22 06:27:14.179253
06:27:19,27.9,40,2026-05-22 06:27:19.202999
06:27:24,37.3,43,2026-05-22 06:27:24.229269
06:27:29,28.5,48,2026-05-22 06:27:29.261695
06:27:34,30.0,46,2026-05-22 06:27:34.290563
06:27:39,32.3,77,2026-05-22 06:27:39.313777
06:27:44,30.7,64,2026-05-22 06:27:44.337117
06:27:49,39.3,76,2026-05-22 06:27:49.367452
06:23:47,29.9,65,2026-05-22 06:23:47.652178
06:23:52,28.4,56,2026-05-22 06:23:52.706354
06:23:57,34.7,48,2026-05-22 06:23:57.737530
06:24:02,34.4,79,2026-05-22 06:24:02.769957
06:24:07,27.0,56,2026-05-22 06:24:07.791586
06:24:12,26.2,60,2026-05-22 06:24:12.837553
06:24:17,33.0,90,2026-05-22 06:24:17.873169
06:24:22,36.8,44,2026-05-22 06:24:22.904102
06:24:27,35.5,79,2026-05-22 06:24:27.945679
06:24:32,36.4,81,2026-05-22 06:24:32.997583
06:24:38,38.2,60,2026-05-22 06:24:38.032009
06:24:43,25.9,57,2026-05-22 06:24:43.065641
06:24:48,31.7,43,2026-05-22 06:24:48.103883
06:24:53,27.5,62,2026-05-22 06:24:53.138250
06:24:58,28.1,55,2026-05-22 06:24:58.169634
06:25:03,32.4,89,2026-05-22 06:25:03.212154
06:25:08,33.6,85,2026-05-22 06:25:08.237461
06:25:13,38.0,82,2026-05-22 06:25:13.291898
06:25:18,28.4,52,2026-05-22 06:25:18.382820
06:25:23,31.0,79,2026-05-22 06:25:23.424690
06:25:28,36.8,41,2026-05-22 06:25:28.460854
06:25:33,31.3,86,2026-05-22 06:25:33.488820
06:25:38,29.4,45,2026-05-22 06:25:38.521219
06:25:43,35.7,83,2026-05-22 06:25:43.565024
06:25:48,28.0,88,2026-05-22 06:25:48.591848
06:25:53,26.5,44,2026-05-22 06:25:53.624018
06:25:58,32.0,75,2026-05-22 06:25:58.681285
06:26:03,33.9,87,2026-05-22 06:26:03.723010
06:26:08,27.7,64,2026-05-22 06:26:08.751860
06:26:13,34.0,77,2026-05-22 06:26:13.781462
06:26:18,28.3,82,2026-05-22 06:26:18.826476
06:26:23,38.9,54,2026-05-22 06:26:23.864030
06:26:28,27.2,80,2026-05-22 06:26:28.888579
06:26:33,31.3,86,2026-05-22 06:26:33.932567
06:26:38,36.6,46,2026-05-22 06:26:38.987843
06:26:44,35.2,60,2026-05-22 06:26:44.016520
06:26:49,39.1,75,2026-05-22 06:26:49.040382
06:26:54,38.8,79,2026-05-22 06:26:54.063071
06:26:59,26.5,48,2026-05-22 06:26:59.085816
06:27:04,30.6,78,2026-05-22 06:27:04.120535
06:27:09,30.2,70,2026-05-22 06:27:09.155263
06:27:14,39.3,69,2026-05-22 06:27:14.179253
06:27:19,27.9,40,2026-05-22 06:27:19.202999
06:27:24,37.3,43,2026-05-22 06:27:24.229269
06:27:29,28.5,48,2026-05-22 06:27:29.261695
06:27:34,30.0,46,2026-05-22 06:27:34.290563
06:27:39,32.3,77,2026-05-22 06:27:39.313777
06:27:44,30.7,64,2026-05-22 06:27:44.337117
06:27:49,39.3,76,2026-05-22 06:27:49.367452
06:27:54,38.5,77,2026-05-22 06:27:54.405098
06:23:52,28.4,56,2026-05-22 06:23:52.706354
06:23:57,34.7,48,2026-05-22 06:23:57.737530
06:24:02,34.4,79,2026-05-22 06:24:02.769957
06:24:07,27.0,56,2026-05-22 06:24:07.791586
06:24:12,26.2,60,2026-05-22 06:24:12.837553
06:24:17,33.0,90,2026-05-22 06:24:17.873169
06:24:22,36.8,44,2026-05-22 06:24:22.904102
06:24:27,35.5,79,2026-05-22 06:24:27.945679
06:24:32,36.4,81,2026-05-22 06:24:32.997583
06:24:38,38.2,60,2026-05-22 06:24:38.032009
06:24:43,25.9,57,2026-05-22 06:24:43.065641
06:24:48,31.7,43,2026-05-22 06:24:48.103883
06:24:53,27.5,62,2026-05-22 06:24:53.138250
06:24:58,28.1,55,2026-05-22 06:24:58.169634
06:25:03,32.4,89,2026-05-22 06:25:03.212154
06:25:08,33.6,85,2026-05-22 06:25:08.237461
06:25:13,38.0,82,2026-05-22 06:25:13.291898
06:25:18,28.4,52,2026-05-22 06:25:18.382820
06:25:23,31.0,79,2026-05-22 06:25:23.424690
06:25:28,36.8,41,2026-05-22 06:25:28.460854
06:25:33,31.3,86,2026-05-22 06:25:33.488820
06:25:38,29.4,45,2026-05-22 06:25:38.521219
06:25:43,35.7,83,2026-05-22 06:25:43.565024
06:25:48,28.0,88,2026-05-22 06:25:48.591848
06:25:53,26.5,44,2026-05-22 06:25:53.624018
06:25:58,32.0,75,2026-05-22 06:25:58.681285
06:26:03,33.9,87,2026-05-22 06:26:03.723010
06:26:08,27.7,64,2026-05-22 06:26:08.751860
06:26:13,34.0,77,2026-05-22 06:26:13.781462
06:26:18,28.3,82,2026-05-22 06:26:18.826476
06:26:23,38.9,54,2026-05-22 06:26:23.864030
06:26:28,27.2,80,2026-05-22 06:26:28.888579
06:26:33,31.3,86,2026-05-22 06:26:33.932567
06:26:38,36.6,46,2026-05-22 06:26:38.987843
06:26:44,35.2,60,2026-05-22 06:26:44.016520
06:26:49,39.1,75,2026-05-22 06:26:49.040382
06:26:54,38.8,79,2026-05-22 06:26:54.063071
06:26:59,26.5,48,2026-05-22 06:26:59.085816
06:27:04,30.6,78,2026-05-22 06:27:04.120535
06:27:09,30.2,70,2026-05-22 06:27:09.155263
06:27:14,39.3,69,2026-05-22 06:27:14.179253
06:27:19,27.9,40,2026-05-22 06:27:19.202999
06:27:24,37.3,43,2026-05-22 06:27:24.229269
06:27:29,28.5,48,2026-05-22 06:27:29.261695
06:27:34,30.0,46,2026-05-22 06:27:34.290563
06:27:39,32.3,77,2026-05-22 06:27:39.313777
06:27:44,30.7,64,2026-05-22 06:27:44.337117
06:27:49,39.3,76,2026-05-22 06:27:49.367452
06:27:54,38.5,77,2026-05-22 06:27:54.405098
06:27:59,38.8,54,2026-05-22 06:27:59.437364
06:23:57,34.7,48,2026-05-22 06:23:57.737530
06:24:02,34.4,79,2026-05-22 06:24:02.769957
06:24:07,27.0,56,2026-05-22 06:24:07.791586
06:24:12,26.2,60,2026-05-22 06:24:12.837553
06:24:17,33.0,90,2026-05-22 06:24:17.873169
06:24:22,36.8,44,2026-05-22 06:24:22.904102
06:24:27,35.5,79,2026-05-22 06:24:27.945679
06:24:32,36.4,81,2026-05-22 06:24:32.997583
06:24:38,38.2,60,2026-05-22 06:24:38.032009
06:24:43,25.9,57,2026-05-22 06:24:43.065641
06:24:48,31.7,43,2026-05-22 06:24:48.103883
06:24:53,27.5,62,2026-05-22 06:24:53.138250
06:24:58,28.1,55,2026-05-22 06:24:58.169634
06:25:03,32.4,89,2026-05-22 06:25:03.212154
06:25:08,33.6,85,2026-05-22 06:25:08.237461
06:25:13,38.0,82,2026-05-22 06:25:13.291898
06:25:18,28.4,52,2026-05-22 06:25:18.382820
06:25:23,31.0,79,2026-05-22 06:25:23.424690
06:25:28,36.8,41,2026-05-22 06:25:28.460854
06:25:33,31.3,86,2026-05-22 06:25:33.488820
06:25:38,29.4,45,2026-05-22 06:25:38.521219
06:25:43,35.7,83,2026-05-22 06:25:43.565024
06:25:48,28.0,88,2026-05-22 06:25:48.591848
06:25:53,26.5,44,2026-05-22 06:25:53.624018
06:25:58,32.0,75,2026-05-22 06:25:58.681285
06:26:03,33.9,87,2026-05-22 06:26:03.723010
06:26:08,27.7,64,2026-05-22 06:26:08.751860
06:26:13,34.0,77,2026-05-22 06:26:13.781462
06:26:18,28.3,82,2026-05-22 06:26:18.826476
06:26:23,38.9,54,2026-05-22 06:26:23.864030
06:26:28,27.2,80,2026-05-22 06:26:28.888579
06:26:33,31.3,86,2026-05-22 06:26:33.932567
06:26:38,36.6,46,2026-05-22 06:26:38.987843
06:26:44,35.2,60,2026-05-22 06:26:44.016520
06:26:49,39.1,75,2026-05-22 06:26:49.040382
06:26:54,38.8,79,2026-05-22 06:26:54.063071
06:26:59,26.5,48,2026-05-22 06:26:59.085816
06:27:04,30.6,78,2026-05-22 06:27:04.120535
06:27:09,30.2,70,2026-05-22 06:27:09.155263
06:27:14,39.3,69,2026-05-22 06:27:14.179253
06:27:19,27.9,40,2026-05-22 06:27:19.202999
06:27:24,37.3,43,2026-05-22 06:27:24.229269
06:27:29,28.5,48,2026-05-22 06:27:29.261695
06:27:34,30.0,46,2026-05-22 06:27:34.290563
06:27:39,32.3,77,2026-05-22 06:27:39.313777
06:27:44,30.7,64,2026-05-22 06:27:44.337117
06:27:49,39.3,76,2026-05-22 06:27:49.367452
06:27:54,38.5,77,2026-05-22 06:27:54.405098
06:27:59,38.8,54,2026-05-22 06:27:59.437364
06:28:04,31.4,60,2026-05-22 06:28:04.468066
06:24:02,34.4,79,2026-05-22 06:24:02.769957
06:24:07,27.0,56,2026-05-22 06:24:07.791586
06:24:12,26.2,60,2026-05-22 06:24:12.837553
06:24:17,33.0,90,2026-05-22 06:24:17.873169
06:24:22,36.8,44,2026-05-22 06:24:22.904102
06:24:27,35.5,79,2026-05-22 06:24:27.945679
06:24:32,36.4,81,2026-05-22 06:24:32.997583
06:24:38,38.2,60,2026-05-22 06:24:38.032009
06:24:43,25.9,57,2026-05-22 06:24:43.065641
06:24:48,31.7,43,2026-05-22 06:24:48.103883
06:24:53,27.5,62,2026-05-22 06:24:53.138250
06:24:58,28.1,55,2026-05-22 06:24:58.169634
06:25:03,32.4,89,2026-05-22 06:25:03.212154
06:25:08,33.6,85,2026-05-22 06:25:08.237461
06:25:13,38.0,82,2026-05-22 06:25:13.291898
06:25:18,28.4,52,2026-05-22 06:25:18.382820
06:25:23,31.0,79,2026-05-22 06:25:23.424690
06:25:28,36.8,41,2026-05-22 06:25:28.460854
06:25:33,31.3,86,2026-05-22 06:25:33.488820
06:25:38,29.4,45,2026-05-22 06:25:38.521219
06:25:43,35.7,83,2026-05-22 06:25:43.565024
06:25:48,28.0,88,2026-05-22 06:25:48.591848
06:25:53,26.5,44,2026-05-22 06:25:53.624018
06:25:58,32.0,75,2026-05-22 06:25:58.681285
06:26:03,33.9,87,2026-05-22 06:26:03.723010
06:26:08,27.7,64,2026-05-22 06:26:08.751860
06:26:13,34.0,77,2026-05-22 06:26:13.781462
06:26:18,28.3,82,2026-05-22 06:26:18.826476
06:26:23,38.9,54,2026-05-22 06:26:23.864030
06:26:28,27.2,80,2026-05-22 06:26:28.888579
06:26:33,31.3,86,2026-05-22 06:26:33.932567
06:26:38,36.6,46,2026-05-22 06:26:38.987843
06:26:44,35.2,60,2026-05-22 06:26:44.016520
06:26:49,39.1,75,2026-05-22 06:26:49.040382
06:26:54,38.8,79,2026-05-22 06:26:54.063071
06:26:59,26.5,48,2026-05-22 06:26:59.085816
06:27:04,30.6,78,2026-05-22 06:27:04.120535
06:27:09,30.2,70,2026-05-22 06:27:09.155263
06:27:14,39.3,69,2026-05-22 06:27:14.179253
06:27:19,27.9,40,2026-05-22 06:27:19.202999
06:27:24,37.3,43,2026-05-22 06:27:24.229269
06:27:29,28.5,48,2026-05-22 06:27:29.261695
06:27:34,30.0,46,2026-05-22 06:27:34.290563
06:27:39,32.3,77,2026-05-22 06:27:39.313777
06:27:44,30.7,64,2026-05-22 06:27:44.337117
06:27:49,39.3,76,2026-05-22 06:27:49.367452
06:27:54,38.5,77,2026-05-22 06:27:54.405098
06:27:59,38.8,54,2026-05-22 06:27:59.437364
06:28:04,31.4,60,2026-05-22 06:28:04.468066
06:28:09,33.8,66,2026-05-22 06:28:09.505900
06:24:07,27.0,56,2026-05-22 06:24:07.791586
06:24:12,26.2,60,2026-05-22 06:24:12.837553
06:24:17,33.0,90,2026-05-22 06:24:17.873169
06:24:22,36.8,44,2026-05-22 06:24:22.904102
06:24:27,35.5,79,2026-05-22 06:24:27.945679
06:24:32,36.4,81,2026-05-22 06:24:32.997583
06:24:38,38.2,60,2026-05-22 06:24:38.032009
06:24:43,25.9,57,2026-05-22 06:24:43.065641
06:24:48,31.7,43,2026-05-22 06:24:48.103883
06:24:53,27.5,62,2026-05-22 06:24:53.138250
06:24:58,28.1,55,2026-05-22 06:24:58.169634
06:25:03,32.4,89,2026-05-22 06:25:03.212154
06:25:08,33.6,85,2026-05-22 06:25:08.237461
06:25:13,38.0,82,2026-05-22 06:25:13.291898
06:25:18,28.4,52,2026-05-22 06:25:18.382820
06:25:23,31.0,79,2026-05-22 06:25:23.424690
06:25:28,36.8,41,2026-05-22 06:25:28.460854
06:25:33,31.3,86,2026-05-22 06:25:33.488820
06:25:38,29.4,45,2026-05-22 06:25:38.521219
06:25:43,35.7,83,2026-05-22 06:25:43.565024
06:25:48,28.0,88,2026-05-22 06:25:48.591848
06:25:53,26.5,44,2026-05-22 06:25:53.624018
06:25:58,32.0,75,2026-05-22 06:25:58.681285
06:26:03,33.9,87,2026-05-22 06:26:03.723010
06:26:08,27.7,64,2026-05-22 06:26:08.751860
06:26:13,34.0,77,2026-05-22 06:26:13.781462
06:26:18,28.3,82,2026-05-22 06:26:18.826476
06:26:23,38.9,54,2026-05-22 06:26:23.864030
06:26:28,27.2,80,2026-05-22 06:26:28.888579
06:26:33,31.3,86,2026-05-22 06:26:33.932567
06:26:38,36.6,46,2026-05-22 06:26:38.987843
06:26:44,35.2,60,2026-05-22 06:26:44.016520
06:26:49,39.1,75,2026-05-22 06:26:49.040382
06:26:54,38.8,79,2026-05-22 06:26:54.063071
06:26:59,26.5,48,2026-05-22 06:26:59.085816
06:27:04,30.6,78,2026-05-22 06:27:04.120535
06:27:09,30.2,70,2026-05-22 06:27:09.155263
06:27:14,39.3,69,2026-05-22 06:27:14.179253
06:27:19,27.9,40,2026-05-22 06:27:19.202999
06:27:24,37.3,43,2026-05-22 06:27:24.229269
06:27:29,28.5,48,2026-05-22 06:27:29.261695
06:27:34,30.0,46,2026-05-22 06:27:34.290563
06:27:39,32.3,77,2026-05-22 06:27:39.313777
06:27:44,30.7,64,2026-05-22 06:27:44.337117
06:27:49,39.3,76,2026-05-22 06:27:49.367452
06:27:54,38.5,77,2026-05-22 06:27:54.405098
06:27:59,38.8,54,2026-05-22 06:27:59.437364
06:28:04,31.4,60,2026-05-22 06:28:04.468066
06:28:09,33.8,66,2026-05-22 06:28:09.505900
06:28:14,28.3,46,2026-05-22 06:28:14.547262
06:24:12,26.2,60,2026-05-22 06:24:12.837553
06:24:17,33.0,90,2026-05-22 06:24:17.873169
06:24:22,36.8,44,2026-05-22 06:24:22.904102
06:24:27,35.5,79,2026-05-22 06:24:27.945679
06:24:32,36.4,81,2026-05-22 06:24:32.997583
06:24:38,38.2,60,2026-05-22 06:24:38.032009
06:24:43,25.9,57,2026-05-22 06:24:43.065641
06:24:48,31.7,43,2026-05-22 06:24:48.103883
06:24:53,27.5,62,2026-05-22 06:24:53.138250
06:24:58,28.1,55,2026-05-22 06:24:58.169634
06:25:03,32.4,89,2026-05-22 06:25:03.212154
06:25:08,33.6,85,2026-05-22 06:25:08.237461
06:25:13,38.0,82,2026-05-22 06:25:13.291898
06:25:18,28.4,52,2026-05-22 06:25:18.382820
06:25:23,31.0,79,2026-05-22 06:25:23.424690
06:25:28,36.8,41,2026-05-22 06:25:28.460854
06:25:33,31.3,86,2026-05-22 06:25:33.488820
06:25:38,29.4,45,2026-05-22 06:25:38.521219
06:25:43,35.7,83,2026-05-22 06:25:43.565024
06:25:48,28.0,88,2026-05-22 06:25:48.591848
06:25:53,26.5,44,2026-05-22 06:25:53.624018
06:25:58,32.0,75,2026-05-22 06:25:58.681285
06:26:03,33.9,87,2026-05-22 06:26:03.723010
06:26:08,27.7,64,2026-05-22 06:26:08.751860
06:26:13,34.0,77,2026-05-22 06:26:13.781462
06:26:18,28.3,82,2026-05-22 06:26:18.826476
06:26:23,38.9,54,2026-05-22 06:26:23.864030
06:26:28,27.2,80,2026-05-22 06:26:28.888579
06:26:33,31.3,86,2026-05-22 06:26:33.932567
06:26:38,36.6,46,2026-05-22 06:26:38.987843
06:26:44,35.2,60,2026-05-22 06:26:44.016520
06:26:49,39.1,75,2026-05-22 06:26:49.040382
06:26:54,38.8,79,2026-05-22 06:26:54.063071
06:26:59,26.5,48,2026-05-22 06:26:59.085816
06:27:04,30.6,78,2026-05-22 06:27:04.120535
06:27:09,30.2,70,2026-05-22 06:27:09.155263
06:27:14,39.3,69,2026-05-22 06:27:14.179253
06:27:19,27.9,40,2026-05-22 06:27:19.202999
06:27:24,37.3,43,2026-05-22 06:27:24.229269
06:27:29,28.5,48,2026-05-22 06:27:29.261695
06:27:34,30.0,46,2026-05-22 06:27:34.290563
06:27:39,32.3,77,2026-05-22 06:27:39.313777
06:27:44,30.7,64,2026-05-22 06:27:44.337117
06:27:49,39.3,76,2026-05-22 06:27:49.367452
06:27:54,38.5,77,2026-05-22 06:27:54.405098
06:27:59,38.8,54,2026-05-22 06:27:59.437364
06:28:04,31.4,60,2026-05-22 06:28:04.468066
06:28:09,33.8,66,2026-05-22 06:28:09.505900
06:28:14,28.3,46,2026-05-22 06:28:14.547262
06:28:19,39.4,41,2026-05-22 06:28:19.585282
06:24:17,33.0,90,2026-05-22 06:24:17.873169
06:24:22,36.8,44,2026-05-22 06:24:22.904102
06:24:27,35.5,79,2026-05-22 06:24:27.945679
06:24:32,36.4,81,2026-05-22 06:24:32.997583
06:24:38,38.2,60,2026-05-22 06:24:38.032009
06:24:43,25.9,57,2026-05-22 06:24:43.065641
06:24:48,31.7,43,2026-05-22 06:24:48.103883
06:24:53,27.5,62,2026-05-22 06:24:53.138250
06:24:58,28.1,55,2026-05-22 06:24:58.169634
06:25:03,32.4,89,2026-05-22 06:25:03.212154
06:25:08,33.6,85,2026-05-22 06:25:08.237461
06:25:13,38.0,82,2026-05-22 06:25:13.291898
06:25:18,28.4,52,2026-05-22 06:25:18.382820
06:25:23,31.0,79,2026-05-22 06:25:23.424690
06:25:28,36.8,41,2026-05-22 06:25:28.460854
06:25:33,31.3,86,2026-05-22 06:25:33.488820
06:25:38,29.4,45,2026-05-22 06:25:38.521219
06:25:43,35.7,83,2026-05-22 06:25:43.565024
06:25:48,28.0,88,2026-05-22 06:25:48.591848
06:25:53,26.5,44,2026-05-22 06:25:53.624018
06:25:58,32.0,75,2026-05-22 06:25:58.681285
06:26:03,33.9,87,2026-05-22 06:26:03.723010
06:26:08,27.7,64,2026-05-22 06:26:08.751860
06:26:13,34.0,77,2026-05-22 06:26:13.781462
06:26:18,28.3,82,2026-05-22 06:26:18.826476
06:26:23,38.9,54,2026-05-22 06:26:23.864030
06:26:28,27.2,80,2026-05-22 06:26:28.888579
06:26:33,31.3,86,2026-05-22 06:26:33.932567
06:26:38,36.6,46,2026-05-22 06:26:38.987843
06:26:44,35.2,60,2026-05-22 06:26:44.016520
06:26:49,39.1,75,2026-05-22 06:26:49.040382
06:26:54,38.8,79,2026-05-22 06:26:54.063071
06:26:59,26.5,48,2026-05-22 06:26:59.085816
06:27:04,30.6,78,2026-05-22 06:27:04.120535
06:27:09,30.2,70,2026-05-22 06:27:09.155263
06:27:14,39.3,69,2026-05-22 06:27:14.179253
06:27:19,27.9,40,2026-05-22 06:27:19.202999
06:27:24,37.3,43,2026-05-22 06:27:24.229269
06:27:29,28.5,48,2026-05-22 06:27:29.261695
06:27:34,30.0,46,2026-05-22 06:27:34.290563
06:27:39,32.3,77,2026-05-22 06:27:39.313777
06:27:44,30.7,64,2026-05-22 06:27:44.337117
06:27:49,39.3,76,2026-05-22 06:27:49.367452
06:27:54,38.5,77,2026-05-22 06:27:54.405098
06:27:59,38.8,54,2026-05-22 06:27:59.437364
06:28:04,31.4,60,2026-05-22 06:28:04.468066
06:28:09,33.8,66,2026-05-22 06:28:09.505900
06:28:14,28.3,46,2026-05-22 06:28:14.547262
06:28:19,39.4,41,2026-05-22 06:28:19.585282
06:28:24,37.0,62,2026-05-22 06:28:24.610120
06:24:22,36.8,44,2026-05-22 06:24:22.904102
06:24:27,35.5,79,2026-05-22 06:24:27.945679
06:24:32,36.4,81,2026-05-22 06:24:32.997583
06:24:38,38.2,60,2026-05-22 06:24:38.032009
06:24:43,25.9,57,2026-05-22 06:24:43.065641
06:24:48,31.7,43,2026-05-22 06:24:48.103883
06:24:53,27.5,62,2026-05-22 06:24:53.138250
06:24:58,28.1,55,2026-05-22 06:24:58.169634
06:25:03,32.4,89,2026-05-22 06:25:03.212154
06:25:08,33.6,85,2026-05-22 06:25:08.237461
06:25:13,38.0,82,2026-05-22 06:25:13.291898
06:25:18,28.4,52,2026-05-22 06:25:18.382820
06:25:23,31.0,79,2026-05-22 06:25:23.424690
06:25:28,36.8,41,2026-05-22 06:25:28.460854
06:25:33,31.3,86,2026-05-22 06:25:33.488820
06:25:38,29.4,45,2026-05-22 06:25:38.521219
06:25:43,35.7,83,2026-05-22 06:25:43.565024
06:25:48,28.0,88,2026-05-22 06:25:48.591848
06:25:53,26.5,44,2026-05-22 06:25:53.624018
06:25:58,32.0,75,2026-05-22 06:25:58.681285
06:26:03,33.9,87,2026-05-22 06:26:03.723010
06:26:08,27.7,64,2026-05-22 06:26:08.751860
06:26:13,34.0,77,2026-05-22 06:26:13.781462
06:26:18,28.3,82,2026-05-22 06:26:18.826476
06:26:23,38.9,54,2026-05-22 06:26:23.864030
06:26:28,27.2,80,2026-05-22 06:26:28.888579
06:26:33,31.3,86,2026-05-22 06:26:33.932567
06:26:38,36.6,46,2026-05-22 06:26:38.987843
06:26:44,35.2,60,2026-05-22 06:26:44.016520
06:26:49,39.1,75,2026-05-22 06:26:49.040382
06:26:54,38.8,79,2026-05-22 06:26:54.063071
06:26:59,26.5,48,2026-05-22 06:26:59.085816
06:27:04,30.6,78,2026-05-22 06:27:04.120535
06:27:09,30.2,70,2026-05-22 06:27:09.155263
06:27:14,39.3,69,2026-05-22 06:27:14.179253
06:27:19,27.9,40,2026-05-22 06:27:19.202999
06:27:24,37.3,43,2026-05-22 06:27:24.229269
06:27:29,28.5,48,2026-05-22 06:27:29.261695
06:27:34,30.0,46,2026-05-22 06:27:34.290563
06:27:39,32.3,77,2026-05-22 06:27:39.313777
06:27:44,30.7,64,2026-05-22 06:27:44.337117
06:27:49,39.3,76,2026-05-22 06:27:49.367452
06:27:54,38.5,77,2026-05-22 06:27:54.405098
06:27:59,38.8,54,2026-05-22 06:27:59.437364
06:28:04,31.4,60,2026-05-22 06:28:04.468066
06:28:09,33.8,66,2026-05-22 06:28:09.505900
06:28:14,28.3,46,2026-05-22 06:28:14.547262
06:28:19,39.4,41,2026-05-22 06:28:19.585282
06:28:24,37.0,62,2026-05-22 06:28:24.610120
06:28:29,35.3,77,2026-05-22 06:28:29.636345
06:24:27,35.5,79,2026-05-22 06:24:27.945679
06:24:32,36.4,81,2026-05-22 06:24:32.997583
06:24:38,38.2,60,2026-05-22 06:24:38.032009
06:24:43,25.9,57,2026-05-22 06:24:43.065641
06:24:48,31.7,43,2026-05-22 06:24:48.103883
06:24:53,27.5,62,2026-05-22 06:24:53.138250
06:24:58,28.1,55,2026-05-22 06:24:58.169634
06:25:03,32.4,89,2026-05-22 06:25:03.212154
06:25:08,33.6,85,2026-05-22 06:25:08.237461
06:25:13,38.0,82,2026-05-22 06:25:13.291898
06:25:18,28.4,52,2026-05-22 06:25:18.382820
06:25:23,31.0,79,2026-05-22 06:25:23.424690
06:25:28,36.8,41,2026-05-22 06:25:28.460854
06:25:33,31.3,86,2026-05-22 06:25:33.488820
06:25:38,29.4,45,2026-05-22 06:25:38.521219
06:25:43,35.7,83,2026-05-22 06:25:43.565024
06:25:48,28.0,88,2026-05-22 06:25:48.591848
06:25:53,26.5,44,2026-05-22 06:25:53.624018
06:25:58,32.0,75,2026-05-22 06:25:58.681285
06:26:03,33.9,87,2026-05-22 06:26:03.723010
06:26:08,27.7,64,2026-05-22 06:26:08.751860
06:26:13,34.0,77,2026-05-22 06:26:13.781462
06:26:18,28.3,82,2026-05-22 06:26:18.826476
06:26:23,38.9,54,2026-05-22 06:26:23.864030
06:26:28,27.2,80,2026-05-22 06:26:28.888579
06:26:33,31.3,86,2026-05-22 06:26:33.932567
06:26:38,36.6,46,2026-05-22 06:26:38.987843
06:26:44,35.2,60,2026-05-22 06:26:44.016520
06:26:49,39.1,75,2026-05-22 06:26:49.040382
06:26:54,38.8,79,2026-05-22 06:26:54.063071
06:26:59,26.5,48,2026-05-22 06:26:59.085816
06:27:04,30.6,78,2026-05-22 06:27:04.120535
06:27:09,30.2,70,2026-05-22 06:27:09.155263
06:27:14,39.3,69,2026-05-22 06:27:14.179253
06:27:19,27.9,40,2026-05-22 06:27:19.202999
06:27:24,37.3,43,2026-05-22 06:27:24.229269
06:27:29,28.5,48,2026-05-22 06:27:29.261695
06:27:34,30.0,46,2026-05-22 06:27:34.290563
06:27:39,32.3,77,2026-05-22 06:27:39.313777
06:27:44,30.7,64,2026-05-22 06:27:44.337117
06:27:49,39.3,76,2026-05-22 06:27:49.367452
06:27:54,38.5,77,2026-05-22 06:27:54.405098
06:27:59,38.8,54,2026-05-22 06:27:59.437364
06:28:04,31.4,60,2026-05-22 06:28:04.468066
06:28:09,33.8,66,2026-05-22 06:28:09.505900
06:28:14,28.3,46,2026-05-22 06:28:14.547262
06:28:19,39.4,41,2026-05-22 06:28:19.585282
06:28:24,37.0,62,2026-05-22 06:28:24.610120
06:28:29,35.3,77,2026-05-22 06:28:29.636345
06:28:34,34.8,85,2026-05-22 06:28:34.674316
06:24:32,36.4,81,2026-05-22 06:24:32.997583
06:24:38,38.2,60,2026-05-22 06:24:38.032009
06:24:43,25.9,57,2026-05-22 06:24:43.065641
06:24:48,31.7,43,2026-05-22 06:24:48.103883
06:24:53,27.5,62,2026-05-22 06:24:53.138250
06:24:58,28.1,55,2026-05-22 06:24:58.169634
06:25:03,32.4,89,2026-05-22 06:25:03.212154
06:25:08,33.6,85,2026-05-22 06:25:08.237461
06:25:13,38.0,82,2026-05-22 06:25:13.291898
06:25:18,28.4,52,2026-05-22 06:25:18.382820
06:25:23,31.0,79,2026-05-22 06:25:23.424690
06:25:28,36.8,41,2026-05-22 06:25:28.460854
06:25:33,31.3,86,2026-05-22 06:25:33.488820
06:25:38,29.4,45,2026-05-22 06:25:38.521219
06:25:43,35.7,83,2026-05-22 06:25:43.565024
06:25:48,28.0,88,2026-05-22 06:25:48.591848
06:25:53,26.5,44,2026-05-22 06:25:53.624018
06:25:58,32.0,75,2026-05-22 06:25:58.681285
06:26:03,33.9,87,2026-05-22 06:26:03.723010
06:26:08,27.7,64,2026-05-22 06:26:08.751860
06:26:13,34.0,77,2026-05-22 06:26:13.781462
06:26:18,28.3,82,2026-05-22 06:26:18.826476
06:26:23,38.9,54,2026-05-22 06:26:23.864030
06:26:28,27.2,80,2026-05-22 06:26:28.888579
06:26:33,31.3,86,2026-05-22 06:26:33.932567
06:26:38,36.6,46,2026-05-22 06:26:38.987843
06:26:44,35.2,60,2026-05-22 06:26:44.016520
06:26:49,39.1,75,2026-05-22 06:26:49.040382
06:26:54,38.8,79,2026-05-22 06:26:54.063071
06:26:59,26.5,48,2026-05-22 06:26:59.085816
06:27:04,30.6,78,2026-05-22 06:27:04.120535
06:27:09,30.2,70,2026-05-22 06:27:09.155263
06:27:14,39.3,69,2026-05-22 06:27:14.179253
06:27:19,27.9,40,2026-05-22 06:27:19.202999
06:27:24,37.3,43,2026-05-22 06:27:24.229269
06:27:29,28.5,48,2026-05-22 06:27:29.261695
06:27:34,30.0,46,2026-05-22 06:27:34.290563
06:27:39,32.3,77,2026-05-22 06:27:39.313777
06:27:44,30.7,64,2026-05-22 06:27:44.337117
06:27:49,39.3,76,2026-05-22 06:27:49.367452
06:27:54,38.5,77,2026-05-22 06:27:54.405098
06:27:59,38.8,54,2026-05-22 06:27:59.437364
06:28:04,31.4,60,2026-05-22 06:28:04.468066
06:28:09,33.8,66,2026-05-22 06:28:09.505900
06:28:14,28.3,46,2026-05-22 06:28:14.547262
06:28:19,39.4,41,2026-05-22 06:28:19.585282
06:28:24,37.0,62,2026-05-22 06:28:24.610120
06:28:29,35.3,77,2026-05-22 06:28:29.636345
06:28:34,34.8,85,2026-05-22 06:28:34.674316
06:28:39,39.6,66,2026-05-22 06:28:39.723183
06:24:38,38.2,60,2026-05-22 06:24:38.032009
06:24:43,25.9,57,2026-05-22 06:24:43.065641
06:24:48,31.7,43,2026-05-22 06:24:48.103883
06:24:53,27.5,62,2026-05-22 06:24:53.138250
06:24:58,28.1,55,2026-05-22 06:24:58.169634
06:25:03,32.4,89,2026-05-22 06:25:03.212154
06:25:08,33.6,85,2026-05-22 06:25:08.237461
06:25:13,38.0,82,2026-05-22 06:25:13.291898
06:25:18,28.4,52,2026-05-22 06:25:18.382820
06:25:23,31.0,79,2026-05-22 06:25:23.424690
06:25:28,36.8,41,2026-05-22 06:25:28.460854
06:25:33,31.3,86,2026-05-22 06:25:33.488820
06:25:38,29.4,45,2026-05-22 06:25:38.521219
06:25:43,35.7,83,2026-05-22 06:25:43.565024
06:25:48,28.0,88,2026-05-22 06:25:48.591848
06:25:53,26.5,44,2026-05-22 06:25:53.624018
06:25:58,32.0,75,2026-05-22 06:25:58.681285
06:26:03,33.9,87,2026-05-22 06:26:03.723010
06:26:08,27.7,64,2026-05-22 06:26:08.751860
06:26:13,34.0,77,2026-05-22 06:26:13.781462
06:26:18,28.3,82,2026-05-22 06:26:18.826476
06:26:23,38.9,54,2026-05-22 06:26:23.864030
06:26:28,27.2,80,2026-05-22 06:26:28.888579
06:26:33,31.3,86,2026-05-22 06:26:33.932567
06:26:38,36.6,46,2026-05-22 06:26:38.987843
06:26:44,35.2,60,2026-05-22 06:26:44.016520
06:26:49,39.1,75,2026-05-22 06:26:49.040382
06:26:54,38.8,79,2026-05-22 06:26:54.063071
06:26:59,26.5,48,2026-05-22 06:26:59.085816
06:27:04,30.6,78,2026-05-22 06:27:04.120535
06:27:09,30.2,70,2026-05-22 06:27:09.155263
06:27:14,39.3,69,2026-05-22 06:27:14.179253
06:27:19,27.9,40,2026-05-22 06:27:19.202999
06:27:24,37.3,43,2026-05-22 06:27:24.229269
06:27:29,28.5,48,2026-05-22 06:27:29.261695
06:27:34,30.0,46,2026-05-22 06:27:34.290563
06:27:39,32.3,77,2026-05-22 06:27:39.313777
06:27:44,30.7,64,2026-05-22 06:27:44.337117
06:27:49,39.3,76,2026-05-22 06:27:49.367452
06:27:54,38.5,77,2026-05-22 06:27:54.405098
06:27:59,38.8,54,2026-05-22 06:27:59.437364
06:28:04,31.4,60,2026-05-22 06:28:04.468066
06:28:09,33.8,66,2026-05-22 06:28:09.505900
06:28:14,28.3,46,2026-05-22 06:28:14.547262
06:28:19,39.4,41,2026-05-22 06:28:19.585282
06:28:24,37.0,62,2026-05-22 06:28:24.610120
06:28:29,35.3,77,2026-05-22 06:28:29.636345
06:28:34,34.8,85,2026-05-22 06:28:34.674316
06:28:39,39.6,66,2026-05-22 06:28:39.723183
06:28:44,25.9,64,2026-05-22 06:28:44.754410
06:24:43,25.9,57,2026-05-22 06:24:43.065641
06:24:48,31.7,43,2026-05-22 06:24:48.103883
06:24:53,27.5,62,2026-05-22 06:24:53.138250
06:24:58,28.1,55,2026-05-22 06:24:58.169634
06:25:03,32.4,89,2026-05-22 06:25:03.212154
06:25:08,33.6,85,2026-05-22 06:25:08.237461
06:25:13,38.0,82,2026-05-22 06:25:13.291898
06:25:18,28.4,52,2026-05-22 06:25:18.382820
06:25:23,31.0,79,2026-05-22 06:25:23.424690
06:25:28,36.8,41,2026-05-22 06:25:28.460854
06:25:33,31.3,86,2026-05-22 06:25:33.488820
06:25:38,29.4,45,2026-05-22 06:25:38.521219
06:25:43,35.7,83,2026-05-22 06:25:43.565024
06:25:48,28.0,88,2026-05-22 06:25:48.591848
06:25:53,26.5,44,2026-05-22 06:25:53.624018
06:25:58,32.0,75,2026-05-22 06:25:58.681285
06:26:03,33.9,87,2026-05-22 06:26:03.723010
06:26:08,27.7,64,2026-05-22 06:26:08.751860
06:26:13,34.0,77,2026-05-22 06:26:13.781462
06:26:18,28.3,82,2026-05-22 06:26:18.826476
06:26:23,38.9,54,2026-05-22 06:26:23.864030
06:26:28,27.2,80,2026-05-22 06:26:28.888579
06:26:33,31.3,86,2026-05-22 06:26:33.932567
06:26:38,36.6,46,2026-05-22 06:26:38.987843
06:26:44,35.2,60,2026-05-22 06:26:44.016520
06:26:49,39.1,75,2026-05-22 06:26:49.040382
06:26:54,38.8,79,2026-05-22 06:26:54.063071
06:26:59,26.5,48,2026-05-22 06:26:59.085816
06:27:04,30.6,78,2026-05-22 06:27:04.120535
06:27:09,30.2,70,2026-05-22 06:27:09.155263
06:27:14,39.3,69,2026-05-22 06:27:14.179253
06:27:19,27.9,40,2026-05-22 06:27:19.202999
06:27:24,37.3,43,2026-05-22 06:27:24.229269
06:27:29,28.5,48,2026-05-22 06:27:29.261695
06:27:34,30.0,46,2026-05-22 06:27:34.290563
06:27:39,32.3,77,2026-05-22 06:27:39.313777
06:27:44,30.7,64,2026-05-22 06:27:44.337117
06:27:49,39.3,76,2026-05-22 06:27:49.367452
06:27:54,38.5,77,2026-05-22 06:27:54.405098
06:27:59,38.8,54,2026-05-22 06:27:59.437364
06:28:04,31.4,60,2026-05-22 06:28:04.468066
06:28:09,33.8,66,2026-05-22 06:28:09.505900
06:28:14,28.3,46,2026-05-22 06:28:14.547262
06:28:19,39.4,41,2026-05-22 06:28:19.585282
06:28:24,37.0,62,2026-05-22 06:28:24.610120
06:28:29,35.3,77,2026-05-22 06:28:29.636345
06:28:34,34.8,85,2026-05-22 06:28:34.674316
06:28:39,39.6,66,2026-05-22 06:28:39.723183
06:28:44,25.9,64,2026-05-22 06:28:44.754410
06:28:49,32.2,71,2026-05-22 06:28:49.785739
06:24:48,31.7,43,2026-05-22 06:24:48.103883
06:24:53,27.5,62,2026-05-22 06:24:53.138250
06:24:58,28.1,55,2026-05-22 06:24:58.169634
06:25:03,32.4,89,2026-05-22 06:25:03.212154
06:25:08,33.6,85,2026-05-22 06:25:08.237461
06:25:13,38.0,82,2026-05-22 06:25:13.291898
06:25:18,28.4,52,2026-05-22 06:25:18.382820
06:25:23,31.0,79,2026-05-22 06:25:23.424690
06:25:28,36.8,41,2026-05-22 06:25:28.460854
06:25:33,31.3,86,2026-05-22 06:25:33.488820
06:25:38,29.4,45,2026-05-22 06:25:38.521219
06:25:43,35.7,83,2026-05-22 06:25:43.565024
06:25:48,28.0,88,2026-05-22 06:25:48.591848
06:25:53,26.5,44,2026-05-22 06:25:53.624018
06:25:58,32.0,75,2026-05-22 06:25:58.681285
06:26:03,33.9,87,2026-05-22 06:26:03.723010
06:26:08,27.7,64,2026-05-22 06:26:08.751860
06:26:13,34.0,77,2026-05-22 06:26:13.781462
06:26:18,28.3,82,2026-05-22 06:26:18.826476
06:26:23,38.9,54,2026-05-22 06:26:23.864030
06:26:28,27.2,80,2026-05-22 06:26:28.888579
06:26:33,31.3,86,2026-05-22 06:26:33.932567
06:26:38,36.6,46,2026-05-22 06:26:38.987843
06:26:44,35.2,60,2026-05-22 06:26:44.016520
06:26:49,39.1,75,2026-05-22 06:26:49.040382
06:26:54,38.8,79,2026-05-22 06:26:54.063071
06:26:59,26.5,48,2026-05-22 06:26:59.085816
06:27:04,30.6,78,2026-05-22 06:27:04.120535
06:27:09,30.2,70,2026-05-22 06:27:09.155263
06:27:14,39.3,69,2026-05-22 06:27:14.179253
06:27:19,27.9,40,2026-05-22 06:27:19.202999
06:27:24,37.3,43,2026-05-22 06:27:24.229269
06:27:29,28.5,48,2026-05-22 06:27:29.261695
06:27:34,30.0,46,2026-05-22 06:27:34.290563
06:27:39,32.3,77,2026-05-22 06:27:39.313777
06:27:44,30.7,64,2026-05-22 06:27:44.337117
06:27:49,39.3,76,2026-05-22 06:27:49.367452
06:27:54,38.5,77,2026-05-22 06:27:54.405098
06:27:59,38.8,54,2026-05-22 06:27:59.437364
06:28:04,31.4,60,2026-05-22 06:28:04.468066
06:28:09,33.8,66,2026-05-22 06:28:09.505900
06:28:14,28.3,46,2026-05-22 06:28:14.547262
06:28:19,39.4,41,2026-05-22 06:28:19.585282
06:28:24,37.0,62,2026-05-22 06:28:24.610120
06:28:29,35.3,77,2026-05-22 06:28:29.636345
06:28:34,34.8,85,2026-05-22 06:28:34.674316
06:28:39,39.6,66,2026-05-22 06:28:39.723183
06:28:44,25.9,64,2026-05-22 06:28:44.754410
06:28:49,32.2,71,2026-05-22 06:28:49.785739
06:28:54,38.1,52,2026-05-22 06:28:54.825099
06:24:53,27.5,62,2026-05-22 06:24:53.138250
06:24:58,28.1,55,2026-05-22 06:24:58.169634
06:25:03,32.4,89,2026-05-22 06:25:03.212154
06:25:08,33.6,85,2026-05-22 06:25:08.237461
06:25:13,38.0,82,2026-05-22 06:25:13.291898
06:25:18,28.4,52,2026-05-22 06:25:18.382820
06:25:23,31.0,79,2026-05-22 06:25:23.424690
06:25:28,36.8,41,2026-05-22 06:25:28.460854
06:25:33,31.3,86,2026-05-22 06:25:33.488820
06:25:38,29.4,45,2026-05-22 06:25:38.521219
06:25:43,35.7,83,2026-05-22 06:25:43.565024
06:25:48,28.0,88,2026-05-22 06:25:48.591848
06:25:53,26.5,44,2026-05-22 06:25:53.624018
06:25:58,32.0,75,2026-05-22 06:25:58.681285
06:26:03,33.9,87,2026-05-22 06:26:03.723010
06:26:08,27.7,64,2026-05-22 06:26:08.751860
06:26:13,34.0,77,2026-05-22 06:26:13.781462
06:26:18,28.3,82,2026-05-22 06:26:18.826476
06:26:23,38.9,54,2026-05-22 06:26:23.864030
06:26:28,27.2,80,2026-05-22 06:26:28.888579
06:26:33,31.3,86,2026-05-22 06:26:33.932567
06:26:38,36.6,46,2026-05-22 06:26:38.987843
06:26:44,35.2,60,2026-05-22 06:26:44.016520
06:26:49,39.1,75,2026-05-22 06:26:49.040382
06:26:54,38.8,79,2026-05-22 06:26:54.063071
06:26:59,26.5,48,2026-05-22 06:26:59.085816
06:27:04,30.6,78,2026-05-22 06:27:04.120535
06:27:09,30.2,70,2026-05-22 06:27:09.155263
06:27:14,39.3,69,2026-05-22 06:27:14.179253
06:27:19,27.9,40,2026-05-22 06:27:19.202999
06:27:24,37.3,43,2026-05-22 06:27:24.229269
06:27:29,28.5,48,2026-05-22 06:27:29.261695
06:27:34,30.0,46,2026-05-22 06:27:34.290563
06:27:39,32.3,77,2026-05-22 06:27:39.313777
06:27:44,30.7,64,2026-05-22 06:27:44.337117
06:27:49,39.3,76,2026-05-22 06:27:49.367452
06:27:54,38.5,77,2026-05-22 06:27:54.405098
06:27:59,38.8,54,2026-05-22 06:27:59.437364
06:28:04,31.4,60,2026-05-22 06:28:04.468066
06:28:09,33.8,66,2026-05-22 06:28:09.505900
06:28:14,28.3,46,2026-05-22 06:28:14.547262
06:28:19,39.4,41,2026-05-22 06:28:19.585282
06:28:24,37.0,62,2026-05-22 06:28:24.610120
06:28:29,35.3,77,2026-05-22 06:28:29.636345
06:28:34,34.8,85,2026-05-22 06:28:34.674316
06:28:39,39.6,66,2026-05-22 06:28:39.723183
06:28:44,25.9,64,2026-05-22 06:28:44.754410
06:28:49,32.2,71,2026-05-22 06:28:49.785739
06:28:54,38.1,52,2026-05-22 06:28:54.825099
06:28:59,38.0,80,2026-05-22 06:28:59.868065
06:24:58,28.1,55,2026-05-22 06:24:58.169634
06:25:03,32.4,89,2026-05-22 06:25:03.212154
06:25:08,33.6,85,2026-05-22 06:25:08.237461
06:25:13,38.0,82,2026-05-22 06:25:13.291898
06:25:18,28.4,52,2026-05-22 06:25:18.382820
06:25:23,31.0,79,2026-05-22 06:25:23.424690
06:25:28,36.8,41,2026-05-22 06:25:28.460854
06:25:33,31.3,86,2026-05-22 06:25:33.488820
06:25:38,29.4,45,2026-05-22 06:25:38.521219
06:25:43,35.7,83,2026-05-22 06:25:43.565024
06:25:48,28.0,88,2026-05-22 06:25:48.591848
06:25:53,26.5,44,2026-05-22 06:25:53.624018
06:25:58,32.0,75,2026-05-22 06:25:58.681285
06:26:03,33.9,87,2026-05-22 06:26:03.723010
06:26:08,27.7,64,2026-05-22 06:26:08.751860
06:26:13,34.0,77,2026-05-22 06:26:13.781462
06:26:18,28.3,82,2026-05-22 06:26:18.826476
06:26:23,38.9,54,2026-05-22 06:26:23.864030
06:26:28,27.2,80,2026-05-22 06:26:28.888579
06:26:33,31.3,86,2026-05-22 06:26:33.932567
06:26:38,36.6,46,2026-05-22 06:26:38.987843
06:26:44,35.2,60,2026-05-22 06:26:44.016520
06:26:49,39.1,75,2026-05-22 06:26:49.040382
06:26:54,38.8,79,2026-05-22 06:26:54.063071
06:26:59,26.5,48,2026-05-22 06:26:59.085816
06:27:04,30.6,78,2026-05-22 06:27:04.120535
06:27:09,30.2,70,2026-05-22 06:27:09.155263
06:27:14,39.3,69,2026-05-22 06:27:14.179253
06:27:19,27.9,40,2026-05-22 06:27:19.202999
06:27:24,37.3,43,2026-05-22 06:27:24.229269
06:27:29,28.5,48,2026-05-22 06:27:29.261695
06:27:34,30.0,46,2026-05-22 06:27:34.290563
06:27:39,32.3,77,2026-05-22 06:27:39.313777
06:27:44,30.7,64,2026-05-22 06:27:44.337117
06:27:49,39.3,76,2026-05-22 06:27:49.367452
06:27:54,38.5,77,2026-05-22 06:27:54.405098
06:27:59,38.8,54,2026-05-22 06:27:59.437364
06:28:04,31.4,60,2026-05-22 06:28:04.468066
06:28:09,33.8,66,2026-05-22 06:28:09.505900
06:28:14,28.3,46,2026-05-22 06:28:14.547262
06:28:19,39.4,41,2026-05-22 06:28:19.585282
06:28:24,37.0,62,2026-05-22 06:28:24.610120
06:28:29,35.3,77,2026-05-22 06:28:29.636345
06:28:34,34.8,85,2026-05-22 06:28:34.674316
06:28:39,39.6,66,2026-05-22 06:28:39.723183
06:28:44,25.9,64,2026-05-22 06:28:44.754410
06:28:49,32.2,71,2026-05-22 06:28:49.785739
06:28:54,38.1,52,2026-05-22 06:28:54.825099
06:28:59,38.0,80,2026-05-22 06:28:59.868065
06:29:04,33.7,58,2026-05-22 06:29:04.905800
06:25:03,32.4,89,2026-05-22 06:25:03.212154
06:25:08,33.6,85,2026-05-22 06:25:08.237461
06:25:13,38.0,82,2026-05-22 06:25:13.291898
06:25:18,28.4,52,2026-05-22 06:25:18.382820
06:25:23,31.0,79,2026-05-22 06:25:23.424690
06:25:28,36.8,41,2026-05-22 06:25:28.460854
06:25:33,31.3,86,2026-05-22 06:25:33.488820
06:25:38,29.4,45,2026-05-22 06:25:38.521219
06:25:43,35.7,83,2026-05-22 06:25:43.565024
06:25:48,28.0,88,2026-05-22 06:25:48.591848
06:25:53,26.5,44,2026-05-22 06:25:53.624018
06:25:58,32.0,75,2026-05-22 06:25:58.681285
06:26:03,33.9,87,2026-05-22 06:26:03.723010
06:26:08,27.7,64,2026-05-22 06:26:08.751860
06:26:13,34.0,77,2026-05-22 06:26:13.781462
06:26:18,28.3,82,2026-05-22 06:26:18.826476
06:26:23,38.9,54,2026-05-22 06:26:23.864030
06:26:28,27.2,80,2026-05-22 06:26:28.888579
06:26:33,31.3,86,2026-05-22 06:26:33.932567
06:26:38,36.6,46,2026-05-22 06:26:38.987843
06:26:44,35.2,60,2026-05-22 06:26:44.016520
06:26:49,39.1,75,2026-05-22 06:26:49.040382
06:26:54,38.8,79,2026-05-22 06:26:54.063071
06:26:59,26.5,48,2026-05-22 06:26:59.085816
06:27:04,30.6,78,2026-05-22 06:27:04.120535
06:27:09,30.2,70,2026-05-22 06:27:09.155263
06:27:14,39.3,69,2026-05-22 06:27:14.179253
06:27:19,27.9,40,2026-05-22 06:27:19.202999
06:27:24,37.3,43,2026-05-22 06:27:24.229269
06:27:29,28.5,48,2026-05-22 06:27:29.261695
06:27:34,30.0,46,2026-05-22 06:27:34.290563
06:27:39,32.3,77,2026-05-22 06:27:39.313777
06:27:44,30.7,64,2026-05-22 06:27:44.337117
06:27:49,39.3,76,2026-05-22 06:27:49.367452
06:27:54,38.5,77,2026-05-22 06:27:54.405098
06:27:59,38.8,54,2026-05-22 06:27:59.437364
06:28:04,31.4,60,2026-05-22 06:28:04.468066
06:28:09,33.8,66,2026-05-22 06:28:09.505900
06:28:14,28.3,46,2026-05-22 06:28:14.547262
06:28:19,39.4,41,2026-05-22 06:28:19.585282
06:28:24,37.0,62,2026-05-22 06:28:24.610120
06:28:29,35.3,77,2026-05-22 06:28:29.636345
06:28:34,34.8,85,2026-05-22 06:28:34.674316
06:28:39,39.6,66,2026-05-22 06:28:39.723183
06:28:44,25.9,64,2026-05-22 06:28:44.754410
06:28:49,32.2,71,2026-05-22 06:28:49.785739
06:28:54,38.1,52,2026-05-22 06:28:54.825099
06:28:59,38.0,80,2026-05-22 06:28:59.868065
06:29:04,33.7,58,2026-05-22 06:29:04.905800
06:29:09,30.6,49,2026-05-22 06:29:09.944592
06:25:08,33.6,85,2026-05-22 06:25:08.237461
06:25:13,38.0,82,2026-05-22 06:25:13.291898
06:25:18,28.4,52,2026-05-22 06:25:18.382820
06:25:23,31.0,79,2026-05-22 06:25:23.424690
06:25:28,36.8,41,2026-05-22 06:25:28.460854
06:25:33,31.3,86,2026-05-22 06:25:33.488820
06:25:38,29.4,45,2026-05-22 06:25:38.521219
06:25:43,35.7,83,2026-05-22 06:25:43.565024
06:25:48,28.0,88,2026-05-22 06:25:48.591848
06:25:53,26.5,44,2026-05-22 06:25:53.624018
06:25:58,32.0,75,2026-05-22 06:25:58.681285
06:26:03,33.9,87,2026-05-22 06:26:03.723010
06:26:08,27.7,64,2026-05-22 06:26:08.751860
06:26:13,34.0,77,2026-05-22 06:26:13.781462
06:26:18,28.3,82,2026-05-22 06:26:18.826476
06:26:23,38.9,54,2026-05-22 06:26:23.864030
06:26:28,27.2,80,2026-05-22 06:26:28.888579
06:26:33,31.3,86,2026-05-22 06:26:33.932567
06:26:38,36.6,46,2026-05-22 06:26:38.987843
06:26:44,35.2,60,2026-05-22 06:26:44.016520
06:26:49,39.1,75,2026-05-22 06:26:49.040382
06:26:54,38.8,79,2026-05-22 06:26:54.063071
06:26:59,26.5,48,2026-05-22 06:26:59.085816
06:27:04,30.6,78,2026-05-22 06:27:04.120535
06:27:09,30.2,70,2026-05-22 06:27:09.155263
06:27:14,39.3,69,2026-05-22 06:27:14.179253
06:27:19,27.9,40,2026-05-22 06:27:19.202999
06:27:24,37.3,43,2026-05-22 06:27:24.229269
06:27:29,28.5,48,2026-05-22 06:27:29.261695
06:27:34,30.0,46,2026-05-22 06:27:34.290563
06:27:39,32.3,77,2026-05-22 06:27:39.313777
06:27:44,30.7,64,2026-05-22 06:27:44.337117
06:27:49,39.3,76,2026-05-22 06:27:49.367452
06:27:54,38.5,77,2026-05-22 06:27:54.405098
06:27:59,38.8,54,2026-05-22 06:27:59.437364
06:28:04,31.4,60,2026-05-22 06:28:04.468066
06:28:09,33.8,66,2026-05-22 06:28:09.505900
06:28:14,28.3,46,2026-05-22 06:28:14.547262
06:28:19,39.4,41,2026-05-22 06:28:19.585282
06:28:24,37.0,62,2026-05-22 06:28:24.610120
06:28:29,35.3,77,2026-05-22 06:28:29.636345
06:28:34,34.8,85,2026-05-22 06:28:34.674316
06:28:39,39.6,66,2026-05-22 06:28:39.723183
06:28:44,25.9,64,2026-05-22 06:28:44.754410
06:28:49,32.2,71,2026-05-22 06:28:49.785739
06:28:54,38.1,52,2026-05-22 06:28:54.825099
06:28:59,38.0,80,2026-05-22 06:28:59.868065
06:29:04,33.7,58,2026-05-22 06:29:04.905800
06:29:09,30.6,49,2026-05-22 06:29:09.944592
06:29:14,25.9,86,2026-05-22 06:29:14.988925
06:25:13,38.0,82,2026-05-22 06:25:13.291898
06:25:18,28.4,52,2026-05-22 06:25:18.382820
06:25:23,31.0,79,2026-05-22 06:25:23.424690
06:25:28,36.8,41,2026-05-22 06:25:28.460854
06:25:33,31.3,86,2026-05-22 06:25:33.488820
06:25:38,29.4,45,2026-05-22 06:25:38.521219
06:25:43,35.7,83,2026-05-22 06:25:43.565024
06:25:48,28.0,88,2026-05-22 06:25:48.591848
06:25:53,26.5,44,2026-05-22 06:25:53.624018
06:25:58,32.0,75,2026-05-22 06:25:58.681285
06:26:03,33.9,87,2026-05-22 06:26:03.723010
06:26:08,27.7,64,2026-05-22 06:26:08.751860
06:26:13,34.0,77,2026-05-22 06:26:13.781462
06:26:18,28.3,82,2026-05-22 06:26:18.826476
06:26:23,38.9,54,2026-05-22 06:26:23.864030
06:26:28,27.2,80,2026-05-22 06:26:28.888579
06:26:33,31.3,86,2026-05-22 06:26:33.932567
06:26:38,36.6,46,2026-05-22 06:26:38.987843
06:26:44,35.2,60,2026-05-22 06:26:44.016520
06:26:49,39.1,75,2026-05-22 06:26:49.040382
06:26:54,38.8,79,2026-05-22 06:26:54.063071
06:26:59,26.5,48,2026-05-22 06:26:59.085816
06:27:04,30.6,78,2026-05-22 06:27:04.120535
06:27:09,30.2,70,2026-05-22 06:27:09.155263
06:27:14,39.3,69,2026-05-22 06:27:14.179253
06:27:19,27.9,40,2026-05-22 06:27:19.202999
06:27:24,37.3,43,2026-05-22 06:27:24.229269
06:27:29,28.5,48,2026-05-22 06:27:29.261695
06:27:34,30.0,46,2026-05-22 06:27:34.290563
06:27:39,32.3,77,2026-05-22 06:27:39.313777
06:27:44,30.7,64,2026-05-22 06:27:44.337117
06:27:49,39.3,76,2026-05-22 06:27:49.367452
06:27:54,38.5,77,2026-05-22 06:27:54.405098
06:27:59,38.8,54,2026-05-22 06:27:59.437364
06:28:04,31.4,60,2026-05-22 06:28:04.468066
06:28:09,33.8,66,2026-05-22 06:28:09.505900
06:28:14,28.3,46,2026-05-22 06:28:14.547262
06:28:19,39.4,41,2026-05-22 06:28:19.585282
06:28:24,37.0,62,2026-05-22 06:28:24.610120
06:28:29,35.3,77,2026-05-22 06:28:29.636345
06:28:34,34.8,85,2026-05-22 06:28:34.674316
06:28:39,39.6,66,2026-05-22 06:28:39.723183
06:28:44,25.9,64,2026-05-22 06:28:44.754410
06:28:49,32.2,71,2026-05-22 06:28:49.785739
06:28:54,38.1,52,2026-05-22 06:28:54.825099
06:28:59,38.0,80,2026-05-22 06:28:59.868065
06:29:04,33.7,58,2026-05-22 06:29:04.905800
06:29:09,30.6,49,2026-05-22 06:29:09.944592
06:29:14,25.9,86,2026-05-22 06:29:14.988925
06:29:20,30.4,62,2026-05-22 06:29:20.241270
06:25:18,28.4,52,2026-05-22 06:25:18.382820
06:25:23,31.0,79,2026-05-22 06:25:23.424690
06:25:28,36.8,41,2026-05-22 06:25:28.460854
06:25:33,31.3,86,2026-05-22 06:25:33.488820
06:25:38,29.4,45,2026-05-22 06:25:38.521219
06:25:43,35.7,83,2026-05-22 06:25:43.565024
06:25:48,28.0,88,2026-05-22 06:25:48.591848
06:25:53,26.5,44,2026-05-22 06:25:53.624018
06:25:58,32.0,75,2026-05-22 06:25:58.681285
06:26:03,33.9,87,2026-05-22 06:26:03.723010
06:26:08,27.7,64,2026-05-22 06:26:08.751860
06:26:13,34.0,77,2026-05-22 06:26:13.781462
06:26:18,28.3,82,2026-05-22 06:26:18.826476
06:26:23,38.9,54,2026-05-22 06:26:23.864030
06:26:28,27.2,80,2026-05-22 06:26:28.888579
06:26:33,31.3,86,2026-05-22 06:26:33.932567
06:26:38,36.6,46,2026-05-22 06:26:38.987843
06:26:44,35.2,60,2026-05-22 06:26:44.016520
06:26:49,39.1,75,2026-05-22 06:26:49.040382
06:26:54,38.8,79,2026-05-22 06:26:54.063071
06:26:59,26.5,48,2026-05-22 06:26:59.085816
06:27:04,30.6,78,2026-05-22 06:27:04.120535
06:27:09,30.2,70,2026-05-22 06:27:09.155263
06:27:14,39.3,69,2026-05-22 06:27:14.179253
06:27:19,27.9,40,2026-05-22 06:27:19.202999
06:27:24,37.3,43,2026-05-22 06:27:24.229269
06:27:29,28.5,48,2026-05-22 06:27:29.261695
06:27:34,30.0,46,2026-05-22 06:27:34.290563
06:27:39,32.3,77,2026-05-22 06:27:39.313777
06:27:44,30.7,64,2026-05-22 06:27:44.337117
06:27:49,39.3,76,2026-05-22 06:27:49.367452
06:27:54,38.5,77,2026-05-22 06:27:54.405098
06:27:59,38.8,54,2026-05-22 06:27:59.437364
06:28:04,31.4,60,2026-05-22 06:28:04.468066
06:28:09,33.8,66,2026-05-22 06:28:09.505900
06:28:14,28.3,46,2026-05-22 06:28:14.547262
06:28:19,39.4,41,2026-05-22 06:28:19.585282
06:28:24,37.0,62,2026-05-22 06:28:24.610120
06:28:29,35.3,77,2026-05-22 06:28:29.636345
06:28:34,34.8,85,2026-05-22 06:28:34.674316
06:28:39,39.6,66,2026-05-22 06:28:39.723183
06:28:44,25.9,64,2026-05-22 06:28:44.754410
06:28:49,32.2,71,2026-05-22 06:28:49.785739
06:28:54,38.1,52,2026-05-22 06:28:54.825099
06:28:59,38.0,80,2026-05-22 06:28:59.868065
06:29:04,33.7,58,2026-05-22 06:29:04.905800
06:29:09,30.6,49,2026-05-22 06:29:09.944592
06:29:14,25.9,86,2026-05-22 06:29:14.988925
06:29:20,30.4,62,2026-05-22 06:29:20.241270
06:29:25,29.2,87,2026-05-22 06:29:25.284855
06:25:23,31.0,79,2026-05-22 06:25:23.424690
06:25:28,36.8,41,2026-05-22 06:25:28.460854
06:25:33,31.3,86,2026-05-22 06:25:33.488820
06:25:38,29.4,45,2026-05-22 06:25:38.521219
06:25:43,35.7,83,2026-05-22 06:25:43.565024
06:25:48,28.0,88,2026-05-22 06:25:48.591848
06:25:53,26.5,44,2026-05-22 06:25:53.624018
06:25:58,32.0,75,2026-05-22 06:25:58.681285
06:26:03,33.9,87,2026-05-22 06:26:03.723010
06:26:08,27.7,64,2026-05-22 06:26:08.751860
06:26:13,34.0,77,2026-05-22 06:26:13.781462
06:26:18,28.3,82,2026-05-22 06:26:18.826476
06:26:23,38.9,54,2026-05-22 06:26:23.864030
06:26:28,27.2,80,2026-05-22 06:26:28.888579
06:26:33,31.3,86,2026-05-22 06:26:33.932567
06:26:38,36.6,46,2026-05-22 06:26:38.987843
06:26:44,35.2,60,2026-05-22 06:26:44.016520
06:26:49,39.1,75,2026-05-22 06:26:49.040382
06:26:54,38.8,79,2026-05-22 06:26:54.063071
06:26:59,26.5,48,2026-05-22 06:26:59.085816
06:27:04,30.6,78,2026-05-22 06:27:04.120535
06:27:09,30.2,70,2026-05-22 06:27:09.155263
06:27:14,39.3,69,2026-05-22 06:27:14.179253
06:27:19,27.9,40,2026-05-22 06:27:19.202999
06:27:24,37.3,43,2026-05-22 06:27:24.229269
06:27:29,28.5,48,2026-05-22 06:27:29.261695
06:27:34,30.0,46,2026-05-22 06:27:34.290563
06:27:39,32.3,77,2026-05-22 06:27:39.313777
06:27:44,30.7,64,2026-05-22 06:27:44.337117
06:27:49,39.3,76,2026-05-22 06:27:49.367452
06:27:54,38.5,77,2026-05-22 06:27:54.405098
06:27:59,38.8,54,2026-05-22 06:27:59.437364
06:28:04,31.4,60,2026-05-22 06:28:04.468066
06:28:09,33.8,66,2026-05-22 06:28:09.505900
06:28:14,28.3,46,2026-05-22 06:28:14.547262
06:28:19,39.4,41,2026-05-22 06:28:19.585282
06:28:24,37.0,62,2026-05-22 06:28:24.610120
06:28:29,35.3,77,2026-05-22 06:28:29.636345
06:28:34,34.8,85,2026-05-22 06:28:34.674316
06:28:39,39.6,66,2026-05-22 06:28:39.723183
06:28:44,25.9,64,2026-05-22 06:28:44.754410
06:28:49,32.2,71,2026-05-22 06:28:49.785739
06:28:54,38.1,52,2026-05-22 06:28:54.825099
06:28:59,38.0,80,2026-05-22 06:28:59.868065
06:29:04,33.7,58,2026-05-22 06:29:04.905800
06:29:09,30.6,49,2026-05-22 06:29:09.944592
06:29:14,25.9,86,2026-05-22 06:29:14.988925
06:29:20,30.4,62,2026-05-22 06:29:20.241270
06:29:25,29.2,87,2026-05-22 06:29:25.284855
06:29:30,32.8,72,2026-05-22 06:29:30.327119
06:25:28,36.8,41,2026-05-22 06:25:28.460854
06:25:33,31.3,86,2026-05-22 06:25:33.488820
06:25:38,29.4,45,2026-05-22 06:25:38.521219
06:25:43,35.7,83,2026-05-22 06:25:43.565024
06:25:48,28.0,88,2026-05-22 06:25:48.591848
06:25:53,26.5,44,2026-05-22 06:25:53.624018
06:25:58,32.0,75,2026-05-22 06:25:58.681285
06:26:03,33.9,87,2026-05-22 06:26:03.723010
06:26:08,27.7,64,2026-05-22 06:26:08.751860
06:26:13,34.0,77,2026-05-22 06:26:13.781462
06:26:18,28.3,82,2026-05-22 06:26:18.826476
06:26:23,38.9,54,2026-05-22 06:26:23.864030
06:26:28,27.2,80,2026-05-22 06:26:28.888579
06:26:33,31.3,86,2026-05-22 06:26:33.932567
06:26:38,36.6,46,2026-05-22 06:26:38.987843
06:26:44,35.2,60,2026-05-22 06:26:44.016520
06:26:49,39.1,75,2026-05-22 06:26:49.040382
06:26:54,38.8,79,2026-05-22 06:26:54.063071
06:26:59,26.5,48,2026-05-22 06:26:59.085816
06:27:04,30.6,78,2026-05-22 06:27:04.120535
06:27:09,30.2,70,2026-05-22 06:27:09.155263
06:27:14,39.3,69,2026-05-22 06:27:14.179253
06:27:19,27.9,40,2026-05-22 06:27:19.202999
06:27:24,37.3,43,2026-05-22 06:27:24.229269
06:27:29,28.5,48,2026-05-22 06:27:29.261695
06:27:34,30.0,46,2026-05-22 06:27:34.290563
06:27:39,32.3,77,2026-05-22 06:27:39.313777
06:27:44,30.7,64,2026-05-22 06:27:44.337117
06:27:49,39.3,76,2026-05-22 06:27:49.367452
06:27:54,38.5,77,2026-05-22 06:27:54.405098
06:27:59,38.8,54,2026-05-22 06:27:59.437364
06:28:04,31.4,60,2026-05-22 06:28:04.468066
06:28:09,33.8,66,2026-05-22 06:28:09.505900
06:28:14,28.3,46,2026-05-22 06:28:14.547262
06:28:19,39.4,41,2026-05-22 06:28:19.585282
06:28:24,37.0,62,2026-05-22 06:28:24.610120
06:28:29,35.3,77,2026-05-22 06:28:29.636345
06:28:34,34.8,85,2026-05-22 06:28:34.674316
06:28:39,39.6,66,2026-05-22 06:28:39.723183
06:28:44,25.9,64,2026-05-22 06:28:44.754410
06:28:49,32.2,71,2026-05-22 06:28:49.785739
06:28:54,38.1,52,2026-05-22 06:28:54.825099
06:28:59,38.0,80,2026-05-22 06:28:59.868065
06:29:04,33.7,58,2026-05-22 06:29:04.905800
06:29:09,30.6,49,2026-05-22 06:29:09.944592
06:29:14,25.9,86,2026-05-22 06:29:14.988925
06:29:20,30.4,62,2026-05-22 06:29:20.241270
06:29:25,29.2,87,2026-05-22 06:29:25.284855
06:29:30,32.8,72,2026-05-22 06:29:30.327119
06:29:35,37.3,49,2026-05-22 06:29:35.373429
06:25:33,31.3,86,2026-05-22 06:25:33.488820
06:25:38,29.4,45,2026-05-22 06:25:38.521219
06:25:43,35.7,83,2026-05-22 06:25:43.565024
06:25:48,28.0,88,2026-05-22 06:25:48.591848
06:25:53,26.5,44,2026-05-22 06:25:53.624018
06:25:58,32.0,75,2026-05-22 06:25:58.681285
06:26:03,33.9,87,2026-05-22 06:26:03.723010
06:26:08,27.7,64,2026-05-22 06:26:08.751860
06:26:13,34.0,77,2026-05-22 06:26:13.781462
06:26:18,28.3,82,2026-05-22 06:26:18.826476
06:26:23,38.9,54,2026-05-22 06:26:23.864030
06:26:28,27.2,80,2026-05-22 06:26:28.888579
06:26:33,31.3,86,2026-05-22 06:26:33.932567
06:26:38,36.6,46,2026-05-22 06:26:38.987843
06:26:44,35.2,60,2026-05-22 06:26:44.016520
06:26:49,39.1,75,2026-05-22 06:26:49.040382
06:26:54,38.8,79,2026-05-22 06:26:54.063071
06:26:59,26.5,48,2026-05-22 06:26:59.085816
06:27:04,30.6,78,2026-05-22 06:27:04.120535
06:27:09,30.2,70,2026-05-22 06:27:09.155263
06:27:14,39.3,69,2026-05-22 06:27:14.179253
06:27:19,27.9,40,2026-05-22 06:27:19.202999
06:27:24,37.3,43,2026-05-22 06:27:24.229269
06:27:29,28.5,48,2026-05-22 06:27:29.261695
06:27:34,30.0,46,2026-05-22 06:27:34.290563
06:27:39,32.3,77,2026-05-22 06:27:39.313777
06:27:44,30.7,64,2026-05-22 06:27:44.337117
06:27:49,39.3,76,2026-05-22 06:27:49.367452
06:27:54,38.5,77,2026-05-22 06:27:54.405098
06:27:59,38.8,54,2026-05-22 06:27:59.437364
06:28:04,31.4,60,2026-05-22 06:28:04.468066
06:28:09,33.8,66,2026-05-22 06:28:09.505900
06:28:14,28.3,46,2026-05-22 06:28:14.547262
06:28:19,39.4,41,2026-05-22 06:28:19.585282
06:28:24,37.0,62,2026-05-22 06:28:24.610120
06:28:29,35.3,77,2026-05-22 06:28:29.636345
06:28:34,34.8,85,2026-05-22 06:28:34.674316
06:28:39,39.6,66,2026-05-22 06:28:39.723183
06:28:44,25.9,64,2026-05-22 06:28:44.754410
06:28:49,32.2,71,2026-05-22 06:28:49.785739
06:28:54,38.1,52,2026-05-22 06:28:54.825099
06:28:59,38.0,80,2026-05-22 06:28:59.868065
06:29:04,33.7,58,2026-05-22 06:29:04.905800
06:29:09,30.6,49,2026-05-22 06:29:09.944592
06:29:14,25.9,86,2026-05-22 06:29:14.988925
06:29:20,30.4,62,2026-05-22 06:29:20.241270
06:29:25,29.2,87,2026-05-22 06:29:25.284855
06:29:30,32.8,72,2026-05-22 06:29:30.327119
06:29:35,37.3,49,2026-05-22 06:29:35.373429
06:29:40,26.5,79,2026-05-22 06:29:40.414361
06:25:38,29.4,45,2026-05-22 06:25:38.521219
06:25:43,35.7,83,2026-05-22 06:25:43.565024
06:25:48,28.0,88,2026-05-22 06:25:48.591848
06:25:53,26.5,44,2026-05-22 06:25:53.624018
06:25:58,32.0,75,2026-05-22 06:25:58.681285
06:26:03,33.9,87,2026-05-22 06:26:03.723010
06:26:08,27.7,64,2026-05-22 06:26:08.751860
06:26:13,34.0,77,2026-05-22 06:26:13.781462
06:26:18,28.3,82,2026-05-22 06:26:18.826476
06:26:23,38.9,54,2026-05-22 06:26:23.864030
06:26:28,27.2,80,2026-05-22 06:26:28.888579
06:26:33,31.3,86,2026-05-22 06:26:33.932567
06:26:38,36.6,46,2026-05-22 06:26:38.987843
06:26:44,35.2,60,2026-05-22 06:26:44.016520
06:26:49,39.1,75,2026-05-22 06:26:49.040382
06:26:54,38.8,79,2026-05-22 06:26:54.063071
06:26:59,26.5,48,2026-05-22 06:26:59.085816
06:27:04,30.6,78,2026-05-22 06:27:04.120535
06:27:09,30.2,70,2026-05-22 06:27:09.155263
06:27:14,39.3,69,2026-05-22 06:27:14.179253
06:27:19,27.9,40,2026-05-22 06:27:19.202999
06:27:24,37.3,43,2026-05-22 06:27:24.229269
06:27:29,28.5,48,2026-05-22 06:27:29.261695
06:27:34,30.0,46,2026-05-22 06:27:34.290563
06:27:39,32.3,77,2026-05-22 06:27:39.313777
06:27:44,30.7,64,2026-05-22 06:27:44.337117
06:27:49,39.3,76,2026-05-22 06:27:49.367452
06:27:54,38.5,77,2026-05-22 06:27:54.405098
06:27:59,38.8,54,2026-05-22 06:27:59.437364
06:28:04,31.4,60,2026-05-22 06:28:04.468066
06:28:09,33.8,66,2026-05-22 06:28:09.505900
06:28:14,28.3,46,2026-05-22 06:28:14.547262
06:28:19,39.4,41,2026-05-22 06:28:19.585282
06:28:24,37.0,62,2026-05-22 06:28:24.610120
06:28:29,35.3,77,2026-05-22 06:28:29.636345
06:28:34,34.8,85,2026-05-22 06:28:34.674316
06:28:39,39.6,66,2026-05-22 06:28:39.723183
06:28:44,25.9,64,2026-05-22 06:28:44.754410
06:28:49,32.2,71,2026-05-22 06:28:49.785739
06:28:54,38.1,52,2026-05-22 06:28:54.825099
06:28:59,38.0,80,2026-05-22 06:28:59.868065
06:29:04,33.7,58,2026-05-22 06:29:04.905800
06:29:09,30.6,49,2026-05-22 06:29:09.944592
06:29:14,25.9,86,2026-05-22 06:29:14.988925
06:29:20,30.4,62,2026-05-22 06:29:20.241270
06:29:25,29.2,87,2026-05-22 06:29:25.284855
06:29:30,32.8,72,2026-05-22 06:29:30.327119
06:29:35,37.3,49,2026-05-22 06:29:35.373429
06:29:40,26.5,79,2026-05-22 06:29:40.414361
06:29:45,25.4,75,2026-05-22 06:29:45.447800
06:25:43,35.7,83,2026-05-22 06:25:43.565024
06:25:48,28.0,88,2026-05-22 06:25:48.591848
06:25:53,26.5,44,2026-05-22 06:25:53.624018
06:25:58,32.0,75,2026-05-22 06:25:58.681285
06:26:03,33.9,87,2026-05-22 06:26:03.723010
06:26:08,27.7,64,2026-05-22 06:26:08.751860
06:26:13,34.0,77,2026-05-22 06:26:13.781462
06:26:18,28.3,82,2026-05-22 06:26:18.826476
06:26:23,38.9,54,2026-05-22 06:26:23.864030
06:26:28,27.2,80,2026-05-22 06:26:28.888579
06:26:33,31.3,86,2026-05-22 06:26:33.932567
06:26:38,36.6,46,2026-05-22 06:26:38.987843
06:26:44,35.2,60,2026-05-22 06:26:44.016520
06:26:49,39.1,75,2026-05-22 06:26:49.040382
06:26:54,38.8,79,2026-05-22 06:26:54.063071
06:26:59,26.5,48,2026-05-22 06:26:59.085816
06:27:04,30.6,78,2026-05-22 06:27:04.120535
06:27:09,30.2,70,2026-05-22 06:27:09.155263
06:27:14,39.3,69,2026-05-22 06:27:14.179253
06:27:19,27.9,40,2026-05-22 06:27:19.202999
06:27:24,37.3,43,2026-05-22 06:27:24.229269
06:27:29,28.5,48,2026-05-22 06:27:29.261695
06:27:34,30.0,46,2026-05-22 06:27:34.290563
06:27:39,32.3,77,2026-05-22 06:27:39.313777
06:27:44,30.7,64,2026-05-22 06:27:44.337117
06:27:49,39.3,76,2026-05-22 06:27:49.367452
06:27:54,38.5,77,2026-05-22 06:27:54.405098
06:27:59,38.8,54,2026-05-22 06:27:59.437364
06:28:04,31.4,60,2026-05-22 06:28:04.468066
06:28:09,33.8,66,2026-05-22 06:28:09.505900
06:28:14,28.3,46,2026-05-22 06:28:14.547262
06:28:19,39.4,41,2026-05-22 06:28:19.585282
06:28:24,37.0,62,2026-05-22 06:28:24.610120
06:28:29,35.3,77,2026-05-22 06:28:29.636345
06:28:34,34.8,85,2026-05-22 06:28:34.674316
06:28:39,39.6,66,2026-05-22 06:28:39.723183
06:28:44,25.9,64,2026-05-22 06:28:44.754410
06:28:49,32.2,71,2026-05-22 06:28:49.785739
06:28:54,38.1,52,2026-05-22 06:28:54.825099
06:28:59,38.0,80,2026-05-22 06:28:59.868065
06:29:04,33.7,58,2026-05-22 06:29:04.905800
06:29:09,30.6,49,2026-05-22 06:29:09.944592
06:29:14,25.9,86,2026-05-22 06:29:14.988925
06:29:20,30.4,62,2026-05-22 06:29:20.241270
06:29:25,29.2,87,2026-05-22 06:29:25.284855
06:29:30,32.8,72,2026-05-22 06:29:30.327119
06:29:35,37.3,49,2026-05-22 06:29:35.373429
06:29:40,26.5,79,2026-05-22 06:29:40.414361
06:29:45,25.4,75,2026-05-22 06:29:45.447800
06:29:50,39.3,50,2026-05-22 06:29:50.491555
06:25:48,28.0,88,2026-05-22 06:25:48.591848
06:25:53,26.5,44,2026-05-22 06:25:53.624018
06:25:58,32.0,75,2026-05-22 06:25:58.681285
06:26:03,33.9,87,2026-05-22 06:26:03.723010
06:26:08,27.7,64,2026-05-22 06:26:08.751860
06:26:13,34.0,77,2026-05-22 06:26:13.781462
06:26:18,28.3,82,2026-05-22 06:26:18.826476
06:26:23,38.9,54,2026-05-22 06:26:23.864030
06:26:28,27.2,80,2026-05-22 06:26:28.888579
06:26:33,31.3,86,2026-05-22 06:26:33.932567
06:26:38,36.6,46,2026-05-22 06:26:38.987843
06:26:44,35.2,60,2026-05-22 06:26:44.016520
06:26:49,39.1,75,2026-05-22 06:26:49.040382
06:26:54,38.8,79,2026-05-22 06:26:54.063071
06:26:59,26.5,48,2026-05-22 06:26:59.085816
06:27:04,30.6,78,2026-05-22 06:27:04.120535
06:27:09,30.2,70,2026-05-22 06:27:09.155263
06:27:14,39.3,69,2026-05-22 06:27:14.179253
06:27:19,27.9,40,2026-05-22 06:27:19.202999
06:27:24,37.3,43,2026-05-22 06:27:24.229269
06:27:29,28.5,48,2026-05-22 06:27:29.261695
06:27:34,30.0,46,2026-05-22 06:27:34.290563
06:27:39,32.3,77,2026-05-22 06:27:39.313777
06:27:44,30.7,64,2026-05-22 06:27:44.337117
06:27:49,39.3,76,2026-05-22 06:27:49.367452
06:27:54,38.5,77,2026-05-22 06:27:54.405098
06:27:59,38.8,54,2026-05-22 06:27:59.437364
06:28:04,31.4,60,2026-05-22 06:28:04.468066
06:28:09,33.8,66,2026-05-22 06:28:09.505900
06:28:14,28.3,46,2026-05-22 06:28:14.547262
06:28:19,39.4,41,2026-05-22 06:28:19.585282
06:28:24,37.0,62,2026-05-22 06:28:24.610120
06:28:29,35.3,77,2026-05-22 06:28:29.636345
06:28:34,34.8,85,2026-05-22 06:28:34.674316
06:28:39,39.6,66,2026-05-22 06:28:39.723183
06:28:44,25.9,64,2026-05-22 06:28:44.754410
06:28:49,32.2,71,2026-05-22 06:28:49.785739
06:28:54,38.1,52,2026-05-22 06:28:54.825099
06:28:59,38.0,80,2026-05-22 06:28:59.868065
06:29:04,33.7,58,2026-05-22 06:29:04.905800
06:29:09,30.6,49,2026-05-22 06:29:09.944592
06:29:14,25.9,86,2026-05-22 06:29:14.988925
06:29:20,30.4,62,2026-05-22 06:29:20.241270
06:29:25,29.2,87,2026-05-22 06:29:25.284855
06:29:30,32.8,72,2026-05-22 06:29:30.327119
06:29:35,37.3,49,2026-05-22 06:29:35.373429
06:29:40,26.5,79,2026-05-22 06:29:40.414361
06:29:45,25.4,75,2026-05-22 06:29:45.447800
06:29:50,39.3,50,2026-05-22 06:29:50.491555
06:29:55,35.1,45,2026-05-22 06:29:55.533887
06:25:53,26.5,44,2026-05-22 06:25:53.624018
06:25:58,32.0,75,2026-05-22 06:25:58.681285
06:26:03,33.9,87,2026-05-22 06:26:03.723010
06:26:08,27.7,64,2026-05-22 06:26:08.751860
06:26:13,34.0,77,2026-05-22 06:26:13.781462
06:26:18,28.3,82,2026-05-22 06:26:18.826476
06:26:23,38.9,54,2026-05-22 06:26:23.864030
06:26:28,27.2,80,2026-05-22 06:26:28.888579
06:26:33,31.3,86,2026-05-22 06:26:33.932567
06:26:38,36.6,46,2026-05-22 06:26:38.987843
06:26:44,35.2,60,2026-05-22 06:26:44.016520
06:26:49,39.1,75,2026-05-22 06:26:49.040382
06:26:54,38.8,79,2026-05-22 06:26:54.063071
06:26:59,26.5,48,2026-05-22 06:26:59.085816
06:27:04,30.6,78,2026-05-22 06:27:04.120535
06:27:09,30.2,70,2026-05-22 06:27:09.155263
06:27:14,39.3,69,2026-05-22 06:27:14.179253
06:27:19,27.9,40,2026-05-22 06:27:19.202999
06:27:24,37.3,43,2026-05-22 06:27:24.229269
06:27:29,28.5,48,2026-05-22 06:27:29.261695
06:27:34,30.0,46,2026-05-22 06:27:34.290563
06:27:39,32.3,77,2026-05-22 06:27:39.313777
06:27:44,30.7,64,2026-05-22 06:27:44.337117
06:27:49,39.3,76,2026-05-22 06:27:49.367452
06:27:54,38.5,77,2026-05-22 06:27:54.405098
06:27:59,38.8,54,2026-05-22 06:27:59.437364
06:28:04,31.4,60,2026-05-22 06:28:04.468066
06:28:09,33.8,66,2026-05-22 06:28:09.505900
06:28:14,28.3,46,2026-05-22 06:28:14.547262
06:28:19,39.4,41,2026-05-22 06:28:19.585282
06:28:24,37.0,62,2026-05-22 06:28:24.610120
06:28:29,35.3,77,2026-05-22 06:28:29.636345
06:28:34,34.8,85,2026-05-22 06:28:34.674316
06:28:39,39.6,66,2026-05-22 06:28:39.723183
06:28:44,25.9,64,2026-05-22 06:28:44.754410
06:28:49,32.2,71,2026-05-22 06:28:49.785739
06:28:54,38.1,52,2026-05-22 06:28:54.825099
06:28:59,38.0,80,2026-05-22 06:28:59.868065
06:29:04,33.7,58,2026-05-22 06:29:04.905800
06:29:09,30.6,49,2026-05-22 06:29:09.944592
06:29:14,25.9,86,2026-05-22 06:29:14.988925
06:29:20,30.4,62,2026-05-22 06:29:20.241270
06:29:25,29.2,87,2026-05-22 06:29:25.284855
06:29:30,32.8,72,2026-05-22 06:29:30.327119
06:29:35,37.3,49,2026-05-22 06:29:35.373429
06:29:40,26.5,79,2026-05-22 06:29:40.414361
06:29:45,25.4,75,2026-05-22 06:29:45.447800
06:29:50,39.3,50,2026-05-22 06:29:50.491555
06:29:55,35.1,45,2026-05-22 06:29:55.533887
06:30:00,37.8,40,2026-05-22 06:30:00.595904
06:25:58,32.0,75,2026-05-22 06:25:58.681285
06:26:03,33.9,87,2026-05-22 06:26:03.723010
06:26:08,27.7,64,2026-05-22 06:26:08.751860
06:26:13,34.0,77,2026-05-22 06:26:13.781462
06:26:18,28.3,82,2026-05-22 06:26:18.826476
06:26:23,38.9,54,2026-05-22 06:26:23.864030
06:26:28,27.2,80,2026-05-22 06:26:28.888579
06:26:33,31.3,86,2026-05-22 06:26:33.932567
06:26:38,36.6,46,2026-05-22 06:26:38.987843
06:26:44,35.2,60,2026-05-22 06:26:44.016520
06:26:49,39.1,75,2026-05-22 06:26:49.040382
06:26:54,38.8,79,2026-05-22 06:26:54.063071
06:26:59,26.5,48,2026-05-22 06:26:59.085816
06:27:04,30.6,78,2026-05-22 06:27:04.120535
06:27:09,30.2,70,2026-05-22 06:27:09.155263
06:27:14,39.3,69,2026-05-22 06:27:14.179253
06:27:19,27.9,40,2026-05-22 06:27:19.202999
06:27:24,37.3,43,2026-05-22 06:27:24.229269
06:27:29,28.5,48,2026-05-22 06:27:29.261695
06:27:34,30.0,46,2026-05-22 06:27:34.290563
06:27:39,32.3,77,2026-05-22 06:27:39.313777
06:27:44,30.7,64,2026-05-22 06:27:44.337117
06:27:49,39.3,76,2026-05-22 06:27:49.367452
06:27:54,38.5,77,2026-05-22 06:27:54.405098
06:27:59,38.8,54,2026-05-22 06:27:59.437364
06:28:04,31.4,60,2026-05-22 06:28:04.468066
06:28:09,33.8,66,2026-05-22 06:28:09.505900
06:28:14,28.3,46,2026-05-22 06:28:14.547262
06:28:19,39.4,41,2026-05-22 06:28:19.585282
06:28:24,37.0,62,2026-05-22 06:28:24.610120
06:28:29,35.3,77,2026-05-22 06:28:29.636345
06:28:34,34.8,85,2026-05-22 06:28:34.674316
06:28:39,39.6,66,2026-05-22 06:28:39.723183
06:28:44,25.9,64,2026-05-22 06:28:44.754410
06:28:49,32.2,71,2026-05-22 06:28:49.785739
06:28:54,38.1,52,2026-05-22 06:28:54.825099
06:28:59,38.0,80,2026-05-22 06:28:59.868065
06:29:04,33.7,58,2026-05-22 06:29:04.905800
06:29:09,30.6,49,2026-05-22 06:29:09.944592
06:29:14,25.9,86,2026-05-22 06:29:14.988925
06:29:20,30.4,62,2026-05-22 06:29:20.241270
06:29:25,29.2,87,2026-05-22 06:29:25.284855
06:29:30,32.8,72,2026-05-22 06:29:30.327119
06:29:35,37.3,49,2026-05-22 06:29:35.373429
06:29:40,26.5,79,2026-05-22 06:29:40.414361
06:29:45,25.4,75,2026-05-22 06:29:45.447800
06:29:50,39.3,50,2026-05-22 06:29:50.491555
06:29:55,35.1,45,2026-05-22 06:29:55.533887
06:30:00,37.8,40,2026-05-22 06:30:00.595904
06:30:05,30.3,58,2026-05-22 06:30:05.664498
06:26:03,33.9,87,2026-05-22 06:26:03.723010
06:26:08,27.7,64,2026-05-22 06:26:08.751860
06:26:13,34.0,77,2026-05-22 06:26:13.781462
06:26:18,28.3,82,2026-05-22 06:26:18.826476
06:26:23,38.9,54,2026-05-22 06:26:23.864030
06:26:28,27.2,80,2026-05-22 06:26:28.888579
06:26:33,31.3,86,2026-05-22 06:26:33.932567
06:26:38,36.6,46,2026-05-22 06:26:38.987843
06:26:44,35.2,60,2026-05-22 06:26:44.016520
06:26:49,39.1,75,2026-05-22 06:26:49.040382
06:26:54,38.8,79,2026-05-22 06:26:54.063071
06:26:59,26.5,48,2026-05-22 06:26:59.085816
06:27:04,30.6,78,2026-05-22 06:27:04.120535
06:27:09,30.2,70,2026-05-22 06:27:09.155263
06:27:14,39.3,69,2026-05-22 06:27:14.179253
06:27:19,27.9,40,2026-05-22 06:27:19.202999
06:27:24,37.3,43,2026-05-22 06:27:24.229269
06:27:29,28.5,48,2026-05-22 06:27:29.261695
06:27:34,30.0,46,2026-05-22 06:27:34.290563
06:27:39,32.3,77,2026-05-22 06:27:39.313777
06:27:44,30.7,64,2026-05-22 06:27:44.337117
06:27:49,39.3,76,2026-05-22 06:27:49.367452
06:27:54,38.5,77,2026-05-22 06:27:54.405098
06:27:59,38.8,54,2026-05-22 06:27:59.437364
06:28:04,31.4,60,2026-05-22 06:28:04.468066
06:28:09,33.8,66,2026-05-22 06:28:09.505900
06:28:14,28.3,46,2026-05-22 06:28:14.547262
06:28:19,39.4,41,2026-05-22 06:28:19.585282
06:28:24,37.0,62,2026-05-22 06:28:24.610120
06:28:29,35.3,77,2026-05-22 06:28:29.636345
06:28:34,34.8,85,2026-05-22 06:28:34.674316
06:28:39,39.6,66,2026-05-22 06:28:39.723183
06:28:44,25.9,64,2026-05-22 06:28:44.754410
06:28:49,32.2,71,2026-05-22 06:28:49.785739
06:28:54,38.1,52,2026-05-22 06:28:54.825099
06:28:59,38.0,80,2026-05-22 06:28:59.868065
06:29:04,33.7,58,2026-05-22 06:29:04.905800
06:29:09,30.6,49,2026-05-22 06:29:09.944592
06:29:14,25.9,86,2026-05-22 06:29:14.988925
06:29:20,30.4,62,2026-05-22 06:29:20.241270
06:29:25,29.2,87,2026-05-22 06:29:25.284855
06:29:30,32.8,72,2026-05-22 06:29:30.327119
06:29:35,37.3,49,2026-05-22 06:29:35.373429
06:29:40,26.5,79,2026-05-22 06:29:40.414361
06:29:45,25.4,75,2026-05-22 06:29:45.447800
06:29:50,39.3,50,2026-05-22 06:29:50.491555
06:29:55,35.1,45,2026-05-22 06:29:55.533887
06:30:00,37.8,40,2026-05-22 06:30:00.595904
06:30:05,30.3,58,2026-05-22 06:30:05.664498
06:30:10,32.0,84,2026-05-22 06:30:10.725908
06:26:08,27.7,64,2026-05-22 06:26:08.751860
06:26:13,34.0,77,2026-05-22 06:26:13.781462
06:26:18,28.3,82,2026-05-22 06:26:18.826476
06:26:23,38.9,54,2026-05-22 06:26:23.864030
06:26:28,27.2,80,2026-05-22 06:26:28.888579
06:26:33,31.3,86,2026-05-22 06:26:33.932567
06:26:38,36.6,46,2026-05-22 06:26:38.987843
06:26:44,35.2,60,2026-05-22 06:26:44.016520
06:26:49,39.1,75,2026-05-22 06:26:49.040382
06:26:54,38.8,79,2026-05-22 06:26:54.063071
06:26:59,26.5,48,2026-05-22 06:26:59.085816
06:27:04,30.6,78,2026-05-22 06:27:04.120535
06:27:09,30.2,70,2026-05-22 06:27:09.155263
06:27:14,39.3,69,2026-05-22 06:27:14.179253
06:27:19,27.9,40,2026-05-22 06:27:19.202999
06:27:24,37.3,43,2026-05-22 06:27:24.229269
06:27:29,28.5,48,2026-05-22 06:27:29.261695
06:27:34,30.0,46,2026-05-22 06:27:34.290563
06:27:39,32.3,77,2026-05-22 06:27:39.313777
06:27:44,30.7,64,2026-05-22 06:27:44.337117
06:27:49,39.3,76,2026-05-22 06:27:49.367452
06:27:54,38.5,77,2026-05-22 06:27:54.405098
06:27:59,38.8,54,2026-05-22 06:27:59.437364
06:28:04,31.4,60,2026-05-22 06:28:04.468066
06:28:09,33.8,66,2026-05-22 06:28:09.505900
06:28:14,28.3,46,2026-05-22 06:28:14.547262
06:28:19,39.4,41,2026-05-22 06:28:19.585282
06:28:24,37.0,62,2026-05-22 06:28:24.610120
06:28:29,35.3,77,2026-05-22 06:28:29.636345
06:28:34,34.8,85,2026-05-22 06:28:34.674316
06:28:39,39.6,66,2026-05-22 06:28:39.723183
06:28:44,25.9,64,2026-05-22 06:28:44.754410
06:28:49,32.2,71,2026-05-22 06:28:49.785739
06:28:54,38.1,52,2026-05-22 06:28:54.825099
06:28:59,38.0,80,2026-05-22 06:28:59.868065
06:29:04,33.7,58,2026-05-22 06:29:04.905800
06:29:09,30.6,49,2026-05-22 06:29:09.944592
06:29:14,25.9,86,2026-05-22 06:29:14.988925
06:29:20,30.4,62,2026-05-22 06:29:20.241270
06:29:25,29.2,87,2026-05-22 06:29:25.284855
06:29:30,32.8,72,2026-05-22 06:29:30.327119
06:29:35,37.3,49,2026-05-22 06:29:35.373429
06:29:40,26.5,79,2026-05-22 06:29:40.414361
06:29:45,25.4,75,2026-05-22 06:29:45.447800
06:29:50,39.3,50,2026-05-22 06:29:50.491555
06:29:55,35.1,45,2026-05-22 06:29:55.533887
06:30:00,37.8,40,2026-05-22 06:30:00.595904
06:30:05,30.3,58,2026-05-22 06:30:05.664498
06:30:10,32.0,84,2026-05-22 06:30:10.725908
06:30:15,33.3,84,2026-05-22 06:30:15.782872
06:26:13,34.0,77,2026-05-22 06:26:13.781462
06:26:18,28.3,82,2026-05-22 06:26:18.826476
06:26:23,38.9,54,2026-05-22 06:26:23.864030
06:26:28,27.2,80,2026-05-22 06:26:28.888579
06:26:33,31.3,86,2026-05-22 06:26:33.932567
06:26:38,36.6,46,2026-05-22 06:26:38.987843
06:26:44,35.2,60,2026-05-22 06:26:44.016520
06:26:49,39.1,75,2026-05-22 06:26:49.040382
06:26:54,38.8,79,2026-05-22 06:26:54.063071
06:26:59,26.5,48,2026-05-22 06:26:59.085816
06:27:04,30.6,78,2026-05-22 06:27:04.120535
06:27:09,30.2,70,2026-05-22 06:27:09.155263
06:27:14,39.3,69,2026-05-22 06:27:14.179253
06:27:19,27.9,40,2026-05-22 06:27:19.202999
06:27:24,37.3,43,2026-05-22 06:27:24.229269
06:27:29,28.5,48,2026-05-22 06:27:29.261695
06:27:34,30.0,46,2026-05-22 06:27:34.290563
06:27:39,32.3,77,2026-05-22 06:27:39.313777
06:27:44,30.7,64,2026-05-22 06:27:44.337117
06:27:49,39.3,76,2026-05-22 06:27:49.367452
06:27:54,38.5,77,2026-05-22 06:27:54.405098
06:27:59,38.8,54,2026-05-22 06:27:59.437364
06:28:04,31.4,60,2026-05-22 06:28:04.468066
06:28:09,33.8,66,2026-05-22 06:28:09.505900
06:28:14,28.3,46,2026-05-22 06:28:14.547262
06:28:19,39.4,41,2026-05-22 06:28:19.585282
06:28:24,37.0,62,2026-05-22 06:28:24.610120
06:28:29,35.3,77,2026-05-22 06:28:29.636345
06:28:34,34.8,85,2026-05-22 06:28:34.674316
06:28:39,39.6,66,2026-05-22 06:28:39.723183
06:28:44,25.9,64,2026-05-22 06:28:44.754410
06:28:49,32.2,71,2026-05-22 06:28:49.785739
06:28:54,38.1,52,2026-05-22 06:28:54.825099
06:28:59,38.0,80,2026-05-22 06:28:59.868065
06:29:04,33.7,58,2026-05-22 06:29:04.905800
06:29:09,30.6,49,2026-05-22 06:29:09.944592
06:29:14,25.9,86,2026-05-22 06:29:14.988925
06:29:20,30.4,62,2026-05-22 06:29:20.241270
06:29:25,29.2,87,2026-05-22 06:29:25.284855
06:29:30,32.8,72,2026-05-22 06:29:30.327119
06:29:35,37.3,49,2026-05-22 06:29:35.373429
06:29:40,26.5,79,2026-05-22 06:29:40.414361
06:29:45,25.4,75,2026-05-22 06:29:45.447800
06:29:50,39.3,50,2026-05-22 06:29:50.491555
06:29:55,35.1,45,2026-05-22 06:29:55.533887
06:30:00,37.8,40,2026-05-22 06:30:00.595904
06:30:05,30.3,58,2026-05-22 06:30:05.664498
06:30:10,32.0,84,2026-05-22 06:30:10.725908
06:30:15,33.3,84,2026-05-22 06:30:15.782872
06:30:20,32.5,63,2026-05-22 06:30:20.831337
06:26:18,28.3,82,2026-05-22 06:26:18.826476
06:26:23,38.9,54,2026-05-22 06:26:23.864030
06:26:28,27.2,80,2026-05-22 06:26:28.888579
06:26:33,31.3,86,2026-05-22 06:26:33.932567
06:26:38,36.6,46,2026-05-22 06:26:38.987843
06:26:44,35.2,60,2026-05-22 06:26:44.016520
06:26:49,39.1,75,2026-05-22 06:26:49.040382
06:26:54,38.8,79,2026-05-22 06:26:54.063071
06:26:59,26.5,48,2026-05-22 06:26:59.085816
06:27:04,30.6,78,2026-05-22 06:27:04.120535
06:27:09,30.2,70,2026-05-22 06:27:09.155263
06:27:14,39.3,69,2026-05-22 06:27:14.179253
06:27:19,27.9,40,2026-05-22 06:27:19.202999
06:27:24,37.3,43,2026-05-22 06:27:24.229269
06:27:29,28.5,48,2026-05-22 06:27:29.261695
06:27:34,30.0,46,2026-05-22 06:27:34.290563
06:27:39,32.3,77,2026-05-22 06:27:39.313777
06:27:44,30.7,64,2026-05-22 06:27:44.337117
06:27:49,39.3,76,2026-05-22 06:27:49.367452
06:27:54,38.5,77,2026-05-22 06:27:54.405098
06:27:59,38.8,54,2026-05-22 06:27:59.437364
06:28:04,31.4,60,2026-05-22 06:28:04.468066
06:28:09,33.8,66,2026-05-22 06:28:09.505900
06:28:14,28.3,46,2026-05-22 06:28:14.547262
06:28:19,39.4,41,2026-05-22 06:28:19.585282
06:28:24,37.0,62,2026-05-22 06:28:24.610120
06:28:29,35.3,77,2026-05-22 06:28:29.636345
06:28:34,34.8,85,2026-05-22 06:28:34.674316
06:28:39,39.6,66,2026-05-22 06:28:39.723183
06:28:44,25.9,64,2026-05-22 06:28:44.754410
06:28:49,32.2,71,2026-05-22 06:28:49.785739
06:28:54,38.1,52,2026-05-22 06:28:54.825099
06:28:59,38.0,80,2026-05-22 06:28:59.868065
06:29:04,33.7,58,2026-05-22 06:29:04.905800
06:29:09,30.6,49,2026-05-22 06:29:09.944592
06:29:14,25.9,86,2026-05-22 06:29:14.988925
06:29:20,30.4,62,2026-05-22 06:29:20.241270
06:29:25,29.2,87,2026-05-22 06:29:25.284855
06:29:30,32.8,72,2026-05-22 06:29:30.327119
06:29:35,37.3,49,2026-05-22 06:29:35.373429
06:29:40,26.5,79,2026-05-22 06:29:40.414361
06:29:45,25.4,75,2026-05-22 06:29:45.447800
06:29:50,39.3,50,2026-05-22 06:29:50.491555
06:29:55,35.1,45,2026-05-22 06:29:55.533887
06:30:00,37.8,40,2026-05-22 06:30:00.595904
06:30:05,30.3,58,2026-05-22 06:30:05.664498
06:30:10,32.0,84,2026-05-22 06:30:10.725908
06:30:15,33.3,84,2026-05-22 06:30:15.782872
06:30:20,32.5,63,2026-05-22 06:30:20.831337
06:30:25,34.7,40,2026-05-22 06:30:25.858203
06:26:23,38.9,54,2026-05-22 06:26:23.864030
06:26:28,27.2,80,2026-05-22 06:26:28.888579
06:26:33,31.3,86,2026-05-22 06:26:33.932567
06:26:38,36.6,46,2026-05-22 06:26:38.987843
06:26:44,35.2,60,2026-05-22 06:26:44.016520
06:26:49,39.1,75,2026-05-22 06:26:49.040382
06:26:54,38.8,79,2026-05-22 06:26:54.063071
06:26:59,26.5,48,2026-05-22 06:26:59.085816
06:27:04,30.6,78,2026-05-22 06:27:04.120535
06:27:09,30.2,70,2026-05-22 06:27:09.155263
06:27:14,39.3,69,2026-05-22 06:27:14.179253
06:27:19,27.9,40,2026-05-22 06:27:19.202999
06:27:24,37.3,43,2026-05-22 06:27:24.229269
06:27:29,28.5,48,2026-05-22 06:27:29.261695
06:27:34,30.0,46,2026-05-22 06:27:34.290563
06:27:39,32.3,77,2026-05-22 06:27:39.313777
06:27:44,30.7,64,2026-05-22 06:27:44.337117
06:27:49,39.3,76,2026-05-22 06:27:49.367452
06:27:54,38.5,77,2026-05-22 06:27:54.405098
06:27:59,38.8,54,2026-05-22 06:27:59.437364
06:28:04,31.4,60,2026-05-22 06:28:04.468066
06:28:09,33.8,66,2026-05-22 06:28:09.505900
06:28:14,28.3,46,2026-05-22 06:28:14.547262
06:28:19,39.4,41,2026-05-22 06:28:19.585282
06:28:24,37.0,62,2026-05-22 06:28:24.610120
06:28:29,35.3,77,2026-05-22 06:28:29.636345
06:28:34,34.8,85,2026-05-22 06:28:34.674316
06:28:39,39.6,66,2026-05-22 06:28:39.723183
06:28:44,25.9,64,2026-05-22 06:28:44.754410
06:28:49,32.2,71,2026-05-22 06:28:49.785739
06:28:54,38.1,52,2026-05-22 06:28:54.825099
06:28:59,38.0,80,2026-05-22 06:28:59.868065
06:29:04,33.7,58,2026-05-22 06:29:04.905800
06:29:09,30.6,49,2026-05-22 06:29:09.944592
06:29:14,25.9,86,2026-05-22 06:29:14.988925
06:29:20,30.4,62,2026-05-22 06:29:20.241270
06:29:25,29.2,87,2026-05-22 06:29:25.284855
06:29:30,32.8,72,2026-05-22 06:29:30.327119
06:29:35,37.3,49,2026-05-22 06:29:35.373429
06:29:40,26.5,79,2026-05-22 06:29:40.414361
06:29:45,25.4,75,2026-05-22 06:29:45.447800
06:29:50,39.3,50,2026-05-22 06:29:50.491555
06:29:55,35.1,45,2026-05-22 06:29:55.533887
06:30:00,37.8,40,2026-05-22 06:30:00.595904
06:30:05,30.3,58,2026-05-22 06:30:05.664498
06:30:10,32.0,84,2026-05-22 06:30:10.725908
06:30:15,33.3,84,2026-05-22 06:30:15.782872
06:30:20,32.5,63,2026-05-22 06:30:20.831337
06:30:25,34.7,40,2026-05-22 06:30:25.858203
06:30:30,30.2,46,2026-05-22 06:30:30.905947
06:26:28,27.2,80,2026-05-22 06:26:28.888579
06:26:33,31.3,86,2026-05-22 06:26:33.932567
06:26:38,36.6,46,2026-05-22 06:26:38.987843
06:26:44,35.2,60,2026-05-22 06:26:44.016520
06:26:49,39.1,75,2026-05-22 06:26:49.040382
06:26:54,38.8,79,2026-05-22 06:26:54.063071
06:26:59,26.5,48,2026-05-22 06:26:59.085816
06:27:04,30.6,78,2026-05-22 06:27:04.120535
06:27:09,30.2,70,2026-05-22 06:27:09.155263
06:27:14,39.3,69,2026-05-22 06:27:14.179253
06:27:19,27.9,40,2026-05-22 06:27:19.202999
06:27:24,37.3,43,2026-05-22 06:27:24.229269
06:27:29,28.5,48,2026-05-22 06:27:29.261695
06:27:34,30.0,46,2026-05-22 06:27:34.290563
06:27:39,32.3,77,2026-05-22 06:27:39.313777
06:27:44,30.7,64,2026-05-22 06:27:44.337117
06:27:49,39.3,76,2026-05-22 06:27:49.367452
06:27:54,38.5,77,2026-05-22 06:27:54.405098
06:27:59,38.8,54,2026-05-22 06:27:59.437364
06:28:04,31.4,60,2026-05-22 06:28:04.468066
06:28:09,33.8,66,2026-05-22 06:28:09.505900
06:28:14,28.3,46,2026-05-22 06:28:14.547262
06:28:19,39.4,41,2026-05-22 06:28:19.585282
06:28:24,37.0,62,2026-05-22 06:28:24.610120
06:28:29,35.3,77,2026-05-22 06:28:29.636345
06:28:34,34.8,85,2026-05-22 06:28:34.674316
06:28:39,39.6,66,2026-05-22 06:28:39.723183
06:28:44,25.9,64,2026-05-22 06:28:44.754410
06:28:49,32.2,71,2026-05-22 06:28:49.785739
06:28:54,38.1,52,2026-05-22 06:28:54.825099
06:28:59,38.0,80,2026-05-22 06:28:59.868065
06:29:04,33.7,58,2026-05-22 06:29:04.905800
06:29:09,30.6,49,2026-05-22 06:29:09.944592
06:29:14,25.9,86,2026-05-22 06:29:14.988925
06:29:20,30.4,62,2026-05-22 06:29:20.241270
06:29:25,29.2,87,2026-05-22 06:29:25.284855
06:29:30,32.8,72,2026-05-22 06:29:30.327119
06:29:35,37.3,49,2026-05-22 06:29:35.373429
06:29:40,26.5,79,2026-05-22 06:29:40.414361
06:29:45,25.4,75,2026-05-22 06:29:45.447800
06:29:50,39.3,50,2026-05-22 06:29:50.491555
06:29:55,35.1,45,2026-05-22 06:29:55.533887
06:30:00,37.8,40,2026-05-22 06:30:00.595904
06:30:05,30.3,58,2026-05-22 06:30:05.664498
06:30:10,32.0,84,2026-05-22 06:30:10.725908
06:30:15,33.3,84,2026-05-22 06:30:15.782872
06:30:20,32.5,63,2026-05-22 06:30:20.831337
06:30:25,34.7,40,2026-05-22 06:30:25.858203
06:30:30,30.2,46,2026-05-22 06:30:30.905947
06:30:35,35.2,81,2026-05-22 06:30:35.955773
06:26:33,31.3,86,2026-05-22 06:26:33.932567
06:26:38,36.6,46,2026-05-22 06:26:38.987843
06:26:44,35.2,60,2026-05-22 06:26:44.016520
06:26:49,39.1,75,2026-05-22 06:26:49.040382
06:26:54,38.8,79,2026-05-22 06:26:54.063071
06:26:59,26.5,48,2026-05-22 06:26:59.085816
06:27:04,30.6,78,2026-05-22 06:27:04.120535
06:27:09,30.2,70,2026-05-22 06:27:09.155263
06:27:14,39.3,69,2026-05-22 06:27:14.179253
06:27:19,27.9,40,2026-05-22 06:27:19.202999
06:27:24,37.3,43,2026-05-22 06:27:24.229269
06:27:29,28.5,48,2026-05-22 06:27:29.261695
06:27:34,30.0,46,2026-05-22 06:27:34.290563
06:27:39,32.3,77,2026-05-22 06:27:39.313777
06:27:44,30.7,64,2026-05-22 06:27:44.337117
06:27:49,39.3,76,2026-05-22 06:27:49.367452
06:27:54,38.5,77,2026-05-22 06:27:54.405098
06:27:59,38.8,54,2026-05-22 06:27:59.437364
06:28:04,31.4,60,2026-05-22 06:28:04.468066
06:28:09,33.8,66,2026-05-22 06:28:09.505900
06:28:14,28.3,46,2026-05-22 06:28:14.547262
06:28:19,39.4,41,2026-05-22 06:28:19.585282
06:28:24,37.0,62,2026-05-22 06:28:24.610120
06:28:29,35.3,77,2026-05-22 06:28:29.636345
06:28:34,34.8,85,2026-05-22 06:28:34.674316
06:28:39,39.6,66,2026-05-22 06:28:39.723183
06:28:44,25.9,64,2026-05-22 06:28:44.754410
06:28:49,32.2,71,2026-05-22 06:28:49.785739
06:28:54,38.1,52,2026-05-22 06:28:54.825099
06:28:59,38.0,80,2026-05-22 06:28:59.868065
06:29:04,33.7,58,2026-05-22 06:29:04.905800
06:29:09,30.6,49,2026-05-22 06:29:09.944592
06:29:14,25.9,86,2026-05-22 06:29:14.988925
06:29:20,30.4,62,2026-05-22 06:29:20.241270
06:29:25,29.2,87,2026-05-22 06:29:25.284855
06:29:30,32.8,72,2026-05-22 06:29:30.327119
06:29:35,37.3,49,2026-05-22 06:29:35.373429
06:29:40,26.5,79,2026-05-22 06:29:40.414361
06:29:45,25.4,75,2026-05-22 06:29:45.447800
06:29:50,39.3,50,2026-05-22 06:29:50.491555
06:29:55,35.1,45,2026-05-22 06:29:55.533887
06:30:00,37.8,40,2026-05-22 06:30:00.595904
06:30:05,30.3,58,2026-05-22 06:30:05.664498
06:30:10,32.0,84,2026-05-22 06:30:10.725908
06:30:15,33.3,84,2026-05-22 06:30:15.782872
06:30:20,32.5,63,2026-05-22 06:30:20.831337
06:30:25,34.7,40,2026-05-22 06:30:25.858203
06:30:30,30.2,46,2026-05-22 06:30:30.905947
06:30:35,35.2,81,2026-05-22 06:30:35.955773
06:30:40,39.4,72,2026-05-22 06:30:40.995546
06:26:38,36.6,46,2026-05-22 06:26:38.987843
06:26:44,35.2,60,2026-05-22 06:26:44.016520
06:26:49,39.1,75,2026-05-22 06:26:49.040382
06:26:54,38.8,79,2026-05-22 06:26:54.063071
06:26:59,26.5,48,2026-05-22 06:26:59.085816
06:27:04,30.6,78,2026-05-22 06:27:04.120535
06:27:09,30.2,70,2026-05-22 06:27:09.155263
06:27:14,39.3,69,2026-05-22 06:27:14.179253
06:27:19,27.9,40,2026-05-22 06:27:19.202999
06:27:24,37.3,43,2026-05-22 06:27:24.229269
06:27:29,28.5,48,2026-05-22 06:27:29.261695
06:27:34,30.0,46,2026-05-22 06:27:34.290563
06:27:39,32.3,77,2026-05-22 06:27:39.313777
06:27:44,30.7,64,2026-05-22 06:27:44.337117
06:27:49,39.3,76,2026-05-22 06:27:49.367452
06:27:54,38.5,77,2026-05-22 06:27:54.405098
06:27:59,38.8,54,2026-05-22 06:27:59.437364
06:28:04,31.4,60,2026-05-22 06:28:04.468066
06:28:09,33.8,66,2026-05-22 06:28:09.505900
06:28:14,28.3,46,2026-05-22 06:28:14.547262
06:28:19,39.4,41,2026-05-22 06:28:19.585282
06:28:24,37.0,62,2026-05-22 06:28:24.610120
06:28:29,35.3,77,2026-05-22 06:28:29.636345
06:28:34,34.8,85,2026-05-22 06:28:34.674316
06:28:39,39.6,66,2026-05-22 06:28:39.723183
06:28:44,25.9,64,2026-05-22 06:28:44.754410
06:28:49,32.2,71,2026-05-22 06:28:49.785739
06:28:54,38.1,52,2026-05-22 06:28:54.825099
06:28:59,38.0,80,2026-05-22 06:28:59.868065
06:29:04,33.7,58,2026-05-22 06:29:04.905800
06:29:09,30.6,49,2026-05-22 06:29:09.944592
06:29:14,25.9,86,2026-05-22 06:29:14.988925
06:29:20,30.4,62,2026-05-22 06:29:20.241270
06:29:25,29.2,87,2026-05-22 06:29:25.284855
06:29:30,32.8,72,2026-05-22 06:29:30.327119
06:29:35,37.3,49,2026-05-22 06:29:35.373429
06:29:40,26.5,79,2026-05-22 06:29:40.414361
06:29:45,25.4,75,2026-05-22 06:29:45.447800
06:29:50,39.3,50,2026-05-22 06:29:50.491555
06:29:55,35.1,45,2026-05-22 06:29:55.533887
06:30:00,37.8,40,2026-05-22 06:30:00.595904
06:30:05,30.3,58,2026-05-22 06:30:05.664498
06:30:10,32.0,84,2026-05-22 06:30:10.725908
06:30:15,33.3,84,2026-05-22 06:30:15.782872
06:30:20,32.5,63,2026-05-22 06:30:20.831337
06:30:25,34.7,40,2026-05-22 06:30:25.858203
06:30:30,30.2,46,2026-05-22 06:30:30.905947
06:30:35,35.2,81,2026-05-22 06:30:35.955773
06:30:40,39.4,72,2026-05-22 06:30:40.995546
06:30:46,33.3,49,2026-05-22 06:30:46.038388
06:26:44,35.2,60,2026-05-22 06:26:44.016520
06:26:49,39.1,75,2026-05-22 06:26:49.040382
06:26:54,38.8,79,2026-05-22 06:26:54.063071
06:26:59,26.5,48,2026-05-22 06:26:59.085816
06:27:04,30.6,78,2026-05-22 06:27:04.120535
06:27:09,30.2,70,2026-05-22 06:27:09.155263
06:27:14,39.3,69,2026-05-22 06:27:14.179253
06:27:19,27.9,40,2026-05-22 06:27:19.202999
06:27:24,37.3,43,2026-05-22 06:27:24.229269
06:27:29,28.5,48,2026-05-22 06:27:29.261695
06:27:34,30.0,46,2026-05-22 06:27:34.290563
06:27:39,32.3,77,2026-05-22 06:27:39.313777
06:27:44,30.7,64,2026-05-22 06:27:44.337117
06:27:49,39.3,76,2026-05-22 06:27:49.367452
06:27:54,38.5,77,2026-05-22 06:27:54.405098
06:27:59,38.8,54,2026-05-22 06:27:59.437364
06:28:04,31.4,60,2026-05-22 06:28:04.468066
06:28:09,33.8,66,2026-05-22 06:28:09.505900
06:28:14,28.3,46,2026-05-22 06:28:14.547262
06:28:19,39.4,41,2026-05-22 06:28:19.585282
06:28:24,37.0,62,2026-05-22 06:28:24.610120
06:28:29,35.3,77,2026-05-22 06:28:29.636345
06:28:34,34.8,85,2026-05-22 06:28:34.674316
06:28:39,39.6,66,2026-05-22 06:28:39.723183
06:28:44,25.9,64,2026-05-22 06:28:44.754410
06:28:49,32.2,71,2026-05-22 06:28:49.785739
06:28:54,38.1,52,2026-05-22 06:28:54.825099
06:28:59,38.0,80,2026-05-22 06:28:59.868065
06:29:04,33.7,58,2026-05-22 06:29:04.905800
06:29:09,30.6,49,2026-05-22 06:29:09.944592
06:29:14,25.9,86,2026-05-22 06:29:14.988925
06:29:20,30.4,62,2026-05-22 06:29:20.241270
06:29:25,29.2,87,2026-05-22 06:29:25.284855
06:29:30,32.8,72,2026-05-22 06:29:30.327119
06:29:35,37.3,49,2026-05-22 06:29:35.373429
06:29:40,26.5,79,2026-05-22 06:29:40.414361
06:29:45,25.4,75,2026-05-22 06:29:45.447800
06:29:50,39.3,50,2026-05-22 06:29:50.491555
06:29:55,35.1,45,2026-05-22 06:29:55.533887
06:30:00,37.8,40,2026-05-22 06:30:00.595904
06:30:05,30.3,58,2026-05-22 06:30:05.664498
06:30:10,32.0,84,2026-05-22 06:30:10.725908
06:30:15,33.3,84,2026-05-22 06:30:15.782872
06:30:20,32.5,63,2026-05-22 06:30:20.831337
06:30:25,34.7,40,2026-05-22 06:30:25.858203
06:30:30,30.2,46,2026-05-22 06:30:30.905947
06:30:35,35.2,81,2026-05-22 06:30:35.955773
06:30:40,39.4,72,2026-05-22 06:30:40.995546
06:30:46,33.3,49,2026-05-22 06:30:46.038388
06:30:51,30.6,69,2026-05-22 06:30:51.083225
06:26:49,39.1,75,2026-05-22 06:26:49.040382
06:26:54,38.8,79,2026-05-22 06:26:54.063071
06:26:59,26.5,48,2026-05-22 06:26:59.085816
06:27:04,30.6,78,2026-05-22 06:27:04.120535
06:27:09,30.2,70,2026-05-22 06:27:09.155263
06:27:14,39.3,69,2026-05-22 06:27:14.179253
06:27:19,27.9,40,2026-05-22 06:27:19.202999
06:27:24,37.3,43,2026-05-22 06:27:24.229269
06:27:29,28.5,48,2026-05-22 06:27:29.261695
06:27:34,30.0,46,2026-05-22 06:27:34.290563
06:27:39,32.3,77,2026-05-22 06:27:39.313777
06:27:44,30.7,64,2026-05-22 06:27:44.337117
06:27:49,39.3,76,2026-05-22 06:27:49.367452
06:27:54,38.5,77,2026-05-22 06:27:54.405098
06:27:59,38.8,54,2026-05-22 06:27:59.437364
06:28:04,31.4,60,2026-05-22 06:28:04.468066
06:28:09,33.8,66,2026-05-22 06:28:09.505900
06:28:14,28.3,46,2026-05-22 06:28:14.547262
06:28:19,39.4,41,2026-05-22 06:28:19.585282
06:28:24,37.0,62,2026-05-22 06:28:24.610120
06:28:29,35.3,77,2026-05-22 06:28:29.636345
06:28:34,34.8,85,2026-05-22 06:28:34.674316
06:28:39,39.6,66,2026-05-22 06:28:39.723183
06:28:44,25.9,64,2026-05-22 06:28:44.754410
06:28:49,32.2,71,2026-05-22 06:28:49.785739
06:28:54,38.1,52,2026-05-22 06:28:54.825099
06:28:59,38.0,80,2026-05-22 06:28:59.868065
06:29:04,33.7,58,2026-05-22 06:29:04.905800
06:29:09,30.6,49,2026-05-22 06:29:09.944592
06:29:14,25.9,86,2026-05-22 06:29:14.988925
06:29:20,30.4,62,2026-05-22 06:29:20.241270
06:29:25,29.2,87,2026-05-22 06:29:25.284855
06:29:30,32.8,72,2026-05-22 06:29:30.327119
06:29:35,37.3,49,2026-05-22 06:29:35.373429
06:29:40,26.5,79,2026-05-22 06:29:40.414361
06:29:45,25.4,75,2026-05-22 06:29:45.447800
06:29:50,39.3,50,2026-05-22 06:29:50.491555
06:29:55,35.1,45,2026-05-22 06:29:55.533887
06:30:00,37.8,40,2026-05-22 06:30:00.595904
06:30:05,30.3,58,2026-05-22 06:30:05.664498
06:30:10,32.0,84,2026-05-22 06:30:10.725908
06:30:15,33.3,84,2026-05-22 06:30:15.782872
06:30:20,32.5,63,2026-05-22 06:30:20.831337
06:30:25,34.7,40,2026-05-22 06:30:25.858203
06:30:30,30.2,46,2026-05-22 06:30:30.905947
06:30:35,35.2,81,2026-05-22 06:30:35.955773
06:30:40,39.4,72,2026-05-22 06:30:40.995546
06:30:46,33.3,49,2026-05-22 06:30:46.038388
06:30:51,30.6,69,2026-05-22 06:30:51.083225
06:30:56,28.0,64,2026-05-22 06:30:56.121088
06:26:54,38.8,79,2026-05-22 06:26:54.063071
06:26:59,26.5,48,2026-05-22 06:26:59.085816
06:27:04,30.6,78,2026-05-22 06:27:04.120535
06:27:09,30.2,70,2026-05-22 06:27:09.155263
06:27:14,39.3,69,2026-05-22 06:27:14.179253
06:27:19,27.9,40,2026-05-22 06:27:19.202999
06:27:24,37.3,43,2026-05-22 06:27:24.229269
06:27:29,28.5,48,2026-05-22 06:27:29.261695
06:27:34,30.0,46,2026-05-22 06:27:34.290563
06:27:39,32.3,77,2026-05-22 06:27:39.313777
06:27:44,30.7,64,2026-05-22 06:27:44.337117
06:27:49,39.3,76,2026-05-22 06:27:49.367452
06:27:54,38.5,77,2026-05-22 06:27:54.405098
06:27:59,38.8,54,2026-05-22 06:27:59.437364
06:28:04,31.4,60,2026-05-22 06:28:04.468066
06:28:09,33.8,66,2026-05-22 06:28:09.505900
06:28:14,28.3,46,2026-05-22 06:28:14.547262
06:28:19,39.4,41,2026-05-22 06:28:19.585282
06:28:24,37.0,62,2026-05-22 06:28:24.610120
06:28:29,35.3,77,2026-05-22 06:28:29.636345
06:28:34,34.8,85,2026-05-22 06:28:34.674316
06:28:39,39.6,66,2026-05-22 06:28:39.723183
06:28:44,25.9,64,2026-05-22 06:28:44.754410
06:28:49,32.2,71,2026-05-22 06:28:49.785739
06:28:54,38.1,52,2026-05-22 06:28:54.825099
06:28:59,38.0,80,2026-05-22 06:28:59.868065
06:29:04,33.7,58,2026-05-22 06:29:04.905800
06:29:09,30.6,49,2026-05-22 06:29:09.944592
06:29:14,25.9,86,2026-05-22 06:29:14.988925
06:29:20,30.4,62,2026-05-22 06:29:20.241270
06:29:25,29.2,87,2026-05-22 06:29:25.284855
06:29:30,32.8,72,2026-05-22 06:29:30.327119
06:29:35,37.3,49,2026-05-22 06:29:35.373429
06:29:40,26.5,79,2026-05-22 06:29:40.414361
06:29:45,25.4,75,2026-05-22 06:29:45.447800
06:29:50,39.3,50,2026-05-22 06:29:50.491555
06:29:55,35.1,45,2026-05-22 06:29:55.533887
06:30:00,37.8,40,2026-05-22 06:30:00.595904
06:30:05,30.3,58,2026-05-22 06:30:05.664498
06:30:10,32.0,84,2026-05-22 06:30:10.725908
06:30:15,33.3,84,2026-05-22 06:30:15.782872
06:30:20,32.5,63,2026-05-22 06:30:20.831337
06:30:25,34.7,40,2026-05-22 06:30:25.858203
06:30:30,30.2,46,2026-05-22 06:30:30.905947
06:30:35,35.2,81,2026-05-22 06:30:35.955773
06:30:40,39.4,72,2026-05-22 06:30:40.995546
06:30:46,33.3,49,2026-05-22 06:30:46.038388
06:30:51,30.6,69,2026-05-22 06:30:51.083225
06:30:56,28.0,64,2026-05-22 06:30:56.121088
06:31:01,27.7,70,2026-05-22 06:31:01.150762
06:26:59,26.5,48,2026-05-22 06:26:59.085816
06:27:04,30.6,78,2026-05-22 06:27:04.120535
06:27:09,30.2,70,2026-05-22 06:27:09.155263
06:27:14,39.3,69,2026-05-22 06:27:14.179253
06:27:19,27.9,40,2026-05-22 06:27:19.202999
06:27:24,37.3,43,2026-05-22 06:27:24.229269
06:27:29,28.5,48,2026-05-22 06:27:29.261695
06:27:34,30.0,46,2026-05-22 06:27:34.290563
06:27:39,32.3,77,2026-05-22 06:27:39.313777
06:27:44,30.7,64,2026-05-22 06:27:44.337117
06:27:49,39.3,76,2026-05-22 06:27:49.367452
06:27:54,38.5,77,2026-05-22 06:27:54.405098
06:27:59,38.8,54,2026-05-22 06:27:59.437364
06:28:04,31.4,60,2026-05-22 06:28:04.468066
06:28:09,33.8,66,2026-05-22 06:28:09.505900
06:28:14,28.3,46,2026-05-22 06:28:14.547262
06:28:19,39.4,41,2026-05-22 06:28:19.585282
06:28:24,37.0,62,2026-05-22 06:28:24.610120
06:28:29,35.3,77,2026-05-22 06:28:29.636345
06:28:34,34.8,85,2026-05-22 06:28:34.674316
06:28:39,39.6,66,2026-05-22 06:28:39.723183
06:28:44,25.9,64,2026-05-22 06:28:44.754410
06:28:49,32.2,71,2026-05-22 06:28:49.785739
06:28:54,38.1,52,2026-05-22 06:28:54.825099
06:28:59,38.0,80,2026-05-22 06:28:59.868065
06:29:04,33.7,58,2026-05-22 06:29:04.905800
06:29:09,30.6,49,2026-05-22 06:29:09.944592
06:29:14,25.9,86,2026-05-22 06:29:14.988925
06:29:20,30.4,62,2026-05-22 06:29:20.241270
06:29:25,29.2,87,2026-05-22 06:29:25.284855
06:29:30,32.8,72,2026-05-22 06:29:30.327119
06:29:35,37.3,49,2026-05-22 06:29:35.373429
06:29:40,26.5,79,2026-05-22 06:29:40.414361
06:29:45,25.4,75,2026-05-22 06:29:45.447800
06:29:50,39.3,50,2026-05-22 06:29:50.491555
06:29:55,35.1,45,2026-05-22 06:29:55.533887
06:30:00,37.8,40,2026-05-22 06:30:00.595904
06:30:05,30.3,58,2026-05-22 06:30:05.664498
06:30:10,32.0,84,2026-05-22 06:30:10.725908
06:30:15,33.3,84,2026-05-22 06:30:15.782872
06:30:20,32.5,63,2026-05-22 06:30:20.831337
06:30:25,34.7,40,2026-05-22 06:30:25.858203
06:30:30,30.2,46,2026-05-22 06:30:30.905947
06:30:35,35.2,81,2026-05-22 06:30:35.955773
06:30:40,39.4,72,2026-05-22 06:30:40.995546
06:30:46,33.3,49,2026-05-22 06:30:46.038388
06:30:51,30.6,69,2026-05-22 06:30:51.083225
06:30:56,28.0,64,2026-05-22 06:30:56.121088
06:31:01,27.7,70,2026-05-22 06:31:01.150762
06:31:06,38.7,88,2026-05-22 06:31:06.184754
06:27:04,30.6,78,2026-05-22 06:27:04.120535
06:27:09,30.2,70,2026-05-22 06:27:09.155263
06:27:14,39.3,69,2026-05-22 06:27:14.179253
06:27:19,27.9,40,2026-05-22 06:27:19.202999
06:27:24,37.3,43,2026-05-22 06:27:24.229269
06:27:29,28.5,48,2026-05-22 06:27:29.261695
06:27:34,30.0,46,2026-05-22 06:27:34.290563
06:27:39,32.3,77,2026-05-22 06:27:39.313777
06:27:44,30.7,64,2026-05-22 06:27:44.337117
06:27:49,39.3,76,2026-05-22 06:27:49.367452
06:27:54,38.5,77,2026-05-22 06:27:54.405098
06:27:59,38.8,54,2026-05-22 06:27:59.437364
06:28:04,31.4,60,2026-05-22 06:28:04.468066
06:28:09,33.8,66,2026-05-22 06:28:09.505900
06:28:14,28.3,46,2026-05-22 06:28:14.547262
06:28:19,39.4,41,2026-05-22 06:28:19.585282
06:28:24,37.0,62,2026-05-22 06:28:24.610120
06:28:29,35.3,77,2026-05-22 06:28:29.636345
06:28:34,34.8,85,2026-05-22 06:28:34.674316
06:28:39,39.6,66,2026-05-22 06:28:39.723183
06:28:44,25.9,64,2026-05-22 06:28:44.754410
06:28:49,32.2,71,2026-05-22 06:28:49.785739
06:28:54,38.1,52,2026-05-22 06:28:54.825099
06:28:59,38.0,80,2026-05-22 06:28:59.868065
06:29:04,33.7,58,2026-05-22 06:29:04.905800
06:29:09,30.6,49,2026-05-22 06:29:09.944592
06:29:14,25.9,86,2026-05-22 06:29:14.988925
06:29:20,30.4,62,2026-05-22 06:29:20.241270
06:29:25,29.2,87,2026-05-22 06:29:25.284855
06:29:30,32.8,72,2026-05-22 06:29:30.327119
06:29:35,37.3,49,2026-05-22 06:29:35.373429
06:29:40,26.5,79,2026-05-22 06:29:40.414361
06:29:45,25.4,75,2026-05-22 06:29:45.447800
06:29:50,39.3,50,2026-05-22 06:29:50.491555
06:29:55,35.1,45,2026-05-22 06:29:55.533887
06:30:00,37.8,40,2026-05-22 06:30:00.595904
06:30:05,30.3,58,2026-05-22 06:30:05.664498
06:30:10,32.0,84,2026-05-22 06:30:10.725908
06:30:15,33.3,84,2026-05-22 06:30:15.782872
06:30:20,32.5,63,2026-05-22 06:30:20.831337
06:30:25,34.7,40,2026-05-22 06:30:25.858203
06:30:30,30.2,46,2026-05-22 06:30:30.905947
06:30:35,35.2,81,2026-05-22 06:30:35.955773
06:30:40,39.4,72,2026-05-22 06:30:40.995546
06:30:46,33.3,49,2026-05-22 06:30:46.038388
06:30:51,30.6,69,2026-05-22 06:30:51.083225
06:30:56,28.0,64,2026-05-22 06:30:56.121088
06:31:01,27.7,70,2026-05-22 06:31:01.150762
06:31:06,38.7,88,2026-05-22 06:31:06.184754
06:31:11,32.8,51,2026-05-22 06:31:11.239490
06:27:09,30.2,70,2026-05-22 06:27:09.155263
06:27:14,39.3,69,2026-05-22 06:27:14.179253
06:27:19,27.9,40,2026-05-22 06:27:19.202999
06:27:24,37.3,43,2026-05-22 06:27:24.229269
06:27:29,28.5,48,2026-05-22 06:27:29.261695
06:27:34,30.0,46,2026-05-22 06:27:34.290563
06:27:39,32.3,77,2026-05-22 06:27:39.313777
06:27:44,30.7,64,2026-05-22 06:27:44.337117
06:27:49,39.3,76,2026-05-22 06:27:49.367452
06:27:54,38.5,77,2026-05-22 06:27:54.405098
06:27:59,38.8,54,2026-05-22 06:27:59.437364
06:28:04,31.4,60,2026-05-22 06:28:04.468066
06:28:09,33.8,66,2026-05-22 06:28:09.505900
06:28:14,28.3,46,2026-05-22 06:28:14.547262
06:28:19,39.4,41,2026-05-22 06:28:19.585282
06:28:24,37.0,62,2026-05-22 06:28:24.610120
06:28:29,35.3,77,2026-05-22 06:28:29.636345
06:28:34,34.8,85,2026-05-22 06:28:34.674316
06:28:39,39.6,66,2026-05-22 06:28:39.723183
06:28:44,25.9,64,2026-05-22 06:28:44.754410
06:28:49,32.2,71,2026-05-22 06:28:49.785739
06:28:54,38.1,52,2026-05-22 06:28:54.825099
06:28:59,38.0,80,2026-05-22 06:28:59.868065
06:29:04,33.7,58,2026-05-22 06:29:04.905800
06:29:09,30.6,49,2026-05-22 06:29:09.944592
06:29:14,25.9,86,2026-05-22 06:29:14.988925
06:29:20,30.4,62,2026-05-22 06:29:20.241270
06:29:25,29.2,87,2026-05-22 06:29:25.284855
06:29:30,32.8,72,2026-05-22 06:29:30.327119
06:29:35,37.3,49,2026-05-22 06:29:35.373429
06:29:40,26.5,79,2026-05-22 06:29:40.414361
06:29:45,25.4,75,2026-05-22 06:29:45.447800
06:29:50,39.3,50,2026-05-22 06:29:50.491555
06:29:55,35.1,45,2026-05-22 06:29:55.533887
06:30:00,37.8,40,2026-05-22 06:30:00.595904
06:30:05,30.3,58,2026-05-22 06:30:05.664498
06:30:10,32.0,84,2026-05-22 06:30:10.725908
06:30:15,33.3,84,2026-05-22 06:30:15.782872
06:30:20,32.5,63,2026-05-22 06:30:20.831337
06:30:25,34.7,40,2026-05-22 06:30:25.858203
06:30:30,30.2,46,2026-05-22 06:30:30.905947
06:30:35,35.2,81,2026-05-22 06:30:35.955773
06:30:40,39.4,72,2026-05-22 06:30:40.995546
06:30:46,33.3,49,2026-05-22 06:30:46.038388
06:30:51,30.6,69,2026-05-22 06:30:51.083225
06:30:56,28.0,64,2026-05-22 06:30:56.121088
06:31:01,27.7,70,2026-05-22 06:31:01.150762
06:31:06,38.7,88,2026-05-22 06:31:06.184754
06:31:11,32.8,51,2026-05-22 06:31:11.239490
06:31:16,37.0,54,2026-05-22 06:31:16.284080
06:27:14,39.3,69,2026-05-22 06:27:14.179253
06:27:19,27.9,40,2026-05-22 06:27:19.202999
06:27:24,37.3,43,2026-05-22 06:27:24.229269
06:27:29,28.5,48,2026-05-22 06:27:29.261695
06:27:34,30.0,46,2026-05-22 06:27:34.290563
06:27:39,32.3,77,2026-05-22 06:27:39.313777
06:27:44,30.7,64,2026-05-22 06:27:44.337117
06:27:49,39.3,76,2026-05-22 06:27:49.367452
06:27:54,38.5,77,2026-05-22 06:27:54.405098
06:27:59,38.8,54,2026-05-22 06:27:59.437364
06:28:04,31.4,60,2026-05-22 06:28:04.468066
06:28:09,33.8,66,2026-05-22 06:28:09.505900
06:28:14,28.3,46,2026-05-22 06:28:14.547262
06:28:19,39.4,41,2026-05-22 06:28:19.585282
06:28:24,37.0,62,2026-05-22 06:28:24.610120
06:28:29,35.3,77,2026-05-22 06:28:29.636345
06:28:34,34.8,85,2026-05-22 06:28:34.674316
06:28:39,39.6,66,2026-05-22 06:28:39.723183
06:28:44,25.9,64,2026-05-22 06:28:44.754410
06:28:49,32.2,71,2026-05-22 06:28:49.785739
06:28:54,38.1,52,2026-05-22 06:28:54.825099
06:28:59,38.0,80,2026-05-22 06:28:59.868065
06:29:04,33.7,58,2026-05-22 06:29:04.905800
06:29:09,30.6,49,2026-05-22 06:29:09.944592
06:29:14,25.9,86,2026-05-22 06:29:14.988925
06:29:20,30.4,62,2026-05-22 06:29:20.241270
06:29:25,29.2,87,2026-05-22 06:29:25.284855
06:29:30,32.8,72,2026-05-22 06:29:30.327119
06:29:35,37.3,49,2026-05-22 06:29:35.373429
06:29:40,26.5,79,2026-05-22 06:29:40.414361
06:29:45,25.4,75,2026-05-22 06:29:45.447800
06:29:50,39.3,50,2026-05-22 06:29:50.491555
06:29:55,35.1,45,2026-05-22 06:29:55.533887
06:30:00,37.8,40,2026-05-22 06:30:00.595904
06:30:05,30.3,58,2026-05-22 06:30:05.664498
06:30:10,32.0,84,2026-05-22 06:30:10.725908
06:30:15,33.3,84,2026-05-22 06:30:15.782872
06:30:20,32.5,63,2026-05-22 06:30:20.831337
06:30:25,34.7,40,2026-05-22 06:30:25.858203
06:30:30,30.2,46,2026-05-22 06:30:30.905947
06:30:35,35.2,81,2026-05-22 06:30:35.955773
06:30:40,39.4,72,2026-05-22 06:30:40.995546
06:30:46,33.3,49,2026-05-22 06:30:46.038388
06:30:51,30.6,69,2026-05-22 06:30:51.083225
06:30:56,28.0,64,2026-05-22 06:30:56.121088
06:31:01,27.7,70,2026-05-22 06:31:01.150762
06:31:06,38.7,88,2026-05-22 06:31:06.184754
06:31:11,32.8,51,2026-05-22 06:31:11.239490
06:31:16,37.0,54,2026-05-22 06:31:16.284080
06:31:21,37.5,79,2026-05-22 06:31:21.342968
06:27:19,27.9,40,2026-05-22 06:27:19.202999
06:27:24,37.3,43,2026-05-22 06:27:24.229269
06:27:29,28.5,48,2026-05-22 06:27:29.261695
06:27:34,30.0,46,2026-05-22 06:27:34.290563
06:27:39,32.3,77,2026-05-22 06:27:39.313777
06:27:44,30.7,64,2026-05-22 06:27:44.337117
06:27:49,39.3,76,2026-05-22 06:27:49.367452
06:27:54,38.5,77,2026-05-22 06:27:54.405098
06:27:59,38.8,54,2026-05-22 06:27:59.437364
06:28:04,31.4,60,2026-05-22 06:28:04.468066
06:28:09,33.8,66,2026-05-22 06:28:09.505900
06:28:14,28.3,46,2026-05-22 06:28:14.547262
06:28:19,39.4,41,2026-05-22 06:28:19.585282
06:28:24,37.0,62,2026-05-22 06:28:24.610120
06:28:29,35.3,77,2026-05-22 06:28:29.636345
06:28:34,34.8,85,2026-05-22 06:28:34.674316
06:28:39,39.6,66,2026-05-22 06:28:39.723183
06:28:44,25.9,64,2026-05-22 06:28:44.754410
06:28:49,32.2,71,2026-05-22 06:28:49.785739
06:28:54,38.1,52,2026-05-22 06:28:54.825099
06:28:59,38.0,80,2026-05-22 06:28:59.868065
06:29:04,33.7,58,2026-05-22 06:29:04.905800
06:29:09,30.6,49,2026-05-22 06:29:09.944592
06:29:14,25.9,86,2026-05-22 06:29:14.988925
06:29:20,30.4,62,2026-05-22 06:29:20.241270
06:29:25,29.2,87,2026-05-22 06:29:25.284855
06:29:30,32.8,72,2026-05-22 06:29:30.327119
06:29:35,37.3,49,2026-05-22 06:29:35.373429
06:29:40,26.5,79,2026-05-22 06:29:40.414361
06:29:45,25.4,75,2026-05-22 06:29:45.447800
06:29:50,39.3,50,2026-05-22 06:29:50.491555
06:29:55,35.1,45,2026-05-22 06:29:55.533887
06:30:00,37.8,40,2026-05-22 06:30:00.595904
06:30:05,30.3,58,2026-05-22 06:30:05.664498
06:30:10,32.0,84,2026-05-22 06:30:10.725908
06:30:15,33.3,84,2026-05-22 06:30:15.782872
06:30:20,32.5,63,2026-05-22 06:30:20.831337
06:30:25,34.7,40,2026-05-22 06:30:25.858203
06:30:30,30.2,46,2026-05-22 06:30:30.905947
06:30:35,35.2,81,2026-05-22 06:30:35.955773
06:30:40,39.4,72,2026-05-22 06:30:40.995546
06:30:46,33.3,49,2026-05-22 06:30:46.038388
06:30:51,30.6,69,2026-05-22 06:30:51.083225
06:30:56,28.0,64,2026-05-22 06:30:56.121088
06:31:01,27.7,70,2026-05-22 06:31:01.150762
06:31:06,38.7,88,2026-05-22 06:31:06.184754
06:31:11,32.8,51,2026-05-22 06:31:11.239490
06:31:16,37.0,54,2026-05-22 06:31:16.284080
06:31:21,37.5,79,2026-05-22 06:31:21.342968
06:31:26,25.8,46,2026-05-22 06:31:26.389749
06:27:24,37.3,43,2026-05-22 06:27:24.229269
06:27:29,28.5,48,2026-05-22 06:27:29.261695
06:27:34,30.0,46,2026-05-22 06:27:34.290563
06:27:39,32.3,77,2026-05-22 06:27:39.313777
06:27:44,30.7,64,2026-05-22 06:27:44.337117
06:27:49,39.3,76,2026-05-22 06:27:49.367452
06:27:54,38.5,77,2026-05-22 06:27:54.405098
06:27:59,38.8,54,2026-05-22 06:27:59.437364
06:28:04,31.4,60,2026-05-22 06:28:04.468066
06:28:09,33.8,66,2026-05-22 06:28:09.505900
06:28:14,28.3,46,2026-05-22 06:28:14.547262
06:28:19,39.4,41,2026-05-22 06:28:19.585282
06:28:24,37.0,62,2026-05-22 06:28:24.610120
06:28:29,35.3,77,2026-05-22 06:28:29.636345
06:28:34,34.8,85,2026-05-22 06:28:34.674316
06:28:39,39.6,66,2026-05-22 06:28:39.723183
06:28:44,25.9,64,2026-05-22 06:28:44.754410
06:28:49,32.2,71,2026-05-22 06:28:49.785739
06:28:54,38.1,52,2026-05-22 06:28:54.825099
06:28:59,38.0,80,2026-05-22 06:28:59.868065
06:29:04,33.7,58,2026-05-22 06:29:04.905800
06:29:09,30.6,49,2026-05-22 06:29:09.944592
06:29:14,25.9,86,2026-05-22 06:29:14.988925
06:29:20,30.4,62,2026-05-22 06:29:20.241270
06:29:25,29.2,87,2026-05-22 06:29:25.284855
06:29:30,32.8,72,2026-05-22 06:29:30.327119
06:29:35,37.3,49,2026-05-22 06:29:35.373429
06:29:40,26.5,79,2026-05-22 06:29:40.414361
06:29:45,25.4,75,2026-05-22 06:29:45.447800
06:29:50,39.3,50,2026-05-22 06:29:50.491555
06:29:55,35.1,45,2026-05-22 06:29:55.533887
06:30:00,37.8,40,2026-05-22 06:30:00.595904
06:30:05,30.3,58,2026-05-22 06:30:05.664498
06:30:10,32.0,84,2026-05-22 06:30:10.725908
06:30:15,33.3,84,2026-05-22 06:30:15.782872
06:30:20,32.5,63,2026-05-22 06:30:20.831337
06:30:25,34.7,40,2026-05-22 06:30:25.858203
06:30:30,30.2,46,2026-05-22 06:30:30.905947
06:30:35,35.2,81,2026-05-22 06:30:35.955773
06:30:40,39.4,72,2026-05-22 06:30:40.995546
06:30:46,33.3,49,2026-05-22 06:30:46.038388
06:30:51,30.6,69,2026-05-22 06:30:51.083225
06:30:56,28.0,64,2026-05-22 06:30:56.121088
06:31:01,27.7,70,2026-05-22 06:31:01.150762
06:31:06,38.7,88,2026-05-22 06:31:06.184754
06:31:11,32.8,51,2026-05-22 06:31:11.239490
06:31:16,37.0,54,2026-05-22 06:31:16.284080
06:31:21,37.5,79,2026-05-22 06:31:21.342968
06:31:26,25.8,46,2026-05-22 06:31:26.389749
06:31:31,26.9,48,2026-05-22 06:31:31.419995
06:27:29,28.5,48,2026-05-22 06:27:29.261695
06:27:34,30.0,46,2026-05-22 06:27:34.290563
06:27:39,32.3,77,2026-05-22 06:27:39.313777
06:27:44,30.7,64,2026-05-22 06:27:44.337117
06:27:49,39.3,76,2026-05-22 06:27:49.367452
06:27:54,38.5,77,2026-05-22 06:27:54.405098
06:27:59,38.8,54,2026-05-22 06:27:59.437364
06:28:04,31.4,60,2026-05-22 06:28:04.468066
06:28:09,33.8,66,2026-05-22 06:28:09.505900
06:28:14,28.3,46,2026-05-22 06:28:14.547262
06:28:19,39.4,41,2026-05-22 06:28:19.585282
06:28:24,37.0,62,2026-05-22 06:28:24.610120
06:28:29,35.3,77,2026-05-22 06:28:29.636345
06:28:34,34.8,85,2026-05-22 06:28:34.674316
06:28:39,39.6,66,2026-05-22 06:28:39.723183
06:28:44,25.9,64,2026-05-22 06:28:44.754410
06:28:49,32.2,71,2026-05-22 06:28:49.785739
06:28:54,38.1,52,2026-05-22 06:28:54.825099
06:28:59,38.0,80,2026-05-22 06:28:59.868065
06:29:04,33.7,58,2026-05-22 06:29:04.905800
06:29:09,30.6,49,2026-05-22 06:29:09.944592
06:29:14,25.9,86,2026-05-22 06:29:14.988925
06:29:20,30.4,62,2026-05-22 06:29:20.241270
06:29:25,29.2,87,2026-05-22 06:29:25.284855
06:29:30,32.8,72,2026-05-22 06:29:30.327119
06:29:35,37.3,49,2026-05-22 06:29:35.373429
06:29:40,26.5,79,2026-05-22 06:29:40.414361
06:29:45,25.4,75,2026-05-22 06:29:45.447800
06:29:50,39.3,50,2026-05-22 06:29:50.491555
06:29:55,35.1,45,2026-05-22 06:29:55.533887
06:30:00,37.8,40,2026-05-22 06:30:00.595904
06:30:05,30.3,58,2026-05-22 06:30:05.664498
06:30:10,32.0,84,2026-05-22 06:30:10.725908
06:30:15,33.3,84,2026-05-22 06:30:15.782872
06:30:20,32.5,63,2026-05-22 06:30:20.831337
06:30:25,34.7,40,2026-05-22 06:30:25.858203
06:30:30,30.2,46,2026-05-22 06:30:30.905947
06:30:35,35.2,81,2026-05-22 06:30:35.955773
06:30:40,39.4,72,2026-05-22 06:30:40.995546
06:30:46,33.3,49,2026-05-22 06:30:46.038388
06:30:51,30.6,69,2026-05-22 06:30:51.083225
06:30:56,28.0,64,2026-05-22 06:30:56.121088
06:31:01,27.7,70,2026-05-22 06:31:01.150762
06:31:06,38.7,88,2026-05-22 06:31:06.184754
06:31:11,32.8,51,2026-05-22 06:31:11.239490
06:31:16,37.0,54,2026-05-22 06:31:16.284080
06:31:21,37.5,79,2026-05-22 06:31:21.342968
06:31:26,25.8,46,2026-05-22 06:31:26.389749
06:31:31,26.9,48,2026-05-22 06:31:31.419995
06:31:36,39.9,75,2026-05-22 06:31:36.459344
06:27:34,30.0,46,2026-05-22 06:27:34.290563
06:27:39,32.3,77,2026-05-22 06:27:39.313777
06:27:44,30.7,64,2026-05-22 06:27:44.337117
06:27:49,39.3,76,2026-05-22 06:27:49.367452
06:27:54,38.5,77,2026-05-22 06:27:54.405098
06:27:59,38.8,54,2026-05-22 06:27:59.437364
06:28:04,31.4,60,2026-05-22 06:28:04.468066
06:28:09,33.8,66,2026-05-22 06:28:09.505900
06:28:14,28.3,46,2026-05-22 06:28:14.547262
06:28:19,39.4,41,2026-05-22 06:28:19.585282
06:28:24,37.0,62,2026-05-22 06:28:24.610120
06:28:29,35.3,77,2026-05-22 06:28:29.636345
06:28:34,34.8,85,2026-05-22 06:28:34.674316
06:28:39,39.6,66,2026-05-22 06:28:39.723183
06:28:44,25.9,64,2026-05-22 06:28:44.754410
06:28:49,32.2,71,2026-05-22 06:28:49.785739
06:28:54,38.1,52,2026-05-22 06:28:54.825099
06:28:59,38.0,80,2026-05-22 06:28:59.868065
06:29:04,33.7,58,2026-05-22 06:29:04.905800
06:29:09,30.6,49,2026-05-22 06:29:09.944592
06:29:14,25.9,86,2026-05-22 06:29:14.988925
06:29:20,30.4,62,2026-05-22 06:29:20.241270
06:29:25,29.2,87,2026-05-22 06:29:25.284855
06:29:30,32.8,72,2026-05-22 06:29:30.327119
06:29:35,37.3,49,2026-05-22 06:29:35.373429
06:29:40,26.5,79,2026-05-22 06:29:40.414361
06:29:45,25.4,75,2026-05-22 06:29:45.447800
06:29:50,39.3,50,2026-05-22 06:29:50.491555
06:29:55,35.1,45,2026-05-22 06:29:55.533887
06:30:00,37.8,40,2026-05-22 06:30:00.595904
06:30:05,30.3,58,2026-05-22 06:30:05.664498
06:30:10,32.0,84,2026-05-22 06:30:10.725908
06:30:15,33.3,84,2026-05-22 06:30:15.782872
06:30:20,32.5,63,2026-05-22 06:30:20.831337
06:30:25,34.7,40,2026-05-22 06:30:25.858203
06:30:30,30.2,46,2026-05-22 06:30:30.905947
06:30:35,35.2,81,2026-05-22 06:30:35.955773
06:30:40,39.4,72,2026-05-22 06:30:40.995546
06:30:46,33.3,49,2026-05-22 06:30:46.038388
06:30:51,30.6,69,2026-05-22 06:30:51.083225
06:30:56,28.0,64,2026-05-22 06:30:56.121088
06:31:01,27.7,70,2026-05-22 06:31:01.150762
06:31:06,38.7,88,2026-05-22 06:31:06.184754
06:31:11,32.8,51,2026-05-22 06:31:11.239490
06:31:16,37.0,54,2026-05-22 06:31:16.284080
06:31:21,37.5,79,2026-05-22 06:31:21.342968
06:31:26,25.8,46,2026-05-22 06:31:26.389749
06:31:31,26.9,48,2026-05-22 06:31:31.419995
06:31:36,39.9,75,2026-05-22 06:31:36.459344
06:31:41,34.0,74,2026-05-22 06:31:41.500293
06:27:39,32.3,77,2026-05-22 06:27:39.313777
06:27:44,30.7,64,2026-05-22 06:27:44.337117
06:27:49,39.3,76,2026-05-22 06:27:49.367452
06:27:54,38.5,77,2026-05-22 06:27:54.405098
06:27:59,38.8,54,2026-05-22 06:27:59.437364
06:28:04,31.4,60,2026-05-22 06:28:04.468066
06:28:09,33.8,66,2026-05-22 06:28:09.505900
06:28:14,28.3,46,2026-05-22 06:28:14.547262
06:28:19,39.4,41,2026-05-22 06:28:19.585282
06:28:24,37.0,62,2026-05-22 06:28:24.610120
06:28:29,35.3,77,2026-05-22 06:28:29.636345
06:28:34,34.8,85,2026-05-22 06:28:34.674316
06:28:39,39.6,66,2026-05-22 06:28:39.723183
06:28:44,25.9,64,2026-05-22 06:28:44.754410
06:28:49,32.2,71,2026-05-22 06:28:49.785739
06:28:54,38.1,52,2026-05-22 06:28:54.825099
06:28:59,38.0,80,2026-05-22 06:28:59.868065
06:29:04,33.7,58,2026-05-22 06:29:04.905800
06:29:09,30.6,49,2026-05-22 06:29:09.944592
06:29:14,25.9,86,2026-05-22 06:29:14.988925
06:29:20,30.4,62,2026-05-22 06:29:20.241270
06:29:25,29.2,87,2026-05-22 06:29:25.284855
06:29:30,32.8,72,2026-05-22 06:29:30.327119
06:29:35,37.3,49,2026-05-22 06:29:35.373429
06:29:40,26.5,79,2026-05-22 06:29:40.414361
06:29:45,25.4,75,2026-05-22 06:29:45.447800
06:29:50,39.3,50,2026-05-22 06:29:50.491555
06:29:55,35.1,45,2026-05-22 06:29:55.533887
06:30:00,37.8,40,2026-05-22 06:30:00.595904
06:30:05,30.3,58,2026-05-22 06:30:05.664498
06:30:10,32.0,84,2026-05-22 06:30:10.725908
06:30:15,33.3,84,2026-05-22 06:30:15.782872
06:30:20,32.5,63,2026-05-22 06:30:20.831337
06:30:25,34.7,40,2026-05-22 06:30:25.858203
06:30:30,30.2,46,2026-05-22 06:30:30.905947
06:30:35,35.2,81,2026-05-22 06:30:35.955773
06:30:40,39.4,72,2026-05-22 06:30:40.995546
06:30:46,33.3,49,2026-05-22 06:30:46.038388
06:30:51,30.6,69,2026-05-22 06:30:51.083225
06:30:56,28.0,64,2026-05-22 06:30:56.121088
06:31:01,27.7,70,2026-05-22 06:31:01.150762
06:31:06,38.7,88,2026-05-22 06:31:06.184754
06:31:11,32.8,51,2026-05-22 06:31:11.239490
06:31:16,37.0,54,2026-05-22 06:31:16.284080
06:31:21,37.5,79,2026-05-22 06:31:21.342968
06:31:26,25.8,46,2026-05-22 06:31:26.389749
06:31:31,26.9,48,2026-05-22 06:31:31.419995
06:31:36,39.9,75,2026-05-22 06:31:36.459344
06:31:41,34.0,74,2026-05-22 06:31:41.500293
06:31:46,33.9,84,2026-05-22 06:31:46.538887
06:27:44,30.7,64,2026-05-22 06:27:44.337117
06:27:49,39.3,76,2026-05-22 06:27:49.367452
06:27:54,38.5,77,2026-05-22 06:27:54.405098
06:27:59,38.8,54,2026-05-22 06:27:59.437364
06:28:04,31.4,60,2026-05-22 06:28:04.468066
06:28:09,33.8,66,2026-05-22 06:28:09.505900
06:28:14,28.3,46,2026-05-22 06:28:14.547262
06:28:19,39.4,41,2026-05-22 06:28:19.585282
06:28:24,37.0,62,2026-05-22 06:28:24.610120
06:28:29,35.3,77,2026-05-22 06:28:29.636345
06:28:34,34.8,85,2026-05-22 06:28:34.674316
06:28:39,39.6,66,2026-05-22 06:28:39.723183
06:28:44,25.9,64,2026-05-22 06:28:44.754410
06:28:49,32.2,71,2026-05-22 06:28:49.785739
06:28:54,38.1,52,2026-05-22 06:28:54.825099
06:28:59,38.0,80,2026-05-22 06:28:59.868065
06:29:04,33.7,58,2026-05-22 06:29:04.905800
06:29:09,30.6,49,2026-05-22 06:29:09.944592
06:29:14,25.9,86,2026-05-22 06:29:14.988925
06:29:20,30.4,62,2026-05-22 06:29:20.241270
06:29:25,29.2,87,2026-05-22 06:29:25.284855
06:29:30,32.8,72,2026-05-22 06:29:30.327119
06:29:35,37.3,49,2026-05-22 06:29:35.373429
06:29:40,26.5,79,2026-05-22 06:29:40.414361
06:29:45,25.4,75,2026-05-22 06:29:45.447800
06:29:50,39.3,50,2026-05-22 06:29:50.491555
06:29:55,35.1,45,2026-05-22 06:29:55.533887
06:30:00,37.8,40,2026-05-22 06:30:00.595904
06:30:05,30.3,58,2026-05-22 06:30:05.664498
06:30:10,32.0,84,2026-05-22 06:30:10.725908
06:30:15,33.3,84,2026-05-22 06:30:15.782872
06:30:20,32.5,63,2026-05-22 06:30:20.831337
06:30:25,34.7,40,2026-05-22 06:30:25.858203
06:30:30,30.2,46,2026-05-22 06:30:30.905947
06:30:35,35.2,81,2026-05-22 06:30:35.955773
06:30:40,39.4,72,2026-05-22 06:30:40.995546
06:30:46,33.3,49,2026-05-22 06:30:46.038388
06:30:51,30.6,69,2026-05-22 06:30:51.083225
06:30:56,28.0,64,2026-05-22 06:30:56.121088
06:31:01,27.7,70,2026-05-22 06:31:01.150762
06:31:06,38.7,88,2026-05-22 06:31:06.184754
06:31:11,32.8,51,2026-05-22 06:31:11.239490
06:31:16,37.0,54,2026-05-22 06:31:16.284080
06:31:21,37.5,79,2026-05-22 06:31:21.342968
06:31:26,25.8,46,2026-05-22 06:31:26.389749
06:31:31,26.9,48,2026-05-22 06:31:31.419995
06:31:36,39.9,75,2026-05-22 06:31:36.459344
06:31:41,34.0,74,2026-05-22 06:31:41.500293
06:31:46,33.9,84,2026-05-22 06:31:46.538887
06:31:51,32.8,59,2026-05-22 06:31:51.588458
06:27:49,39.3,76,2026-05-22 06:27:49.367452
06:27:54,38.5,77,2026-05-22 06:27:54.405098
06:27:59,38.8,54,2026-05-22 06:27:59.437364
06:28:04,31.4,60,2026-05-22 06:28:04.468066
06:28:09,33.8,66,2026-05-22 06:28:09.505900
06:28:14,28.3,46,2026-05-22 06:28:14.547262
06:28:19,39.4,41,2026-05-22 06:28:19.585282
06:28:24,37.0,62,2026-05-22 06:28:24.610120
06:28:29,35.3,77,2026-05-22 06:28:29.636345
06:28:34,34.8,85,2026-05-22 06:28:34.674316
06:28:39,39.6,66,2026-05-22 06:28:39.723183
06:28:44,25.9,64,2026-05-22 06:28:44.754410
06:28:49,32.2,71,2026-05-22 06:28:49.785739
06:28:54,38.1,52,2026-05-22 06:28:54.825099
06:28:59,38.0,80,2026-05-22 06:28:59.868065
06:29:04,33.7,58,2026-05-22 06:29:04.905800
06:29:09,30.6,49,2026-05-22 06:29:09.944592
06:29:14,25.9,86,2026-05-22 06:29:14.988925
06:29:20,30.4,62,2026-05-22 06:29:20.241270
06:29:25,29.2,87,2026-05-22 06:29:25.284855
06:29:30,32.8,72,2026-05-22 06:29:30.327119
06:29:35,37.3,49,2026-05-22 06:29:35.373429
06:29:40,26.5,79,2026-05-22 06:29:40.414361
06:29:45,25.4,75,2026-05-22 06:29:45.447800
06:29:50,39.3,50,2026-05-22 06:29:50.491555
06:29:55,35.1,45,2026-05-22 06:29:55.533887
06:30:00,37.8,40,2026-05-22 06:30:00.595904
06:30:05,30.3,58,2026-05-22 06:30:05.664498
06:30:10,32.0,84,2026-05-22 06:30:10.725908
06:30:15,33.3,84,2026-05-22 06:30:15.782872
06:30:20,32.5,63,2026-05-22 06:30:20.831337
06:30:25,34.7,40,2026-05-22 06:30:25.858203
06:30:30,30.2,46,2026-05-22 06:30:30.905947
06:30:35,35.2,81,2026-05-22 06:30:35.955773
06:30:40,39.4,72,2026-05-22 06:30:40.995546
06:30:46,33.3,49,2026-05-22 06:30:46.038388
06:30:51,30.6,69,2026-05-22 06:30:51.083225
06:30:56,28.0,64,2026-05-22 06:30:56.121088
06:31:01,27.7,70,2026-05-22 06:31:01.150762
06:31:06,38.7,88,2026-05-22 06:31:06.184754
06:31:11,32.8,51,2026-05-22 06:31:11.239490
06:31:16,37.0,54,2026-05-22 06:31:16.284080
06:31:21,37.5,79,2026-05-22 06:31:21.342968
06:31:26,25.8,46,2026-05-22 06:31:26.389749
06:31:31,26.9,48,2026-05-22 06:31:31.419995
06:31:36,39.9,75,2026-05-22 06:31:36.459344
06:31:41,34.0,74,2026-05-22 06:31:41.500293
06:31:46,33.9,84,2026-05-22 06:31:46.538887
06:31:51,32.8,59,2026-05-22 06:31:51.588458
06:31:56,36.0,53,2026-05-22 06:31:56.641720
06:27:54,38.5,77,2026-05-22 06:27:54.405098
06:27:59,38.8,54,2026-05-22 06:27:59.437364
06:28:04,31.4,60,2026-05-22 06:28:04.468066
06:28:09,33.8,66,2026-05-22 06:28:09.505900
06:28:14,28.3,46,2026-05-22 06:28:14.547262
06:28:19,39.4,41,2026-05-22 06:28:19.585282
06:28:24,37.0,62,2026-05-22 06:28:24.610120
06:28:29,35.3,77,2026-05-22 06:28:29.636345
06:28:34,34.8,85,2026-05-22 06:28:34.674316
06:28:39,39.6,66,2026-05-22 06:28:39.723183
06:28:44,25.9,64,2026-05-22 06:28:44.754410
06:28:49,32.2,71,2026-05-22 06:28:49.785739
06:28:54,38.1,52,2026-05-22 06:28:54.825099
06:28:59,38.0,80,2026-05-22 06:28:59.868065
06:29:04,33.7,58,2026-05-22 06:29:04.905800
06:29:09,30.6,49,2026-05-22 06:29:09.944592
06:29:14,25.9,86,2026-05-22 06:29:14.988925
06:29:20,30.4,62,2026-05-22 06:29:20.241270
06:29:25,29.2,87,2026-05-22 06:29:25.284855
06:29:30,32.8,72,2026-05-22 06:29:30.327119
06:29:35,37.3,49,2026-05-22 06:29:35.373429
06:29:40,26.5,79,2026-05-22 06:29:40.414361
06:29:45,25.4,75,2026-05-22 06:29:45.447800
06:29:50,39.3,50,2026-05-22 06:29:50.491555
06:29:55,35.1,45,2026-05-22 06:29:55.533887
06:30:00,37.8,40,2026-05-22 06:30:00.595904
06:30:05,30.3,58,2026-05-22 06:30:05.664498
06:30:10,32.0,84,2026-05-22 06:30:10.725908
06:30:15,33.3,84,2026-05-22 06:30:15.782872
06:30:20,32.5,63,2026-05-22 06:30:20.831337
06:30:25,34.7,40,2026-05-22 06:30:25.858203
06:30:30,30.2,46,2026-05-22 06:30:30.905947
06:30:35,35.2,81,2026-05-22 06:30:35.955773
06:30:40,39.4,72,2026-05-22 06:30:40.995546
06:30:46,33.3,49,2026-05-22 06:30:46.038388
06:30:51,30.6,69,2026-05-22 06:30:51.083225
06:30:56,28.0,64,2026-05-22 06:30:56.121088
06:31:01,27.7,70,2026-05-22 06:31:01.150762
06:31:06,38.7,88,2026-05-22 06:31:06.184754
06:31:11,32.8,51,2026-05-22 06:31:11.239490
06:31:16,37.0,54,2026-05-22 06:31:16.284080
06:31:21,37.5,79,2026-05-22 06:31:21.342968
06:31:26,25.8,46,2026-05-22 06:31:26.389749
06:31:31,26.9,48,2026-05-22 06:31:31.419995
06:31:36,39.9,75,2026-05-22 06:31:36.459344
06:31:41,34.0,74,2026-05-22 06:31:41.500293
06:31:46,33.9,84,2026-05-22 06:31:46.538887
06:31:51,32.8,59,2026-05-22 06:31:51.588458
06:31:56,36.0,53,2026-05-22 06:31:56.641720
06:32:01,30.6,61,2026-05-22 06:32:01.681252
06:27:59,38.8,54,2026-05-22 06:27:59.437364
06:28:04,31.4,60,2026-05-22 06:28:04.468066
06:28:09,33.8,66,2026-05-22 06:28:09.505900
06:28:14,28.3,46,2026-05-22 06:28:14.547262
06:28:19,39.4,41,2026-05-22 06:28:19.585282
06:28:24,37.0,62,2026-05-22 06:28:24.610120
06:28:29,35.3,77,2026-05-22 06:28:29.636345
06:28:34,34.8,85,2026-05-22 06:28:34.674316
06:28:39,39.6,66,2026-05-22 06:28:39.723183
06:28:44,25.9,64,2026-05-22 06:28:44.754410
06:28:49,32.2,71,2026-05-22 06:28:49.785739
06:28:54,38.1,52,2026-05-22 06:28:54.825099
06:28:59,38.0,80,2026-05-22 06:28:59.868065
06:29:04,33.7,58,2026-05-22 06:29:04.905800
06:29:09,30.6,49,2026-05-22 06:29:09.944592
06:29:14,25.9,86,2026-05-22 06:29:14.988925
06:29:20,30.4,62,2026-05-22 06:29:20.241270
06:29:25,29.2,87,2026-05-22 06:29:25.284855
06:29:30,32.8,72,2026-05-22 06:29:30.327119
06:29:35,37.3,49,2026-05-22 06:29:35.373429
06:29:40,26.5,79,2026-05-22 06:29:40.414361
06:29:45,25.4,75,2026-05-22 06:29:45.447800
06:29:50,39.3,50,2026-05-22 06:29:50.491555
06:29:55,35.1,45,2026-05-22 06:29:55.533887
06:30:00,37.8,40,2026-05-22 06:30:00.595904
06:30:05,30.3,58,2026-05-22 06:30:05.664498
06:30:10,32.0,84,2026-05-22 06:30:10.725908
06:30:15,33.3,84,2026-05-22 06:30:15.782872
06:30:20,32.5,63,2026-05-22 06:30:20.831337
06:30:25,34.7,40,2026-05-22 06:30:25.858203
06:30:30,30.2,46,2026-05-22 06:30:30.905947
06:30:35,35.2,81,2026-05-22 06:30:35.955773
06:30:40,39.4,72,2026-05-22 06:30:40.995546
06:30:46,33.3,49,2026-05-22 06:30:46.038388
06:30:51,30.6,69,2026-05-22 06:30:51.083225
06:30:56,28.0,64,2026-05-22 06:30:56.121088
06:31:01,27.7,70,2026-05-22 06:31:01.150762
06:31:06,38.7,88,2026-05-22 06:31:06.184754
06:31:11,32.8,51,2026-05-22 06:31:11.239490
06:31:16,37.0,54,2026-05-22 06:31:16.284080
06:31:21,37.5,79,2026-05-22 06:31:21.342968
06:31:26,25.8,46,2026-05-22 06:31:26.389749
06:31:31,26.9,48,2026-05-22 06:31:31.419995
06:31:36,39.9,75,2026-05-22 06:31:36.459344
06:31:41,34.0,74,2026-05-22 06:31:41.500293
06:31:46,33.9,84,2026-05-22 06:31:46.538887
06:31:51,32.8,59,2026-05-22 06:31:51.588458
06:31:56,36.0,53,2026-05-22 06:31:56.641720
06:32:01,30.6,61,2026-05-22 06:32:01.681252
06:32:06,36.9,58,2026-05-22 06:32:06.718702
06:28:04,31.4,60,2026-05-22 06:28:04.468066
06:28:09,33.8,66,2026-05-22 06:28:09.505900
06:28:14,28.3,46,2026-05-22 06:28:14.547262
06:28:19,39.4,41,2026-05-22 06:28:19.585282
06:28:24,37.0,62,2026-05-22 06:28:24.610120
06:28:29,35.3,77,2026-05-22 06:28:29.636345
06:28:34,34.8,85,2026-05-22 06:28:34.674316
06:28:39,39.6,66,2026-05-22 06:28:39.723183
06:28:44,25.9,64,2026-05-22 06:28:44.754410
06:28:49,32.2,71,2026-05-22 06:28:49.785739
06:28:54,38.1,52,2026-05-22 06:28:54.825099
06:28:59,38.0,80,2026-05-22 06:28:59.868065
06:29:04,33.7,58,2026-05-22 06:29:04.905800
06:29:09,30.6,49,2026-05-22 06:29:09.944592
06:29:14,25.9,86,2026-05-22 06:29:14.988925
06:29:20,30.4,62,2026-05-22 06:29:20.241270
06:29:25,29.2,87,2026-05-22 06:29:25.284855
06:29:30,32.8,72,2026-05-22 06:29:30.327119
06:29:35,37.3,49,2026-05-22 06:29:35.373429
06:29:40,26.5,79,2026-05-22 06:29:40.414361
06:29:45,25.4,75,2026-05-22 06:29:45.447800
06:29:50,39.3,50,2026-05-22 06:29:50.491555
06:29:55,35.1,45,2026-05-22 06:29:55.533887
06:30:00,37.8,40,2026-05-22 06:30:00.595904
06:30:05,30.3,58,2026-05-22 06:30:05.664498
06:30:10,32.0,84,2026-05-22 06:30:10.725908
06:30:15,33.3,84,2026-05-22 06:30:15.782872
06:30:20,32.5,63,2026-05-22 06:30:20.831337
06:30:25,34.7,40,2026-05-22 06:30:25.858203
06:30:30,30.2,46,2026-05-22 06:30:30.905947
06:30:35,35.2,81,2026-05-22 06:30:35.955773
06:30:40,39.4,72,2026-05-22 06:30:40.995546
06:30:46,33.3,49,2026-05-22 06:30:46.038388
06:30:51,30.6,69,2026-05-22 06:30:51.083225
06:30:56,28.0,64,2026-05-22 06:30:56.121088
06:31:01,27.7,70,2026-05-22 06:31:01.150762
06:31:06,38.7,88,2026-05-22 06:31:06.184754
06:31:11,32.8,51,2026-05-22 06:31:11.239490
06:31:16,37.0,54,2026-05-22 06:31:16.284080
06:31:21,37.5,79,2026-05-22 06:31:21.342968
06:31:26,25.8,46,2026-05-22 06:31:26.389749
06:31:31,26.9,48,2026-05-22 06:31:31.419995
06:31:36,39.9,75,2026-05-22 06:31:36.459344
06:31:41,34.0,74,2026-05-22 06:31:41.500293
06:31:46,33.9,84,2026-05-22 06:31:46.538887
06:31:51,32.8,59,2026-05-22 06:31:51.588458
06:31:56,36.0,53,2026-05-22 06:31:56.641720
06:32:01,30.6,61,2026-05-22 06:32:01.681252
06:32:06,36.9,58,2026-05-22 06:32:06.718702
06:32:11,35.0,49,2026-05-22 06:32:11.753020
06:28:09,33.8,66,2026-05-22 06:28:09.505900
06:28:14,28.3,46,2026-05-22 06:28:14.547262
06:28:19,39.4,41,2026-05-22 06:28:19.585282
06:28:24,37.0,62,2026-05-22 06:28:24.610120
06:28:29,35.3,77,2026-05-22 06:28:29.636345
06:28:34,34.8,85,2026-05-22 06:28:34.674316
06:28:39,39.6,66,2026-05-22 06:28:39.723183
06:28:44,25.9,64,2026-05-22 06:28:44.754410
06:28:49,32.2,71,2026-05-22 06:28:49.785739
06:28:54,38.1,52,2026-05-22 06:28:54.825099
06:28:59,38.0,80,2026-05-22 06:28:59.868065
06:29:04,33.7,58,2026-05-22 06:29:04.905800
06:29:09,30.6,49,2026-05-22 06:29:09.944592
06:29:14,25.9,86,2026-05-22 06:29:14.988925
06:29:20,30.4,62,2026-05-22 06:29:20.241270
06:29:25,29.2,87,2026-05-22 06:29:25.284855
06:29:30,32.8,72,2026-05-22 06:29:30.327119
06:29:35,37.3,49,2026-05-22 06:29:35.373429
06:29:40,26.5,79,2026-05-22 06:29:40.414361
06:29:45,25.4,75,2026-05-22 06:29:45.447800
06:29:50,39.3,50,2026-05-22 06:29:50.491555
06:29:55,35.1,45,2026-05-22 06:29:55.533887
06:30:00,37.8,40,2026-05-22 06:30:00.595904
06:30:05,30.3,58,2026-05-22 06:30:05.664498
06:30:10,32.0,84,2026-05-22 06:30:10.725908
06:30:15,33.3,84,2026-05-22 06:30:15.782872
06:30:20,32.5,63,2026-05-22 06:30:20.831337
06:30:25,34.7,40,2026-05-22 06:30:25.858203
06:30:30,30.2,46,2026-05-22 06:30:30.905947
06:30:35,35.2,81,2026-05-22 06:30:35.955773
06:30:40,39.4,72,2026-05-22 06:30:40.995546
06:30:46,33.3,49,2026-05-22 06:30:46.038388
06:30:51,30.6,69,2026-05-22 06:30:51.083225
06:30:56,28.0,64,2026-05-22 06:30:56.121088
06:31:01,27.7,70,2026-05-22 06:31:01.150762
06:31:06,38.7,88,2026-05-22 06:31:06.184754
06:31:11,32.8,51,2026-05-22 06:31:11.239490
06:31:16,37.0,54,2026-05-22 06:31:16.284080
06:31:21,37.5,79,2026-05-22 06:31:21.342968
06:31:26,25.8,46,2026-05-22 06:31:26.389749
06:31:31,26.9,48,2026-05-22 06:31:31.419995
06:31:36,39.9,75,2026-05-22 06:31:36.459344
06:31:41,34.0,74,2026-05-22 06:31:41.500293
06:31:46,33.9,84,2026-05-22 06:31:46.538887
06:31:51,32.8,59,2026-05-22 06:31:51.588458
06:31:56,36.0,53,2026-05-22 06:31:56.641720
06:32:01,30.6,61,2026-05-22 06:32:01.681252
06:32:06,36.9,58,2026-05-22 06:32:06.718702
06:32:11,35.0,49,2026-05-22 06:32:11.753020
06:32:16,37.7,74,2026-05-22 06:32:16.785285
06:28:14,28.3,46,2026-05-22 06:28:14.547262
06:28:19,39.4,41,2026-05-22 06:28:19.585282
06:28:24,37.0,62,2026-05-22 06:28:24.610120
06:28:29,35.3,77,2026-05-22 06:28:29.636345
06:28:34,34.8,85,2026-05-22 06:28:34.674316
06:28:39,39.6,66,2026-05-22 06:28:39.723183
06:28:44,25.9,64,2026-05-22 06:28:44.754410
06:28:49,32.2,71,2026-05-22 06:28:49.785739
06:28:54,38.1,52,2026-05-22 06:28:54.825099
06:28:59,38.0,80,2026-05-22 06:28:59.868065
06:29:04,33.7,58,2026-05-22 06:29:04.905800
06:29:09,30.6,49,2026-05-22 06:29:09.944592
06:29:14,25.9,86,2026-05-22 06:29:14.988925
06:29:20,30.4,62,2026-05-22 06:29:20.241270
06:29:25,29.2,87,2026-05-22 06:29:25.284855
06:29:30,32.8,72,2026-05-22 06:29:30.327119
06:29:35,37.3,49,2026-05-22 06:29:35.373429
06:29:40,26.5,79,2026-05-22 06:29:40.414361
06:29:45,25.4,75,2026-05-22 06:29:45.447800
06:29:50,39.3,50,2026-05-22 06:29:50.491555
06:29:55,35.1,45,2026-05-22 06:29:55.533887
06:30:00,37.8,40,2026-05-22 06:30:00.595904
06:30:05,30.3,58,2026-05-22 06:30:05.664498
06:30:10,32.0,84,2026-05-22 06:30:10.725908
06:30:15,33.3,84,2026-05-22 06:30:15.782872
06:30:20,32.5,63,2026-05-22 06:30:20.831337
06:30:25,34.7,40,2026-05-22 06:30:25.858203
06:30:30,30.2,46,2026-05-22 06:30:30.905947
06:30:35,35.2,81,2026-05-22 06:30:35.955773
06:30:40,39.4,72,2026-05-22 06:30:40.995546
06:30:46,33.3,49,2026-05-22 06:30:46.038388
06:30:51,30.6,69,2026-05-22 06:30:51.083225
06:30:56,28.0,64,2026-05-22 06:30:56.121088
06:31:01,27.7,70,2026-05-22 06:31:01.150762
06:31:06,38.7,88,2026-05-22 06:31:06.184754
06:31:11,32.8,51,2026-05-22 06:31:11.239490
06:31:16,37.0,54,2026-05-22 06:31:16.284080
06:31:21,37.5,79,2026-05-22 06:31:21.342968
06:31:26,25.8,46,2026-05-22 06:31:26.389749
06:31:31,26.9,48,2026-05-22 06:31:31.419995
06:31:36,39.9,75,2026-05-22 06:31:36.459344
06:31:41,34.0,74,2026-05-22 06:31:41.500293
06:31:46,33.9,84,2026-05-22 06:31:46.538887
06:31:51,32.8,59,2026-05-22 06:31:51.588458
06:31:56,36.0,53,2026-05-22 06:31:56.641720
06:32:01,30.6,61,2026-05-22 06:32:01.681252
06:32:06,36.9,58,2026-05-22 06:32:06.718702
06:32:11,35.0,49,2026-05-22 06:32:11.753020
06:32:16,37.7,74,2026-05-22 06:32:16.785285
06:32:21,25.5,72,2026-05-22 06:32:21.831803
06:28:19,39.4,41,2026-05-22 06:28:19.585282
06:28:24,37.0,62,2026-05-22 06:28:24.610120
06:28:29,35.3,77,2026-05-22 06:28:29.636345
06:28:34,34.8,85,2026-05-22 06:28:34.674316
06:28:39,39.6,66,2026-05-22 06:28:39.723183
06:28:44,25.9,64,2026-05-22 06:28:44.754410
06:28:49,32.2,71,2026-05-22 06:28:49.785739
06:28:54,38.1,52,2026-05-22 06:28:54.825099
06:28:59,38.0,80,2026-05-22 06:28:59.868065
06:29:04,33.7,58,2026-05-22 06:29:04.905800
06:29:09,30.6,49,2026-05-22 06:29:09.944592
06:29:14,25.9,86,2026-05-22 06:29:14.988925
06:29:20,30.4,62,2026-05-22 06:29:20.241270
06:29:25,29.2,87,2026-05-22 06:29:25.284855
06:29:30,32.8,72,2026-05-22 06:29:30.327119
06:29:35,37.3,49,2026-05-22 06:29:35.373429
06:29:40,26.5,79,2026-05-22 06:29:40.414361
06:29:45,25.4,75,2026-05-22 06:29:45.447800
06:29:50,39.3,50,2026-05-22 06:29:50.491555
06:29:55,35.1,45,2026-05-22 06:29:55.533887
06:30:00,37.8,40,2026-05-22 06:30:00.595904
06:30:05,30.3,58,2026-05-22 06:30:05.664498
06:30:10,32.0,84,2026-05-22 06:30:10.725908
06:30:15,33.3,84,2026-05-22 06:30:15.782872
06:30:20,32.5,63,2026-05-22 06:30:20.831337
06:30:25,34.7,40,2026-05-22 06:30:25.858203
06:30:30,30.2,46,2026-05-22 06:30:30.905947
06:30:35,35.2,81,2026-05-22 06:30:35.955773
06:30:40,39.4,72,2026-05-22 06:30:40.995546
06:30:46,33.3,49,2026-05-22 06:30:46.038388
06:30:51,30.6,69,2026-05-22 06:30:51.083225
06:30:56,28.0,64,2026-05-22 06:30:56.121088
06:31:01,27.7,70,2026-05-22 06:31:01.150762
06:31:06,38.7,88,2026-05-22 06:31:06.184754
06:31:11,32.8,51,2026-05-22 06:31:11.239490
06:31:16,37.0,54,2026-05-22 06:31:16.284080
06:31:21,37.5,79,2026-05-22 06:31:21.342968
06:31:26,25.8,46,2026-05-22 06:31:26.389749
06:31:31,26.9,48,2026-05-22 06:31:31.419995
06:31:36,39.9,75,2026-05-22 06:31:36.459344
06:31:41,34.0,74,2026-05-22 06:31:41.500293
06:31:46,33.9,84,2026-05-22 06:31:46.538887
06:31:51,32.8,59,2026-05-22 06:31:51.588458
06:31:56,36.0,53,2026-05-22 06:31:56.641720
06:32:01,30.6,61,2026-05-22 06:32:01.681252
06:32:06,36.9,58,2026-05-22 06:32:06.718702
06:32:11,35.0,49,2026-05-22 06:32:11.753020
06:32:16,37.7,74,2026-05-22 06:32:16.785285
06:32:21,25.5,72,2026-05-22 06:32:21.831803
06:32:26,35.6,72,2026-05-22 06:32:26.899187
06:28:24,37.0,62,2026-05-22 06:28:24.610120
06:28:29,35.3,77,2026-05-22 06:28:29.636345
06:28:34,34.8,85,2026-05-22 06:28:34.674316
06:28:39,39.6,66,2026-05-22 06:28:39.723183
06:28:44,25.9,64,2026-05-22 06:28:44.754410
06:28:49,32.2,71,2026-05-22 06:28:49.785739
06:28:54,38.1,52,2026-05-22 06:28:54.825099
06:28:59,38.0,80,2026-05-22 06:28:59.868065
06:29:04,33.7,58,2026-05-22 06:29:04.905800
06:29:09,30.6,49,2026-05-22 06:29:09.944592
06:29:14,25.9,86,2026-05-22 06:29:14.988925
06:29:20,30.4,62,2026-05-22 06:29:20.241270
06:29:25,29.2,87,2026-05-22 06:29:25.284855
06:29:30,32.8,72,2026-05-22 06:29:30.327119
06:29:35,37.3,49,2026-05-22 06:29:35.373429
06:29:40,26.5,79,2026-05-22 06:29:40.414361
06:29:45,25.4,75,2026-05-22 06:29:45.447800
06:29:50,39.3,50,2026-05-22 06:29:50.491555
06:29:55,35.1,45,2026-05-22 06:29:55.533887
06:30:00,37.8,40,2026-05-22 06:30:00.595904
06:30:05,30.3,58,2026-05-22 06:30:05.664498
06:30:10,32.0,84,2026-05-22 06:30:10.725908
06:30:15,33.3,84,2026-05-22 06:30:15.782872
06:30:20,32.5,63,2026-05-22 06:30:20.831337
06:30:25,34.7,40,2026-05-22 06:30:25.858203
06:30:30,30.2,46,2026-05-22 06:30:30.905947
06:30:35,35.2,81,2026-05-22 06:30:35.955773
06:30:40,39.4,72,2026-05-22 06:30:40.995546
06:30:46,33.3,49,2026-05-22 06:30:46.038388
06:30:51,30.6,69,2026-05-22 06:30:51.083225
06:30:56,28.0,64,2026-05-22 06:30:56.121088
06:31:01,27.7,70,2026-05-22 06:31:01.150762
06:31:06,38.7,88,2026-05-22 06:31:06.184754
06:31:11,32.8,51,2026-05-22 06:31:11.239490
06:31:16,37.0,54,2026-05-22 06:31:16.284080
06:31:21,37.5,79,2026-05-22 06:31:21.342968
06:31:26,25.8,46,2026-05-22 06:31:26.389749
06:31:31,26.9,48,2026-05-22 06:31:31.419995
06:31:36,39.9,75,2026-05-22 06:31:36.459344
06:31:41,34.0,74,2026-05-22 06:31:41.500293
06:31:46,33.9,84,2026-05-22 06:31:46.538887
06:31:51,32.8,59,2026-05-22 06:31:51.588458
06:31:56,36.0,53,2026-05-22 06:31:56.641720
06:32:01,30.6,61,2026-05-22 06:32:01.681252
06:32:06,36.9,58,2026-05-22 06:32:06.718702
06:32:11,35.0,49,2026-05-22 06:32:11.753020
06:32:16,37.7,74,2026-05-22 06:32:16.785285
06:32:21,25.5,72,2026-05-22 06:32:21.831803
06:32:26,35.6,72,2026-05-22 06:32:26.899187
06:32:31,34.9,80,2026-05-22 06:32:31.942308
06:28:29,35.3,77,2026-05-22 06:28:29.636345
06:28:34,34.8,85,2026-05-22 06:28:34.674316
06:28:39,39.6,66,2026-05-22 06:28:39.723183
06:28:44,25.9,64,2026-05-22 06:28:44.754410
06:28:49,32.2,71,2026-05-22 06:28:49.785739
06:28:54,38.1,52,2026-05-22 06:28:54.825099
06:28:59,38.0,80,2026-05-22 06:28:59.868065
06:29:04,33.7,58,2026-05-22 06:29:04.905800
06:29:09,30.6,49,2026-05-22 06:29:09.944592
06:29:14,25.9,86,2026-05-22 06:29:14.988925
06:29:20,30.4,62,2026-05-22 06:29:20.241270
06:29:25,29.2,87,2026-05-22 06:29:25.284855
06:29:30,32.8,72,2026-05-22 06:29:30.327119
06:29:35,37.3,49,2026-05-22 06:29:35.373429
06:29:40,26.5,79,2026-05-22 06:29:40.414361
06:29:45,25.4,75,2026-05-22 06:29:45.447800
06:29:50,39.3,50,2026-05-22 06:29:50.491555
06:29:55,35.1,45,2026-05-22 06:29:55.533887
06:30:00,37.8,40,2026-05-22 06:30:00.595904
06:30:05,30.3,58,2026-05-22 06:30:05.664498
06:30:10,32.0,84,2026-05-22 06:30:10.725908
06:30:15,33.3,84,2026-05-22 06:30:15.782872
06:30:20,32.5,63,2026-05-22 06:30:20.831337
06:30:25,34.7,40,2026-05-22 06:30:25.858203
06:30:30,30.2,46,2026-05-22 06:30:30.905947
06:30:35,35.2,81,2026-05-22 06:30:35.955773
06:30:40,39.4,72,2026-05-22 06:30:40.995546
06:30:46,33.3,49,2026-05-22 06:30:46.038388
06:30:51,30.6,69,2026-05-22 06:30:51.083225
06:30:56,28.0,64,2026-05-22 06:30:56.121088
06:31:01,27.7,70,2026-05-22 06:31:01.150762
06:31:06,38.7,88,2026-05-22 06:31:06.184754
06:31:11,32.8,51,2026-05-22 06:31:11.239490
06:31:16,37.0,54,2026-05-22 06:31:16.284080
06:31:21,37.5,79,2026-05-22 06:31:21.342968
06:31:26,25.8,46,2026-05-22 06:31:26.389749
06:31:31,26.9,48,2026-05-22 06:31:31.419995
06:31:36,39.9,75,2026-05-22 06:31:36.459344
06:31:41,34.0,74,2026-05-22 06:31:41.500293
06:31:46,33.9,84,2026-05-22 06:31:46.538887
06:31:51,32.8,59,2026-05-22 06:31:51.588458
06:31:56,36.0,53,2026-05-22 06:31:56.641720
06:32:01,30.6,61,2026-05-22 06:32:01.681252
06:32:06,36.9,58,2026-05-22 06:32:06.718702
06:32:11,35.0,49,2026-05-22 06:32:11.753020
06:32:16,37.7,74,2026-05-22 06:32:16.785285
06:32:21,25.5,72,2026-05-22 06:32:21.831803
06:32:26,35.6,72,2026-05-22 06:32:26.899187
06:32:31,34.9,80,2026-05-22 06:32:31.942308
06:32:36,28.3,86,2026-05-22 06:32:36.981973
06:28:34,34.8,85,2026-05-22 06:28:34.674316
06:28:39,39.6,66,2026-05-22 06:28:39.723183
06:28:44,25.9,64,2026-05-22 06:28:44.754410
06:28:49,32.2,71,2026-05-22 06:28:49.785739
06:28:54,38.1,52,2026-05-22 06:28:54.825099
06:28:59,38.0,80,2026-05-22 06:28:59.868065
06:29:04,33.7,58,2026-05-22 06:29:04.905800
06:29:09,30.6,49,2026-05-22 06:29:09.944592
06:29:14,25.9,86,2026-05-22 06:29:14.988925
06:29:20,30.4,62,2026-05-22 06:29:20.241270
06:29:25,29.2,87,2026-05-22 06:29:25.284855
06:29:30,32.8,72,2026-05-22 06:29:30.327119
06:29:35,37.3,49,2026-05-22 06:29:35.373429
06:29:40,26.5,79,2026-05-22 06:29:40.414361
06:29:45,25.4,75,2026-05-22 06:29:45.447800
06:29:50,39.3,50,2026-05-22 06:29:50.491555
06:29:55,35.1,45,2026-05-22 06:29:55.533887
06:30:00,37.8,40,2026-05-22 06:30:00.595904
06:30:05,30.3,58,2026-05-22 06:30:05.664498
06:30:10,32.0,84,2026-05-22 06:30:10.725908
06:30:15,33.3,84,2026-05-22 06:30:15.782872
06:30:20,32.5,63,2026-05-22 06:30:20.831337
06:30:25,34.7,40,2026-05-22 06:30:25.858203
06:30:30,30.2,46,2026-05-22 06:30:30.905947
06:30:35,35.2,81,2026-05-22 06:30:35.955773
06:30:40,39.4,72,2026-05-22 06:30:40.995546
06:30:46,33.3,49,2026-05-22 06:30:46.038388
06:30:51,30.6,69,2026-05-22 06:30:51.083225
06:30:56,28.0,64,2026-05-22 06:30:56.121088
06:31:01,27.7,70,2026-05-22 06:31:01.150762
06:31:06,38.7,88,2026-05-22 06:31:06.184754
06:31:11,32.8,51,2026-05-22 06:31:11.239490
06:31:16,37.0,54,2026-05-22 06:31:16.284080
06:31:21,37.5,79,2026-05-22 06:31:21.342968
06:31:26,25.8,46,2026-05-22 06:31:26.389749
06:31:31,26.9,48,2026-05-22 06:31:31.419995
06:31:36,39.9,75,2026-05-22 06:31:36.459344
06:31:41,34.0,74,2026-05-22 06:31:41.500293
06:31:46,33.9,84,2026-05-22 06:31:46.538887
06:31:51,32.8,59,2026-05-22 06:31:51.588458
06:31:56,36.0,53,2026-05-22 06:31:56.641720
06:32:01,30.6,61,2026-05-22 06:32:01.681252
06:32:06,36.9,58,2026-05-22 06:32:06.718702
06:32:11,35.0,49,2026-05-22 06:32:11.753020
06:32:16,37.7,74,2026-05-22 06:32:16.785285
06:32:21,25.5,72,2026-05-22 06:32:21.831803
06:32:26,35.6,72,2026-05-22 06:32:26.899187
06:32:31,34.9,80,2026-05-22 06:32:31.942308
06:32:36,28.3,86,2026-05-22 06:32:36.981973
06:32:42,30.9,47,2026-05-22 06:32:42.122379
06:28:39,39.6,66,2026-05-22 06:28:39.723183
06:28:44,25.9,64,2026-05-22 06:28:44.754410
06:28:49,32.2,71,2026-05-22 06:28:49.785739
06:28:54,38.1,52,2026-05-22 06:28:54.825099
06:28:59,38.0,80,2026-05-22 06:28:59.868065
06:29:04,33.7,58,2026-05-22 06:29:04.905800
06:29:09,30.6,49,2026-05-22 06:29:09.944592
06:29:14,25.9,86,2026-05-22 06:29:14.988925
06:29:20,30.4,62,2026-05-22 06:29:20.241270
06:29:25,29.2,87,2026-05-22 06:29:25.284855
06:29:30,32.8,72,2026-05-22 06:29:30.327119
06:29:35,37.3,49,2026-05-22 06:29:35.373429
06:29:40,26.5,79,2026-05-22 06:29:40.414361
06:29:45,25.4,75,2026-05-22 06:29:45.447800
06:29:50,39.3,50,2026-05-22 06:29:50.491555
06:29:55,35.1,45,2026-05-22 06:29:55.533887
06:30:00,37.8,40,2026-05-22 06:30:00.595904
06:30:05,30.3,58,2026-05-22 06:30:05.664498
06:30:10,32.0,84,2026-05-22 06:30:10.725908
06:30:15,33.3,84,2026-05-22 06:30:15.782872
06:30:20,32.5,63,2026-05-22 06:30:20.831337
06:30:25,34.7,40,2026-05-22 06:30:25.858203
06:30:30,30.2,46,2026-05-22 06:30:30.905947
06:30:35,35.2,81,2026-05-22 06:30:35.955773
06:30:40,39.4,72,2026-05-22 06:30:40.995546
06:30:46,33.3,49,2026-05-22 06:30:46.038388
06:30:51,30.6,69,2026-05-22 06:30:51.083225
06:30:56,28.0,64,2026-05-22 06:30:56.121088
06:31:01,27.7,70,2026-05-22 06:31:01.150762
06:31:06,38.7,88,2026-05-22 06:31:06.184754
06:31:11,32.8,51,2026-05-22 06:31:11.239490
06:31:16,37.0,54,2026-05-22 06:31:16.284080
06:31:21,37.5,79,2026-05-22 06:31:21.342968
06:31:26,25.8,46,2026-05-22 06:31:26.389749
06:31:31,26.9,48,2026-05-22 06:31:31.419995
06:31:36,39.9,75,2026-05-22 06:31:36.459344
06:31:41,34.0,74,2026-05-22 06:31:41.500293
06:31:46,33.9,84,2026-05-22 06:31:46.538887
06:31:51,32.8,59,2026-05-22 06:31:51.588458
06:31:56,36.0,53,2026-05-22 06:31:56.641720
06:32:01,30.6,61,2026-05-22 06:32:01.681252
06:32:06,36.9,58,2026-05-22 06:32:06.718702
06:32:11,35.0,49,2026-05-22 06:32:11.753020
06:32:16,37.7,74,2026-05-22 06:32:16.785285
06:32:21,25.5,72,2026-05-22 06:32:21.831803
06:32:26,35.6,72,2026-05-22 06:32:26.899187
06:32:31,34.9,80,2026-05-22 06:32:31.942308
06:32:36,28.3,86,2026-05-22 06:32:36.981973
06:32:42,30.9,47,2026-05-22 06:32:42.122379
06:32:47,34.8,80,2026-05-22 06:32:47.155933
06:28:44,25.9,64,2026-05-22 06:28:44.754410
06:28:49,32.2,71,2026-05-22 06:28:49.785739
06:28:54,38.1,52,2026-05-22 06:28:54.825099
06:28:59,38.0,80,2026-05-22 06:28:59.868065
06:29:04,33.7,58,2026-05-22 06:29:04.905800
06:29:09,30.6,49,2026-05-22 06:29:09.944592
06:29:14,25.9,86,2026-05-22 06:29:14.988925
06:29:20,30.4,62,2026-05-22 06:29:20.241270
06:29:25,29.2,87,2026-05-22 06:29:25.284855
06:29:30,32.8,72,2026-05-22 06:29:30.327119
06:29:35,37.3,49,2026-05-22 06:29:35.373429
06:29:40,26.5,79,2026-05-22 06:29:40.414361
06:29:45,25.4,75,2026-05-22 06:29:45.447800
06:29:50,39.3,50,2026-05-22 06:29:50.491555
06:29:55,35.1,45,2026-05-22 06:29:55.533887
06:30:00,37.8,40,2026-05-22 06:30:00.595904
06:30:05,30.3,58,2026-05-22 06:30:05.664498
06:30:10,32.0,84,2026-05-22 06:30:10.725908
06:30:15,33.3,84,2026-05-22 06:30:15.782872
06:30:20,32.5,63,2026-05-22 06:30:20.831337
06:30:25,34.7,40,2026-05-22 06:30:25.858203
06:30:30,30.2,46,2026-05-22 06:30:30.905947
06:30:35,35.2,81,2026-05-22 06:30:35.955773
06:30:40,39.4,72,2026-05-22 06:30:40.995546
06:30:46,33.3,49,2026-05-22 06:30:46.038388
06:30:51,30.6,69,2026-05-22 06:30:51.083225
06:30:56,28.0,64,2026-05-22 06:30:56.121088
06:31:01,27.7,70,2026-05-22 06:31:01.150762
06:31:06,38.7,88,2026-05-22 06:31:06.184754
06:31:11,32.8,51,2026-05-22 06:31:11.239490
06:31:16,37.0,54,2026-05-22 06:31:16.284080
06:31:21,37.5,79,2026-05-22 06:31:21.342968
06:31:26,25.8,46,2026-05-22 06:31:26.389749
06:31:31,26.9,48,2026-05-22 06:31:31.419995
06:31:36,39.9,75,2026-05-22 06:31:36.459344
06:31:41,34.0,74,2026-05-22 06:31:41.500293
06:31:46,33.9,84,2026-05-22 06:31:46.538887
06:31:51,32.8,59,2026-05-22 06:31:51.588458
06:31:56,36.0,53,2026-05-22 06:31:56.641720
06:32:01,30.6,61,2026-05-22 06:32:01.681252
06:32:06,36.9,58,2026-05-22 06:32:06.718702
06:32:11,35.0,49,2026-05-22 06:32:11.753020
06:32:16,37.7,74,2026-05-22 06:32:16.785285
06:32:21,25.5,72,2026-05-22 06:32:21.831803
06:32:26,35.6,72,2026-05-22 06:32:26.899187
06:32:31,34.9,80,2026-05-22 06:32:31.942308
06:32:36,28.3,86,2026-05-22 06:32:36.981973
06:32:42,30.9,47,2026-05-22 06:32:42.122379
06:32:47,34.8,80,2026-05-22 06:32:47.155933
06:32:52,29.6,59,2026-05-22 06:32:52.184394
06:28:49,32.2,71,2026-05-22 06:28:49.785739
06:28:54,38.1,52,2026-05-22 06:28:54.825099
06:28:59,38.0,80,2026-05-22 06:28:59.868065
06:29:04,33.7,58,2026-05-22 06:29:04.905800
06:29:09,30.6,49,2026-05-22 06:29:09.944592
06:29:14,25.9,86,2026-05-22 06:29:14.988925
06:29:20,30.4,62,2026-05-22 06:29:20.241270
06:29:25,29.2,87,2026-05-22 06:29:25.284855
06:29:30,32.8,72,2026-05-22 06:29:30.327119
06:29:35,37.3,49,2026-05-22 06:29:35.373429
06:29:40,26.5,79,2026-05-22 06:29:40.414361
06:29:45,25.4,75,2026-05-22 06:29:45.447800
06:29:50,39.3,50,2026-05-22 06:29:50.491555
06:29:55,35.1,45,2026-05-22 06:29:55.533887
06:30:00,37.8,40,2026-05-22 06:30:00.595904
06:30:05,30.3,58,2026-05-22 06:30:05.664498
06:30:10,32.0,84,2026-05-22 06:30:10.725908
06:30:15,33.3,84,2026-05-22 06:30:15.782872
06:30:20,32.5,63,2026-05-22 06:30:20.831337
06:30:25,34.7,40,2026-05-22 06:30:25.858203
06:30:30,30.2,46,2026-05-22 06:30:30.905947
06:30:35,35.2,81,2026-05-22 06:30:35.955773
06:30:40,39.4,72,2026-05-22 06:30:40.995546
06:30:46,33.3,49,2026-05-22 06:30:46.038388
06:30:51,30.6,69,2026-05-22 06:30:51.083225
06:30:56,28.0,64,2026-05-22 06:30:56.121088
06:31:01,27.7,70,2026-05-22 06:31:01.150762
06:31:06,38.7,88,2026-05-22 06:31:06.184754
06:31:11,32.8,51,2026-05-22 06:31:11.239490
06:31:16,37.0,54,2026-05-22 06:31:16.284080
06:31:21,37.5,79,2026-05-22 06:31:21.342968
06:31:26,25.8,46,2026-05-22 06:31:26.389749
06:31:31,26.9,48,2026-05-22 06:31:31.419995
06:31:36,39.9,75,2026-05-22 06:31:36.459344
06:31:41,34.0,74,2026-05-22 06:31:41.500293
06:31:46,33.9,84,2026-05-22 06:31:46.538887
06:31:51,32.8,59,2026-05-22 06:31:51.588458
06:31:56,36.0,53,2026-05-22 06:31:56.641720
06:32:01,30.6,61,2026-05-22 06:32:01.681252
06:32:06,36.9,58,2026-05-22 06:32:06.718702
06:32:11,35.0,49,2026-05-22 06:32:11.753020
06:32:16,37.7,74,2026-05-22 06:32:16.785285
06:32:21,25.5,72,2026-05-22 06:32:21.831803
06:32:26,35.6,72,2026-05-22 06:32:26.899187
06:32:31,34.9,80,2026-05-22 06:32:31.942308
06:32:36,28.3,86,2026-05-22 06:32:36.981973
06:32:42,30.9,47,2026-05-22 06:32:42.122379
06:32:47,34.8,80,2026-05-22 06:32:47.155933
06:32:52,29.6,59,2026-05-22 06:32:52.184394
06:32:57,37.6,50,2026-05-22 06:32:57.218484
06:28:54,38.1,52,2026-05-22 06:28:54.825099
06:28:59,38.0,80,2026-05-22 06:28:59.868065
06:29:04,33.7,58,2026-05-22 06:29:04.905800
06:29:09,30.6,49,2026-05-22 06:29:09.944592
06:29:14,25.9,86,2026-05-22 06:29:14.988925
06:29:20,30.4,62,2026-05-22 06:29:20.241270
06:29:25,29.2,87,2026-05-22 06:29:25.284855
06:29:30,32.8,72,2026-05-22 06:29:30.327119
06:29:35,37.3,49,2026-05-22 06:29:35.373429
06:29:40,26.5,79,2026-05-22 06:29:40.414361
06:29:45,25.4,75,2026-05-22 06:29:45.447800
06:29:50,39.3,50,2026-05-22 06:29:50.491555
06:29:55,35.1,45,2026-05-22 06:29:55.533887
06:30:00,37.8,40,2026-05-22 06:30:00.595904
06:30:05,30.3,58,2026-05-22 06:30:05.664498
06:30:10,32.0,84,2026-05-22 06:30:10.725908
06:30:15,33.3,84,2026-05-22 06:30:15.782872
06:30:20,32.5,63,2026-05-22 06:30:20.831337
06:30:25,34.7,40,2026-05-22 06:30:25.858203
06:30:30,30.2,46,2026-05-22 06:30:30.905947
06:30:35,35.2,81,2026-05-22 06:30:35.955773
06:30:40,39.4,72,2026-05-22 06:30:40.995546
06:30:46,33.3,49,2026-05-22 06:30:46.038388
06:30:51,30.6,69,2026-05-22 06:30:51.083225
06:30:56,28.0,64,2026-05-22 06:30:56.121088
06:31:01,27.7,70,2026-05-22 06:31:01.150762
06:31:06,38.7,88,2026-05-22 06:31:06.184754
06:31:11,32.8,51,2026-05-22 06:31:11.239490
06:31:16,37.0,54,2026-05-22 06:31:16.284080
06:31:21,37.5,79,2026-05-22 06:31:21.342968
06:31:26,25.8,46,2026-05-22 06:31:26.389749
06:31:31,26.9,48,2026-05-22 06:31:31.419995
06:31:36,39.9,75,2026-05-22 06:31:36.459344
06:31:41,34.0,74,2026-05-22 06:31:41.500293
06:31:46,33.9,84,2026-05-22 06:31:46.538887
06:31:51,32.8,59,2026-05-22 06:31:51.588458
06:31:56,36.0,53,2026-05-22 06:31:56.641720
06:32:01,30.6,61,2026-05-22 06:32:01.681252
06:32:06,36.9,58,2026-05-22 06:32:06.718702
06:32:11,35.0,49,2026-05-22 06:32:11.753020
06:32:16,37.7,74,2026-05-22 06:32:16.785285
06:32:21,25.5,72,2026-05-22 06:32:21.831803
06:32:26,35.6,72,2026-05-22 06:32:26.899187
06:32:31,34.9,80,2026-05-22 06:32:31.942308
06:32:36,28.3,86,2026-05-22 06:32:36.981973
06:32:42,30.9,47,2026-05-22 06:32:42.122379
06:32:47,34.8,80,2026-05-22 06:32:47.155933
06:32:52,29.6,59,2026-05-22 06:32:52.184394
06:32:57,37.6,50,2026-05-22 06:32:57.218484
06:33:02,29.9,81,2026-05-22 06:33:02.278400
06:28:59,38.0,80,2026-05-22 06:28:59.868065
06:29:04,33.7,58,2026-05-22 06:29:04.905800
06:29:09,30.6,49,2026-05-22 06:29:09.944592
06:29:14,25.9,86,2026-05-22 06:29:14.988925
06:29:20,30.4,62,2026-05-22 06:29:20.241270
06:29:25,29.2,87,2026-05-22 06:29:25.284855
06:29:30,32.8,72,2026-05-22 06:29:30.327119
06:29:35,37.3,49,2026-05-22 06:29:35.373429
06:29:40,26.5,79,2026-05-22 06:29:40.414361
06:29:45,25.4,75,2026-05-22 06:29:45.447800
06:29:50,39.3,50,2026-05-22 06:29:50.491555
06:29:55,35.1,45,2026-05-22 06:29:55.533887
06:30:00,37.8,40,2026-05-22 06:30:00.595904
06:30:05,30.3,58,2026-05-22 06:30:05.664498
06:30:10,32.0,84,2026-05-22 06:30:10.725908
06:30:15,33.3,84,2026-05-22 06:30:15.782872
06:30:20,32.5,63,2026-05-22 06:30:20.831337
06:30:25,34.7,40,2026-05-22 06:30:25.858203
06:30:30,30.2,46,2026-05-22 06:30:30.905947
06:30:35,35.2,81,2026-05-22 06:30:35.955773
06:30:40,39.4,72,2026-05-22 06:30:40.995546
06:30:46,33.3,49,2026-05-22 06:30:46.038388
06:30:51,30.6,69,2026-05-22 06:30:51.083225
06:30:56,28.0,64,2026-05-22 06:30:56.121088
06:31:01,27.7,70,2026-05-22 06:31:01.150762
06:31:06,38.7,88,2026-05-22 06:31:06.184754
06:31:11,32.8,51,2026-05-22 06:31:11.239490
06:31:16,37.0,54,2026-05-22 06:31:16.284080
06:31:21,37.5,79,2026-05-22 06:31:21.342968
06:31:26,25.8,46,2026-05-22 06:31:26.389749
06:31:31,26.9,48,2026-05-22 06:31:31.419995
06:31:36,39.9,75,2026-05-22 06:31:36.459344
06:31:41,34.0,74,2026-05-22 06:31:41.500293
06:31:46,33.9,84,2026-05-22 06:31:46.538887
06:31:51,32.8,59,2026-05-22 06:31:51.588458
06:31:56,36.0,53,2026-05-22 06:31:56.641720
06:32:01,30.6,61,2026-05-22 06:32:01.681252
06:32:06,36.9,58,2026-05-22 06:32:06.718702
06:32:11,35.0,49,2026-05-22 06:32:11.753020
06:32:16,37.7,74,2026-05-22 06:32:16.785285
06:32:21,25.5,72,2026-05-22 06:32:21.831803
06:32:26,35.6,72,2026-05-22 06:32:26.899187
06:32:31,34.9,80,2026-05-22 06:32:31.942308
06:32:36,28.3,86,2026-05-22 06:32:36.981973
06:32:42,30.9,47,2026-05-22 06:32:42.122379
06:32:47,34.8,80,2026-05-22 06:32:47.155933
06:32:52,29.6,59,2026-05-22 06:32:52.184394
06:32:57,37.6,50,2026-05-22 06:32:57.218484
06:33:02,29.9,81,2026-05-22 06:33:02.278400
06:33:07,25.9,59,2026-05-22 06:33:07.317597
06:29:04,33.7,58,2026-05-22 06:29:04.905800
06:29:09,30.6,49,2026-05-22 06:29:09.944592
06:29:14,25.9,86,2026-05-22 06:29:14.988925
06:29:20,30.4,62,2026-05-22 06:29:20.241270
06:29:25,29.2,87,2026-05-22 06:29:25.284855
06:29:30,32.8,72,2026-05-22 06:29:30.327119
06:29:35,37.3,49,2026-05-22 06:29:35.373429
06:29:40,26.5,79,2026-05-22 06:29:40.414361
06:29:45,25.4,75,2026-05-22 06:29:45.447800
06:29:50,39.3,50,2026-05-22 06:29:50.491555
06:29:55,35.1,45,2026-05-22 06:29:55.533887
06:30:00,37.8,40,2026-05-22 06:30:00.595904
06:30:05,30.3,58,2026-05-22 06:30:05.664498
06:30:10,32.0,84,2026-05-22 06:30:10.725908
06:30:15,33.3,84,2026-05-22 06:30:15.782872
06:30:20,32.5,63,2026-05-22 06:30:20.831337
06:30:25,34.7,40,2026-05-22 06:30:25.858203
06:30:30,30.2,46,2026-05-22 06:30:30.905947
06:30:35,35.2,81,2026-05-22 06:30:35.955773
06:30:40,39.4,72,2026-05-22 06:30:40.995546
06:30:46,33.3,49,2026-05-22 06:30:46.038388
06:30:51,30.6,69,2026-05-22 06:30:51.083225
06:30:56,28.0,64,2026-05-22 06:30:56.121088
06:31:01,27.7,70,2026-05-22 06:31:01.150762
06:31:06,38.7,88,2026-05-22 06:31:06.184754
06:31:11,32.8,51,2026-05-22 06:31:11.239490
06:31:16,37.0,54,2026-05-22 06:31:16.284080
06:31:21,37.5,79,2026-05-22 06:31:21.342968
06:31:26,25.8,46,2026-05-22 06:31:26.389749
06:31:31,26.9,48,2026-05-22 06:31:31.419995
06:31:36,39.9,75,2026-05-22 06:31:36.459344
06:31:41,34.0,74,2026-05-22 06:31:41.500293
06:31:46,33.9,84,2026-05-22 06:31:46.538887
06:31:51,32.8,59,2026-05-22 06:31:51.588458
06:31:56,36.0,53,2026-05-22 06:31:56.641720
06:32:01,30.6,61,2026-05-22 06:32:01.681252
06:32:06,36.9,58,2026-05-22 06:32:06.718702
06:32:11,35.0,49,2026-05-22 06:32:11.753020
06:32:16,37.7,74,2026-05-22 06:32:16.785285
06:32:21,25.5,72,2026-05-22 06:32:21.831803
06:32:26,35.6,72,2026-05-22 06:32:26.899187
06:32:31,34.9,80,2026-05-22 06:32:31.942308
06:32:36,28.3,86,2026-05-22 06:32:36.981973
06:32:42,30.9,47,2026-05-22 06:32:42.122379
06:32:47,34.8,80,2026-05-22 06:32:47.155933
06:32:52,29.6,59,2026-05-22 06:32:52.184394
06:32:57,37.6,50,2026-05-22 06:32:57.218484
06:33:02,29.9,81,2026-05-22 06:33:02.278400
06:33:07,25.9,59,2026-05-22 06:33:07.317597
06:33:12,29.1,40,2026-05-22 06:33:12.351404
06:29:09,30.6,49,2026-05-22 06:29:09.944592
06:29:14,25.9,86,2026-05-22 06:29:14.988925
06:29:20,30.4,62,2026-05-22 06:29:20.241270
06:29:25,29.2,87,2026-05-22 06:29:25.284855
06:29:30,32.8,72,2026-05-22 06:29:30.327119
06:29:35,37.3,49,2026-05-22 06:29:35.373429
06:29:40,26.5,79,2026-05-22 06:29:40.414361
06:29:45,25.4,75,2026-05-22 06:29:45.447800
06:29:50,39.3,50,2026-05-22 06:29:50.491555
06:29:55,35.1,45,2026-05-22 06:29:55.533887
06:30:00,37.8,40,2026-05-22 06:30:00.595904
06:30:05,30.3,58,2026-05-22 06:30:05.664498
06:30:10,32.0,84,2026-05-22 06:30:10.725908
06:30:15,33.3,84,2026-05-22 06:30:15.782872
06:30:20,32.5,63,2026-05-22 06:30:20.831337
06:30:25,34.7,40,2026-05-22 06:30:25.858203
06:30:30,30.2,46,2026-05-22 06:30:30.905947
06:30:35,35.2,81,2026-05-22 06:30:35.955773
06:30:40,39.4,72,2026-05-22 06:30:40.995546
06:30:46,33.3,49,2026-05-22 06:30:46.038388
06:30:51,30.6,69,2026-05-22 06:30:51.083225
06:30:56,28.0,64,2026-05-22 06:30:56.121088
06:31:01,27.7,70,2026-05-22 06:31:01.150762
06:31:06,38.7,88,2026-05-22 06:31:06.184754
06:31:11,32.8,51,2026-05-22 06:31:11.239490
06:31:16,37.0,54,2026-05-22 06:31:16.284080
06:31:21,37.5,79,2026-05-22 06:31:21.342968
06:31:26,25.8,46,2026-05-22 06:31:26.389749
06:31:31,26.9,48,2026-05-22 06:31:31.419995
06:31:36,39.9,75,2026-05-22 06:31:36.459344
06:31:41,34.0,74,2026-05-22 06:31:41.500293
06:31:46,33.9,84,2026-05-22 06:31:46.538887
06:31:51,32.8,59,2026-05-22 06:31:51.588458
06:31:56,36.0,53,2026-05-22 06:31:56.641720
06:32:01,30.6,61,2026-05-22 06:32:01.681252
06:32:06,36.9,58,2026-05-22 06:32:06.718702
06:32:11,35.0,49,2026-05-22 06:32:11.753020
06:32:16,37.7,74,2026-05-22 06:32:16.785285
06:32:21,25.5,72,2026-05-22 06:32:21.831803
06:32:26,35.6,72,2026-05-22 06:32:26.899187
06:32:31,34.9,80,2026-05-22 06:32:31.942308
06:32:36,28.3,86,2026-05-22 06:32:36.981973
06:32:42,30.9,47,2026-05-22 06:32:42.122379
06:32:47,34.8,80,2026-05-22 06:32:47.155933
06:32:52,29.6,59,2026-05-22 06:32:52.184394
06:32:57,37.6,50,2026-05-22 06:32:57.218484
06:33:02,29.9,81,2026-05-22 06:33:02.278400
06:33:07,25.9,59,2026-05-22 06:33:07.317597
06:33:12,29.1,40,2026-05-22 06:33:12.351404
06:33:17,36.0,85,2026-05-22 06:33:17.392600
06:29:14,25.9,86,2026-05-22 06:29:14.988925
06:29:20,30.4,62,2026-05-22 06:29:20.241270
06:29:25,29.2,87,2026-05-22 06:29:25.284855
06:29:30,32.8,72,2026-05-22 06:29:30.327119
06:29:35,37.3,49,2026-05-22 06:29:35.373429
06:29:40,26.5,79,2026-05-22 06:29:40.414361
06:29:45,25.4,75,2026-05-22 06:29:45.447800
06:29:50,39.3,50,2026-05-22 06:29:50.491555
06:29:55,35.1,45,2026-05-22 06:29:55.533887
06:30:00,37.8,40,2026-05-22 06:30:00.595904
06:30:05,30.3,58,2026-05-22 06:30:05.664498
06:30:10,32.0,84,2026-05-22 06:30:10.725908
06:30:15,33.3,84,2026-05-22 06:30:15.782872
06:30:20,32.5,63,2026-05-22 06:30:20.831337
06:30:25,34.7,40,2026-05-22 06:30:25.858203
06:30:30,30.2,46,2026-05-22 06:30:30.905947
06:30:35,35.2,81,2026-05-22 06:30:35.955773
06:30:40,39.4,72,2026-05-22 06:30:40.995546
06:30:46,33.3,49,2026-05-22 06:30:46.038388
06:30:51,30.6,69,2026-05-22 06:30:51.083225
06:30:56,28.0,64,2026-05-22 06:30:56.121088
06:31:01,27.7,70,2026-05-22 06:31:01.150762
06:31:06,38.7,88,2026-05-22 06:31:06.184754
06:31:11,32.8,51,2026-05-22 06:31:11.239490
06:31:16,37.0,54,2026-05-22 06:31:16.284080
06:31:21,37.5,79,2026-05-22 06:31:21.342968
06:31:26,25.8,46,2026-05-22 06:31:26.389749
06:31:31,26.9,48,2026-05-22 06:31:31.419995
06:31:36,39.9,75,2026-05-22 06:31:36.459344
06:31:41,34.0,74,2026-05-22 06:31:41.500293
06:31:46,33.9,84,2026-05-22 06:31:46.538887
06:31:51,32.8,59,2026-05-22 06:31:51.588458
06:31:56,36.0,53,2026-05-22 06:31:56.641720
06:32:01,30.6,61,2026-05-22 06:32:01.681252
06:32:06,36.9,58,2026-05-22 06:32:06.718702
06:32:11,35.0,49,2026-05-22 06:32:11.753020
06:32:16,37.7,74,2026-05-22 06:32:16.785285
06:32:21,25.5,72,2026-05-22 06:32:21.831803
06:32:26,35.6,72,2026-05-22 06:32:26.899187
06:32:31,34.9,80,2026-05-22 06:32:31.942308
06:32:36,28.3,86,2026-05-22 06:32:36.981973
06:32:42,30.9,47,2026-05-22 06:32:42.122379
06:32:47,34.8,80,2026-05-22 06:32:47.155933
06:32:52,29.6,59,2026-05-22 06:32:52.184394
06:32:57,37.6,50,2026-05-22 06:32:57.218484
06:33:02,29.9,81,2026-05-22 06:33:02.278400
06:33:07,25.9,59,2026-05-22 06:33:07.317597
06:33:12,29.1,40,2026-05-22 06:33:12.351404
06:33:17,36.0,85,2026-05-22 06:33:17.392600
06:33:22,38.6,48,2026-05-22 06:33:22.463223
06:29:20,30.4,62,2026-05-22 06:29:20.241270
06:29:25,29.2,87,2026-05-22 06:29:25.284855
06:29:30,32.8,72,2026-05-22 06:29:30.327119
06:29:35,37.3,49,2026-05-22 06:29:35.373429
06:29:40,26.5,79,2026-05-22 06:29:40.414361
06:29:45,25.4,75,2026-05-22 06:29:45.447800
06:29:50,39.3,50,2026-05-22 06:29:50.491555
06:29:55,35.1,45,2026-05-22 06:29:55.533887
06:30:00,37.8,40,2026-05-22 06:30:00.595904
06:30:05,30.3,58,2026-05-22 06:30:05.664498
06:30:10,32.0,84,2026-05-22 06:30:10.725908
06:30:15,33.3,84,2026-05-22 06:30:15.782872
06:30:20,32.5,63,2026-05-22 06:30:20.831337
06:30:25,34.7,40,2026-05-22 06:30:25.858203
06:30:30,30.2,46,2026-05-22 06:30:30.905947
06:30:35,35.2,81,2026-05-22 06:30:35.955773
06:30:40,39.4,72,2026-05-22 06:30:40.995546
06:30:46,33.3,49,2026-05-22 06:30:46.038388
06:30:51,30.6,69,2026-05-22 06:30:51.083225
06:30:56,28.0,64,2026-05-22 06:30:56.121088
06:31:01,27.7,70,2026-05-22 06:31:01.150762
06:31:06,38.7,88,2026-05-22 06:31:06.184754
06:31:11,32.8,51,2026-05-22 06:31:11.239490
06:31:16,37.0,54,2026-05-22 06:31:16.284080
06:31:21,37.5,79,2026-05-22 06:31:21.342968
06:31:26,25.8,46,2026-05-22 06:31:26.389749
06:31:31,26.9,48,2026-05-22 06:31:31.419995
06:31:36,39.9,75,2026-05-22 06:31:36.459344
06:31:41,34.0,74,2026-05-22 06:31:41.500293
06:31:46,33.9,84,2026-05-22 06:31:46.538887
06:31:51,32.8,59,2026-05-22 06:31:51.588458
06:31:56,36.0,53,2026-05-22 06:31:56.641720
06:32:01,30.6,61,2026-05-22 06:32:01.681252
06:32:06,36.9,58,2026-05-22 06:32:06.718702
06:32:11,35.0,49,2026-05-22 06:32:11.753020
06:32:16,37.7,74,2026-05-22 06:32:16.785285
06:32:21,25.5,72,2026-05-22 06:32:21.831803
06:32:26,35.6,72,2026-05-22 06:32:26.899187
06:32:31,34.9,80,2026-05-22 06:32:31.942308
06:32:36,28.3,86,2026-05-22 06:32:36.981973
06:32:42,30.9,47,2026-05-22 06:32:42.122379
06:32:47,34.8,80,2026-05-22 06:32:47.155933
06:32:52,29.6,59,2026-05-22 06:32:52.184394
06:32:57,37.6,50,2026-05-22 06:32:57.218484
06:33:02,29.9,81,2026-05-22 06:33:02.278400
06:33:07,25.9,59,2026-05-22 06:33:07.317597
06:33:12,29.1,40,2026-05-22 06:33:12.351404
06:33:17,36.0,85,2026-05-22 06:33:17.392600
06:33:22,38.6,48,2026-05-22 06:33:22.463223
06:33:27,29.6,48,2026-05-22 06:33:27.504269
06:29:25,29.2,87,2026-05-22 06:29:25.284855
06:29:30,32.8,72,2026-05-22 06:29:30.327119
06:29:35,37.3,49,2026-05-22 06:29:35.373429
06:29:40,26.5,79,2026-05-22 06:29:40.414361
06:29:45,25.4,75,2026-05-22 06:29:45.447800
06:29:50,39.3,50,2026-05-22 06:29:50.491555
06:29:55,35.1,45,2026-05-22 06:29:55.533887
06:30:00,37.8,40,2026-05-22 06:30:00.595904
06:30:05,30.3,58,2026-05-22 06:30:05.664498
06:30:10,32.0,84,2026-05-22 06:30:10.725908
06:30:15,33.3,84,2026-05-22 06:30:15.782872
06:30:20,32.5,63,2026-05-22 06:30:20.831337
06:30:25,34.7,40,2026-05-22 06:30:25.858203
06:30:30,30.2,46,2026-05-22 06:30:30.905947
06:30:35,35.2,81,2026-05-22 06:30:35.955773
06:30:40,39.4,72,2026-05-22 06:30:40.995546
06:30:46,33.3,49,2026-05-22 06:30:46.038388
06:30:51,30.6,69,2026-05-22 06:30:51.083225
06:30:56,28.0,64,2026-05-22 06:30:56.121088
06:31:01,27.7,70,2026-05-22 06:31:01.150762
06:31:06,38.7,88,2026-05-22 06:31:06.184754
06:31:11,32.8,51,2026-05-22 06:31:11.239490
06:31:16,37.0,54,2026-05-22 06:31:16.284080
06:31:21,37.5,79,2026-05-22 06:31:21.342968
06:31:26,25.8,46,2026-05-22 06:31:26.389749
06:31:31,26.9,48,2026-05-22 06:31:31.419995
06:31:36,39.9,75,2026-05-22 06:31:36.459344
06:31:41,34.0,74,2026-05-22 06:31:41.500293
06:31:46,33.9,84,2026-05-22 06:31:46.538887
06:31:51,32.8,59,2026-05-22 06:31:51.588458
06:31:56,36.0,53,2026-05-22 06:31:56.641720
06:32:01,30.6,61,2026-05-22 06:32:01.681252
06:32:06,36.9,58,2026-05-22 06:32:06.718702
06:32:11,35.0,49,2026-05-22 06:32:11.753020
06:32:16,37.7,74,2026-05-22 06:32:16.785285
06:32:21,25.5,72,2026-05-22 06:32:21.831803
06:32:26,35.6,72,2026-05-22 06:32:26.899187
06:32:31,34.9,80,2026-05-22 06:32:31.942308
06:32:36,28.3,86,2026-05-22 06:32:36.981973
06:32:42,30.9,47,2026-05-22 06:32:42.122379
06:32:47,34.8,80,2026-05-22 06:32:47.155933
06:32:52,29.6,59,2026-05-22 06:32:52.184394
06:32:57,37.6,50,2026-05-22 06:32:57.218484
06:33:02,29.9,81,2026-05-22 06:33:02.278400
06:33:07,25.9,59,2026-05-22 06:33:07.317597
06:33:12,29.1,40,2026-05-22 06:33:12.351404
06:33:17,36.0,85,2026-05-22 06:33:17.392600
06:33:22,38.6,48,2026-05-22 06:33:22.463223
06:33:27,29.6,48,2026-05-22 06:33:27.504269
06:33:32,28.8,78,2026-05-22 06:33:32.544066
06:29:30,32.8,72,2026-05-22 06:29:30.327119
06:29:35,37.3,49,2026-05-22 06:29:35.373429
06:29:40,26.5,79,2026-05-22 06:29:40.414361
06:29:45,25.4,75,2026-05-22 06:29:45.447800
06:29:50,39.3,50,2026-05-22 06:29:50.491555
06:29:55,35.1,45,2026-05-22 06:29:55.533887
06:30:00,37.8,40,2026-05-22 06:30:00.595904
06:30:05,30.3,58,2026-05-22 06:30:05.664498
06:30:10,32.0,84,2026-05-22 06:30:10.725908
06:30:15,33.3,84,2026-05-22 06:30:15.782872
06:30:20,32.5,63,2026-05-22 06:30:20.831337
06:30:25,34.7,40,2026-05-22 06:30:25.858203
06:30:30,30.2,46,2026-05-22 06:30:30.905947
06:30:35,35.2,81,2026-05-22 06:30:35.955773
06:30:40,39.4,72,2026-05-22 06:30:40.995546
06:30:46,33.3,49,2026-05-22 06:30:46.038388
06:30:51,30.6,69,2026-05-22 06:30:51.083225
06:30:56,28.0,64,2026-05-22 06:30:56.121088
06:31:01,27.7,70,2026-05-22 06:31:01.150762
06:31:06,38.7,88,2026-05-22 06:31:06.184754
06:31:11,32.8,51,2026-05-22 06:31:11.239490
06:31:16,37.0,54,2026-05-22 06:31:16.284080
06:31:21,37.5,79,2026-05-22 06:31:21.342968
06:31:26,25.8,46,2026-05-22 06:31:26.389749
06:31:31,26.9,48,2026-05-22 06:31:31.419995
06:31:36,39.9,75,2026-05-22 06:31:36.459344
06:31:41,34.0,74,2026-05-22 06:31:41.500293
06:31:46,33.9,84,2026-05-22 06:31:46.538887
06:31:51,32.8,59,2026-05-22 06:31:51.588458
06:31:56,36.0,53,2026-05-22 06:31:56.641720
06:32:01,30.6,61,2026-05-22 06:32:01.681252
06:32:06,36.9,58,2026-05-22 06:32:06.718702
06:32:11,35.0,49,2026-05-22 06:32:11.753020
06:32:16,37.7,74,2026-05-22 06:32:16.785285
06:32:21,25.5,72,2026-05-22 06:32:21.831803
06:32:26,35.6,72,2026-05-22 06:32:26.899187
06:32:31,34.9,80,2026-05-22 06:32:31.942308
06:32:36,28.3,86,2026-05-22 06:32:36.981973
06:32:42,30.9,47,2026-05-22 06:32:42.122379
06:32:47,34.8,80,2026-05-22 06:32:47.155933
06:32:52,29.6,59,2026-05-22 06:32:52.184394
06:32:57,37.6,50,2026-05-22 06:32:57.218484
06:33:02,29.9,81,2026-05-22 06:33:02.278400
06:33:07,25.9,59,2026-05-22 06:33:07.317597
06:33:12,29.1,40,2026-05-22 06:33:12.351404
06:33:17,36.0,85,2026-05-22 06:33:17.392600
06:33:22,38.6,48,2026-05-22 06:33:22.463223
06:33:27,29.6,48,2026-05-22 06:33:27.504269
06:33:32,28.8,78,2026-05-22 06:33:32.544066
06:33:37,38.8,56,2026-05-22 06:33:37.583860
06:29:35,37.3,49,2026-05-22 06:29:35.373429
06:29:40,26.5,79,2026-05-22 06:29:40.414361
06:29:45,25.4,75,2026-05-22 06:29:45.447800
06:29:50,39.3,50,2026-05-22 06:29:50.491555
06:29:55,35.1,45,2026-05-22 06:29:55.533887
06:30:00,37.8,40,2026-05-22 06:30:00.595904
06:30:05,30.3,58,2026-05-22 06:30:05.664498
06:30:10,32.0,84,2026-05-22 06:30:10.725908
06:30:15,33.3,84,2026-05-22 06:30:15.782872
06:30:20,32.5,63,2026-05-22 06:30:20.831337
06:30:25,34.7,40,2026-05-22 06:30:25.858203
06:30:30,30.2,46,2026-05-22 06:30:30.905947
06:30:35,35.2,81,2026-05-22 06:30:35.955773
06:30:40,39.4,72,2026-05-22 06:30:40.995546
06:30:46,33.3,49,2026-05-22 06:30:46.038388
06:30:51,30.6,69,2026-05-22 06:30:51.083225
06:30:56,28.0,64,2026-05-22 06:30:56.121088
06:31:01,27.7,70,2026-05-22 06:31:01.150762
06:31:06,38.7,88,2026-05-22 06:31:06.184754
06:31:11,32.8,51,2026-05-22 06:31:11.239490
06:31:16,37.0,54,2026-05-22 06:31:16.284080
06:31:21,37.5,79,2026-05-22 06:31:21.342968
06:31:26,25.8,46,2026-05-22 06:31:26.389749
06:31:31,26.9,48,2026-05-22 06:31:31.419995
06:31:36,39.9,75,2026-05-22 06:31:36.459344
06:31:41,34.0,74,2026-05-22 06:31:41.500293
06:31:46,33.9,84,2026-05-22 06:31:46.538887
06:31:51,32.8,59,2026-05-22 06:31:51.588458
06:31:56,36.0,53,2026-05-22 06:31:56.641720
06:32:01,30.6,61,2026-05-22 06:32:01.681252
06:32:06,36.9,58,2026-05-22 06:32:06.718702
06:32:11,35.0,49,2026-05-22 06:32:11.753020
06:32:16,37.7,74,2026-05-22 06:32:16.785285
06:32:21,25.5,72,2026-05-22 06:32:21.831803
06:32:26,35.6,72,2026-05-22 06:32:26.899187
06:32:31,34.9,80,2026-05-22 06:32:31.942308
06:32:36,28.3,86,2026-05-22 06:32:36.981973
06:32:42,30.9,47,2026-05-22 06:32:42.122379
06:32:47,34.8,80,2026-05-22 06:32:47.155933
06:32:52,29.6,59,2026-05-22 06:32:52.184394
06:32:57,37.6,50,2026-05-22 06:32:57.218484
06:33:02,29.9,81,2026-05-22 06:33:02.278400
06:33:07,25.9,59,2026-05-22 06:33:07.317597
06:33:12,29.1,40,2026-05-22 06:33:12.351404
06:33:17,36.0,85,2026-05-22 06:33:17.392600
06:33:22,38.6,48,2026-05-22 06:33:22.463223
06:33:27,29.6,48,2026-05-22 06:33:27.504269
06:33:32,28.8,78,2026-05-22 06:33:32.544066
06:33:37,38.8,56,2026-05-22 06:33:37.583860
06:33:42,36.5,89,2026-05-22 06:33:42.624621
06:29:40,26.5,79,2026-05-22 06:29:40.414361
06:29:45,25.4,75,2026-05-22 06:29:45.447800
06:29:50,39.3,50,2026-05-22 06:29:50.491555
06:29:55,35.1,45,2026-05-22 06:29:55.533887
06:30:00,37.8,40,2026-05-22 06:30:00.595904
06:30:05,30.3,58,2026-05-22 06:30:05.664498
06:30:10,32.0,84,2026-05-22 06:30:10.725908
06:30:15,33.3,84,2026-05-22 06:30:15.782872
06:30:20,32.5,63,2026-05-22 06:30:20.831337
06:30:25,34.7,40,2026-05-22 06:30:25.858203
06:30:30,30.2,46,2026-05-22 06:30:30.905947
06:30:35,35.2,81,2026-05-22 06:30:35.955773
06:30:40,39.4,72,2026-05-22 06:30:40.995546
06:30:46,33.3,49,2026-05-22 06:30:46.038388
06:30:51,30.6,69,2026-05-22 06:30:51.083225
06:30:56,28.0,64,2026-05-22 06:30:56.121088
06:31:01,27.7,70,2026-05-22 06:31:01.150762
06:31:06,38.7,88,2026-05-22 06:31:06.184754
06:31:11,32.8,51,2026-05-22 06:31:11.239490
06:31:16,37.0,54,2026-05-22 06:31:16.284080
06:31:21,37.5,79,2026-05-22 06:31:21.342968
06:31:26,25.8,46,2026-05-22 06:31:26.389749
06:31:31,26.9,48,2026-05-22 06:31:31.419995
06:31:36,39.9,75,2026-05-22 06:31:36.459344
06:31:41,34.0,74,2026-05-22 06:31:41.500293
06:31:46,33.9,84,2026-05-22 06:31:46.538887
06:31:51,32.8,59,2026-05-22 06:31:51.588458
06:31:56,36.0,53,2026-05-22 06:31:56.641720
06:32:01,30.6,61,2026-05-22 06:32:01.681252
06:32:06,36.9,58,2026-05-22 06:32:06.718702
06:32:11,35.0,49,2026-05-22 06:32:11.753020
06:32:16,37.7,74,2026-05-22 06:32:16.785285
06:32:21,25.5,72,2026-05-22 06:32:21.831803
06:32:26,35.6,72,2026-05-22 06:32:26.899187
06:32:31,34.9,80,2026-05-22 06:32:31.942308
06:32:36,28.3,86,2026-05-22 06:32:36.981973
06:32:42,30.9,47,2026-05-22 06:32:42.122379
06:32:47,34.8,80,2026-05-22 06:32:47.155933
06:32:52,29.6,59,2026-05-22 06:32:52.184394
06:32:57,37.6,50,2026-05-22 06:32:57.218484
06:33:02,29.9,81,2026-05-22 06:33:02.278400
06:33:07,25.9,59,2026-05-22 06:33:07.317597
06:33:12,29.1,40,2026-05-22 06:33:12.351404
06:33:17,36.0,85,2026-05-22 06:33:17.392600
06:33:22,38.6,48,2026-05-22 06:33:22.463223
06:33:27,29.6,48,2026-05-22 06:33:27.504269
06:33:32,28.8,78,2026-05-22 06:33:32.544066
06:33:37,38.8,56,2026-05-22 06:33:37.583860
06:33:42,36.5,89,2026-05-22 06:33:42.624621
06:33:47,36.4,53,2026-05-22 06:33:47.680582
06:29:45,25.4,75,2026-05-22 06:29:45.447800
06:29:50,39.3,50,2026-05-22 06:29:50.491555
06:29:55,35.1,45,2026-05-22 06:29:55.533887
06:30:00,37.8,40,2026-05-22 06:30:00.595904
06:30:05,30.3,58,2026-05-22 06:30:05.664498
06:30:10,32.0,84,2026-05-22 06:30:10.725908
06:30:15,33.3,84,2026-05-22 06:30:15.782872
06:30:20,32.5,63,2026-05-22 06:30:20.831337
06:30:25,34.7,40,2026-05-22 06:30:25.858203
06:30:30,30.2,46,2026-05-22 06:30:30.905947
06:30:35,35.2,81,2026-05-22 06:30:35.955773
06:30:40,39.4,72,2026-05-22 06:30:40.995546
06:30:46,33.3,49,2026-05-22 06:30:46.038388
06:30:51,30.6,69,2026-05-22 06:30:51.083225
06:30:56,28.0,64,2026-05-22 06:30:56.121088
06:31:01,27.7,70,2026-05-22 06:31:01.150762
06:31:06,38.7,88,2026-05-22 06:31:06.184754
06:31:11,32.8,51,2026-05-22 06:31:11.239490
06:31:16,37.0,54,2026-05-22 06:31:16.284080
06:31:21,37.5,79,2026-05-22 06:31:21.342968
06:31:26,25.8,46,2026-05-22 06:31:26.389749
06:31:31,26.9,48,2026-05-22 06:31:31.419995
06:31:36,39.9,75,2026-05-22 06:31:36.459344
06:31:41,34.0,74,2026-05-22 06:31:41.500293
06:31:46,33.9,84,2026-05-22 06:31:46.538887
06:31:51,32.8,59,2026-05-22 06:31:51.588458
06:31:56,36.0,53,2026-05-22 06:31:56.641720
06:32:01,30.6,61,2026-05-22 06:32:01.681252
06:32:06,36.9,58,2026-05-22 06:32:06.718702
06:32:11,35.0,49,2026-05-22 06:32:11.753020
06:32:16,37.7,74,2026-05-22 06:32:16.785285
06:32:21,25.5,72,2026-05-22 06:32:21.831803
06:32:26,35.6,72,2026-05-22 06:32:26.899187
06:32:31,34.9,80,2026-05-22 06:32:31.942308
06:32:36,28.3,86,2026-05-22 06:32:36.981973
06:32:42,30.9,47,2026-05-22 06:32:42.122379
06:32:47,34.8,80,2026-05-22 06:32:47.155933
06:32:52,29.6,59,2026-05-22 06:32:52.184394
06:32:57,37.6,50,2026-05-22 06:32:57.218484
06:33:02,29.9,81,2026-05-22 06:33:02.278400
06:33:07,25.9,59,2026-05-22 06:33:07.317597
06:33:12,29.1,40,2026-05-22 06:33:12.351404
06:33:17,36.0,85,2026-05-22 06:33:17.392600
06:33:22,38.6,48,2026-05-22 06:33:22.463223
06:33:27,29.6,48,2026-05-22 06:33:27.504269
06:33:32,28.8,78,2026-05-22 06:33:32.544066
06:33:37,38.8,56,2026-05-22 06:33:37.583860
06:33:42,36.5,89,2026-05-22 06:33:42.624621
06:33:47,36.4,53,2026-05-22 06:33:47.680582
06:33:52,28.1,60,2026-05-22 06:33:52.726590
06:29:50,39.3,50,2026-05-22 06:29:50.491555
06:29:55,35.1,45,2026-05-22 06:29:55.533887
06:30:00,37.8,40,2026-05-22 06:30:00.595904
06:30:05,30.3,58,2026-05-22 06:30:05.664498
06:30:10,32.0,84,2026-05-22 06:30:10.725908
06:30:15,33.3,84,2026-05-22 06:30:15.782872
06:30:20,32.5,63,2026-05-22 06:30:20.831337
06:30:25,34.7,40,2026-05-22 06:30:25.858203
06:30:30,30.2,46,2026-05-22 06:30:30.905947
06:30:35,35.2,81,2026-05-22 06:30:35.955773
06:30:40,39.4,72,2026-05-22 06:30:40.995546
06:30:46,33.3,49,2026-05-22 06:30:46.038388
06:30:51,30.6,69,2026-05-22 06:30:51.083225
06:30:56,28.0,64,2026-05-22 06:30:56.121088
06:31:01,27.7,70,2026-05-22 06:31:01.150762
06:31:06,38.7,88,2026-05-22 06:31:06.184754
06:31:11,32.8,51,2026-05-22 06:31:11.239490
06:31:16,37.0,54,2026-05-22 06:31:16.284080
06:31:21,37.5,79,2026-05-22 06:31:21.342968
06:31:26,25.8,46,2026-05-22 06:31:26.389749
06:31:31,26.9,48,2026-05-22 06:31:31.419995
06:31:36,39.9,75,2026-05-22 06:31:36.459344
06:31:41,34.0,74,2026-05-22 06:31:41.500293
06:31:46,33.9,84,2026-05-22 06:31:46.538887
06:31:51,32.8,59,2026-05-22 06:31:51.588458
06:31:56,36.0,53,2026-05-22 06:31:56.641720
06:32:01,30.6,61,2026-05-22 06:32:01.681252
06:32:06,36.9,58,2026-05-22 06:32:06.718702
06:32:11,35.0,49,2026-05-22 06:32:11.753020
06:32:16,37.7,74,2026-05-22 06:32:16.785285
06:32:21,25.5,72,2026-05-22 06:32:21.831803
06:32:26,35.6,72,2026-05-22 06:32:26.899187
06:32:31,34.9,80,2026-05-22 06:32:31.942308
06:32:36,28.3,86,2026-05-22 06:32:36.981973
06:32:42,30.9,47,2026-05-22 06:32:42.122379
06:32:47,34.8,80,2026-05-22 06:32:47.155933
06:32:52,29.6,59,2026-05-22 06:32:52.184394
06:32:57,37.6,50,2026-05-22 06:32:57.218484
06:33:02,29.9,81,2026-05-22 06:33:02.278400
06:33:07,25.9,59,2026-05-22 06:33:07.317597
06:33:12,29.1,40,2026-05-22 06:33:12.351404
06:33:17,36.0,85,2026-05-22 06:33:17.392600
06:33:22,38.6,48,2026-05-22 06:33:22.463223
06:33:27,29.6,48,2026-05-22 06:33:27.504269
06:33:32,28.8,78,2026-05-22 06:33:32.544066
06:33:37,38.8,56,2026-05-22 06:33:37.583860
06:33:42,36.5,89,2026-05-22 06:33:42.624621
06:33:47,36.4,53,2026-05-22 06:33:47.680582
06:33:52,28.1,60,2026-05-22 06:33:52.726590
06:33:57,38.7,82,2026-05-22 06:33:57.760959
06:29:55,35.1,45,2026-05-22 06:29:55.533887
06:30:00,37.8,40,2026-05-22 06:30:00.595904
06:30:05,30.3,58,2026-05-22 06:30:05.664498
06:30:10,32.0,84,2026-05-22 06:30:10.725908
06:30:15,33.3,84,2026-05-22 06:30:15.782872
06:30:20,32.5,63,2026-05-22 06:30:20.831337
06:30:25,34.7,40,2026-05-22 06:30:25.858203
06:30:30,30.2,46,2026-05-22 06:30:30.905947
06:30:35,35.2,81,2026-05-22 06:30:35.955773
06:30:40,39.4,72,2026-05-22 06:30:40.995546
06:30:46,33.3,49,2026-05-22 06:30:46.038388
06:30:51,30.6,69,2026-05-22 06:30:51.083225
06:30:56,28.0,64,2026-05-22 06:30:56.121088
06:31:01,27.7,70,2026-05-22 06:31:01.150762
06:31:06,38.7,88,2026-05-22 06:31:06.184754
06:31:11,32.8,51,2026-05-22 06:31:11.239490
06:31:16,37.0,54,2026-05-22 06:31:16.284080
06:31:21,37.5,79,2026-05-22 06:31:21.342968
06:31:26,25.8,46,2026-05-22 06:31:26.389749
06:31:31,26.9,48,2026-05-22 06:31:31.419995
06:31:36,39.9,75,2026-05-22 06:31:36.459344
06:31:41,34.0,74,2026-05-22 06:31:41.500293
06:31:46,33.9,84,2026-05-22 06:31:46.538887
06:31:51,32.8,59,2026-05-22 06:31:51.588458
06:31:56,36.0,53,2026-05-22 06:31:56.641720
06:32:01,30.6,61,2026-05-22 06:32:01.681252
06:32:06,36.9,58,2026-05-22 06:32:06.718702
06:32:11,35.0,49,2026-05-22 06:32:11.753020
06:32:16,37.7,74,2026-05-22 06:32:16.785285
06:32:21,25.5,72,2026-05-22 06:32:21.831803
06:32:26,35.6,72,2026-05-22 06:32:26.899187
06:32:31,34.9,80,2026-05-22 06:32:31.942308
06:32:36,28.3,86,2026-05-22 06:32:36.981973
06:32:42,30.9,47,2026-05-22 06:32:42.122379
06:32:47,34.8,80,2026-05-22 06:32:47.155933
06:32:52,29.6,59,2026-05-22 06:32:52.184394
06:32:57,37.6,50,2026-05-22 06:32:57.218484
06:33:02,29.9,81,2026-05-22 06:33:02.278400
06:33:07,25.9,59,2026-05-22 06:33:07.317597
06:33:12,29.1,40,2026-05-22 06:33:12.351404
06:33:17,36.0,85,2026-05-22 06:33:17.392600
06:33:22,38.6,48,2026-05-22 06:33:22.463223
06:33:27,29.6,48,2026-05-22 06:33:27.504269
06:33:32,28.8,78,2026-05-22 06:33:32.544066
06:33:37,38.8,56,2026-05-22 06:33:37.583860
06:33:42,36.5,89,2026-05-22 06:33:42.624621
06:33:47,36.4,53,2026-05-22 06:33:47.680582
06:33:52,28.1,60,2026-05-22 06:33:52.726590
06:33:57,38.7,82,2026-05-22 06:33:57.760959
06:34:02,27.1,73,2026-05-22 06:34:02.796477
06:30:00,37.8,40,2026-05-22 06:30:00.595904
06:30:05,30.3,58,2026-05-22 06:30:05.664498
06:30:10,32.0,84,2026-05-22 06:30:10.725908
06:30:15,33.3,84,2026-05-22 06:30:15.782872
06:30:20,32.5,63,2026-05-22 06:30:20.831337
06:30:25,34.7,40,2026-05-22 06:30:25.858203
06:30:30,30.2,46,2026-05-22 06:30:30.905947
06:30:35,35.2,81,2026-05-22 06:30:35.955773
06:30:40,39.4,72,2026-05-22 06:30:40.995546
06:30:46,33.3,49,2026-05-22 06:30:46.038388
06:30:51,30.6,69,2026-05-22 06:30:51.083225
06:30:56,28.0,64,2026-05-22 06:30:56.121088
06:31:01,27.7,70,2026-05-22 06:31:01.150762
06:31:06,38.7,88,2026-05-22 06:31:06.184754
06:31:11,32.8,51,2026-05-22 06:31:11.239490
06:31:16,37.0,54,2026-05-22 06:31:16.284080
06:31:21,37.5,79,2026-05-22 06:31:21.342968
06:31:26,25.8,46,2026-05-22 06:31:26.389749
06:31:31,26.9,48,2026-05-22 06:31:31.419995
06:31:36,39.9,75,2026-05-22 06:31:36.459344
06:31:41,34.0,74,2026-05-22 06:31:41.500293
06:31:46,33.9,84,2026-05-22 06:31:46.538887
06:31:51,32.8,59,2026-05-22 06:31:51.588458
06:31:56,36.0,53,2026-05-22 06:31:56.641720
06:32:01,30.6,61,2026-05-22 06:32:01.681252
06:32:06,36.9,58,2026-05-22 06:32:06.718702
06:32:11,35.0,49,2026-05-22 06:32:11.753020
06:32:16,37.7,74,2026-05-22 06:32:16.785285
06:32:21,25.5,72,2026-05-22 06:32:21.831803
06:32:26,35.6,72,2026-05-22 06:32:26.899187
06:32:31,34.9,80,2026-05-22 06:32:31.942308
06:32:36,28.3,86,2026-05-22 06:32:36.981973
06:32:42,30.9,47,2026-05-22 06:32:42.122379
06:32:47,34.8,80,2026-05-22 06:32:47.155933
06:32:52,29.6,59,2026-05-22 06:32:52.184394
06:32:57,37.6,50,2026-05-22 06:32:57.218484
06:33:02,29.9,81,2026-05-22 06:33:02.278400
06:33:07,25.9,59,2026-05-22 06:33:07.317597
06:33:12,29.1,40,2026-05-22 06:33:12.351404
06:33:17,36.0,85,2026-05-22 06:33:17.392600
06:33:22,38.6,48,2026-05-22 06:33:22.463223
06:33:27,29.6,48,2026-05-22 06:33:27.504269
06:33:32,28.8,78,2026-05-22 06:33:32.544066
06:33:37,38.8,56,2026-05-22 06:33:37.583860
06:33:42,36.5,89,2026-05-22 06:33:42.624621
06:33:47,36.4,53,2026-05-22 06:33:47.680582
06:33:52,28.1,60,2026-05-22 06:33:52.726590
06:33:57,38.7,82,2026-05-22 06:33:57.760959
06:34:02,27.1,73,2026-05-22 06:34:02.796477
06:34:07,36.1,56,2026-05-22 06:34:07.833878
06:30:05,30.3,58,2026-05-22 06:30:05.664498
06:30:10,32.0,84,2026-05-22 06:30:10.725908
06:30:15,33.3,84,2026-05-22 06:30:15.782872
06:30:20,32.5,63,2026-05-22 06:30:20.831337
06:30:25,34.7,40,2026-05-22 06:30:25.858203
06:30:30,30.2,46,2026-05-22 06:30:30.905947
06:30:35,35.2,81,2026-05-22 06:30:35.955773
06:30:40,39.4,72,2026-05-22 06:30:40.995546
06:30:46,33.3,49,2026-05-22 06:30:46.038388
06:30:51,30.6,69,2026-05-22 06:30:51.083225
06:30:56,28.0,64,2026-05-22 06:30:56.121088
06:31:01,27.7,70,2026-05-22 06:31:01.150762
06:31:06,38.7,88,2026-05-22 06:31:06.184754
06:31:11,32.8,51,2026-05-22 06:31:11.239490
06:31:16,37.0,54,2026-05-22 06:31:16.284080
06:31:21,37.5,79,2026-05-22 06:31:21.342968
06:31:26,25.8,46,2026-05-22 06:31:26.389749
06:31:31,26.9,48,2026-05-22 06:31:31.419995
06:31:36,39.9,75,2026-05-22 06:31:36.459344
06:31:41,34.0,74,2026-05-22 06:31:41.500293
06:31:46,33.9,84,2026-05-22 06:31:46.538887
06:31:51,32.8,59,2026-05-22 06:31:51.588458
06:31:56,36.0,53,2026-05-22 06:31:56.641720
06:32:01,30.6,61,2026-05-22 06:32:01.681252
06:32:06,36.9,58,2026-05-22 06:32:06.718702
06:32:11,35.0,49,2026-05-22 06:32:11.753020
06:32:16,37.7,74,2026-05-22 06:32:16.785285
06:32:21,25.5,72,2026-05-22 06:32:21.831803
06:32:26,35.6,72,2026-05-22 06:32:26.899187
06:32:31,34.9,80,2026-05-22 06:32:31.942308
06:32:36,28.3,86,2026-05-22 06:32:36.981973
06:32:42,30.9,47,2026-05-22 06:32:42.122379
06:32:47,34.8,80,2026-05-22 06:32:47.155933
06:32:52,29.6,59,2026-05-22 06:32:52.184394
06:32:57,37.6,50,2026-05-22 06:32:57.218484
06:33:02,29.9,81,2026-05-22 06:33:02.278400
06:33:07,25.9,59,2026-05-22 06:33:07.317597
06:33:12,29.1,40,2026-05-22 06:33:12.351404
06:33:17,36.0,85,2026-05-22 06:33:17.392600
06:33:22,38.6,48,2026-05-22 06:33:22.463223
06:33:27,29.6,48,2026-05-22 06:33:27.504269
06:33:32,28.8,78,2026-05-22 06:33:32.544066
06:33:37,38.8,56,2026-05-22 06:33:37.583860
06:33:42,36.5,89,2026-05-22 06:33:42.624621
06:33:47,36.4,53,2026-05-22 06:33:47.680582
06:33:52,28.1,60,2026-05-22 06:33:52.726590
06:33:57,38.7,82,2026-05-22 06:33:57.760959
06:34:02,27.1,73,2026-05-22 06:34:02.796477
06:34:07,36.1,56,2026-05-22 06:34:07.833878
06:34:12,36.2,85,2026-05-22 06:34:12.880296
06:30:10,32.0,84,2026-05-22 06:30:10.725908
06:30:15,33.3,84,2026-05-22 06:30:15.782872
06:30:20,32.5,63,2026-05-22 06:30:20.831337
06:30:25,34.7,40,2026-05-22 06:30:25.858203
06:30:30,30.2,46,2026-05-22 06:30:30.905947
06:30:35,35.2,81,2026-05-22 06:30:35.955773
06:30:40,39.4,72,2026-05-22 06:30:40.995546
06:30:46,33.3,49,2026-05-22 06:30:46.038388
06:30:51,30.6,69,2026-05-22 06:30:51.083225
06:30:56,28.0,64,2026-05-22 06:30:56.121088
06:31:01,27.7,70,2026-05-22 06:31:01.150762
06:31:06,38.7,88,2026-05-22 06:31:06.184754
06:31:11,32.8,51,2026-05-22 06:31:11.239490
06:31:16,37.0,54,2026-05-22 06:31:16.284080
06:31:21,37.5,79,2026-05-22 06:31:21.342968
06:31:26,25.8,46,2026-05-22 06:31:26.389749
06:31:31,26.9,48,2026-05-22 06:31:31.419995
06:31:36,39.9,75,2026-05-22 06:31:36.459344
06:31:41,34.0,74,2026-05-22 06:31:41.500293
06:31:46,33.9,84,2026-05-22 06:31:46.538887
06:31:51,32.8,59,2026-05-22 06:31:51.588458
06:31:56,36.0,53,2026-05-22 06:31:56.641720
06:32:01,30.6,61,2026-05-22 06:32:01.681252
06:32:06,36.9,58,2026-05-22 06:32:06.718702
06:32:11,35.0,49,2026-05-22 06:32:11.753020
06:32:16,37.7,74,2026-05-22 06:32:16.785285
06:32:21,25.5,72,2026-05-22 06:32:21.831803
06:32:26,35.6,72,2026-05-22 06:32:26.899187
06:32:31,34.9,80,2026-05-22 06:32:31.942308
06:32:36,28.3,86,2026-05-22 06:32:36.981973
06:32:42,30.9,47,2026-05-22 06:32:42.122379
06:32:47,34.8,80,2026-05-22 06:32:47.155933
06:32:52,29.6,59,2026-05-22 06:32:52.184394
06:32:57,37.6,50,2026-05-22 06:32:57.218484
06:33:02,29.9,81,2026-05-22 06:33:02.278400
06:33:07,25.9,59,2026-05-22 06:33:07.317597
06:33:12,29.1,40,2026-05-22 06:33:12.351404
06:33:17,36.0,85,2026-05-22 06:33:17.392600
06:33:22,38.6,48,2026-05-22 06:33:22.463223
06:33:27,29.6,48,2026-05-22 06:33:27.504269
06:33:32,28.8,78,2026-05-22 06:33:32.544066
06:33:37,38.8,56,2026-05-22 06:33:37.583860
06:33:42,36.5,89,2026-05-22 06:33:42.624621
06:33:47,36.4,53,2026-05-22 06:33:47.680582
06:33:52,28.1,60,2026-05-22 06:33:52.726590
06:33:57,38.7,82,2026-05-22 06:33:57.760959
06:34:02,27.1,73,2026-05-22 06:34:02.796477
06:34:07,36.1,56,2026-05-22 06:34:07.833878
06:34:12,36.2,85,2026-05-22 06:34:12.880296
06:34:17,39.1,65,2026-05-22 06:34:17.925998
06:30:15,33.3,84,2026-05-22 06:30:15.782872
06:30:20,32.5,63,2026-05-22 06:30:20.831337
06:30:25,34.7,40,2026-05-22 06:30:25.858203
06:30:30,30.2,46,2026-05-22 06:30:30.905947
06:30:35,35.2,81,2026-05-22 06:30:35.955773
06:30:40,39.4,72,2026-05-22 06:30:40.995546
06:30:46,33.3,49,2026-05-22 06:30:46.038388
06:30:51,30.6,69,2026-05-22 06:30:51.083225
06:30:56,28.0,64,2026-05-22 06:30:56.121088
06:31:01,27.7,70,2026-05-22 06:31:01.150762
06:31:06,38.7,88,2026-05-22 06:31:06.184754
06:31:11,32.8,51,2026-05-22 06:31:11.239490
06:31:16,37.0,54,2026-05-22 06:31:16.284080
06:31:21,37.5,79,2026-05-22 06:31:21.342968
06:31:26,25.8,46,2026-05-22 06:31:26.389749
06:31:31,26.9,48,2026-05-22 06:31:31.419995
06:31:36,39.9,75,2026-05-22 06:31:36.459344
06:31:41,34.0,74,2026-05-22 06:31:41.500293
06:31:46,33.9,84,2026-05-22 06:31:46.538887
06:31:51,32.8,59,2026-05-22 06:31:51.588458
06:31:56,36.0,53,2026-05-22 06:31:56.641720
06:32:01,30.6,61,2026-05-22 06:32:01.681252
06:32:06,36.9,58,2026-05-22 06:32:06.718702
06:32:11,35.0,49,2026-05-22 06:32:11.753020
06:32:16,37.7,74,2026-05-22 06:32:16.785285
06:32:21,25.5,72,2026-05-22 06:32:21.831803
06:32:26,35.6,72,2026-05-22 06:32:26.899187
06:32:31,34.9,80,2026-05-22 06:32:31.942308
06:32:36,28.3,86,2026-05-22 06:32:36.981973
06:32:42,30.9,47,2026-05-22 06:32:42.122379
06:32:47,34.8,80,2026-05-22 06:32:47.155933
06:32:52,29.6,59,2026-05-22 06:32:52.184394
06:32:57,37.6,50,2026-05-22 06:32:57.218484
06:33:02,29.9,81,2026-05-22 06:33:02.278400
06:33:07,25.9,59,2026-05-22 06:33:07.317597
06:33:12,29.1,40,2026-05-22 06:33:12.351404
06:33:17,36.0,85,2026-05-22 06:33:17.392600
06:33:22,38.6,48,2026-05-22 06:33:22.463223
06:33:27,29.6,48,2026-05-22 06:33:27.504269
06:33:32,28.8,78,2026-05-22 06:33:32.544066
06:33:37,38.8,56,2026-05-22 06:33:37.583860
06:33:42,36.5,89,2026-05-22 06:33:42.624621
06:33:47,36.4,53,2026-05-22 06:33:47.680582
06:33:52,28.1,60,2026-05-22 06:33:52.726590
06:33:57,38.7,82,2026-05-22 06:33:57.760959
06:34:02,27.1,73,2026-05-22 06:34:02.796477
06:34:07,36.1,56,2026-05-22 06:34:07.833878
06:34:12,36.2,85,2026-05-22 06:34:12.880296
06:34:17,39.1,65,2026-05-22 06:34:17.925998
06:34:22,30.2,85,2026-05-22 06:34:22.970456
06:30:20,32.5,63,2026-05-22 06:30:20.831337
06:30:25,34.7,40,2026-05-22 06:30:25.858203
06:30:30,30.2,46,2026-05-22 06:30:30.905947
06:30:35,35.2,81,2026-05-22 06:30:35.955773
06:30:40,39.4,72,2026-05-22 06:30:40.995546
06:30:46,33.3,49,2026-05-22 06:30:46.038388
06:30:51,30.6,69,2026-05-22 06:30:51.083225
06:30:56,28.0,64,2026-05-22 06:30:56.121088
06:31:01,27.7,70,2026-05-22 06:31:01.150762
06:31:06,38.7,88,2026-05-22 06:31:06.184754
06:31:11,32.8,51,2026-05-22 06:31:11.239490
06:31:16,37.0,54,2026-05-22 06:31:16.284080
06:31:21,37.5,79,2026-05-22 06:31:21.342968
06:31:26,25.8,46,2026-05-22 06:31:26.389749
06:31:31,26.9,48,2026-05-22 06:31:31.419995
06:31:36,39.9,75,2026-05-22 06:31:36.459344
06:31:41,34.0,74,2026-05-22 06:31:41.500293
06:31:46,33.9,84,2026-05-22 06:31:46.538887
06:31:51,32.8,59,2026-05-22 06:31:51.588458
06:31:56,36.0,53,2026-05-22 06:31:56.641720
06:32:01,30.6,61,2026-05-22 06:32:01.681252
06:32:06,36.9,58,2026-05-22 06:32:06.718702
06:32:11,35.0,49,2026-05-22 06:32:11.753020
06:32:16,37.7,74,2026-05-22 06:32:16.785285
06:32:21,25.5,72,2026-05-22 06:32:21.831803
06:32:26,35.6,72,2026-05-22 06:32:26.899187
06:32:31,34.9,80,2026-05-22 06:32:31.942308
06:32:36,28.3,86,2026-05-22 06:32:36.981973
06:32:42,30.9,47,2026-05-22 06:32:42.122379
06:32:47,34.8,80,2026-05-22 06:32:47.155933
06:32:52,29.6,59,2026-05-22 06:32:52.184394
06:32:57,37.6,50,2026-05-22 06:32:57.218484
06:33:02,29.9,81,2026-05-22 06:33:02.278400
06:33:07,25.9,59,2026-05-22 06:33:07.317597
06:33:12,29.1,40,2026-05-22 06:33:12.351404
06:33:17,36.0,85,2026-05-22 06:33:17.392600
06:33:22,38.6,48,2026-05-22 06:33:22.463223
06:33:27,29.6,48,2026-05-22 06:33:27.504269
06:33:32,28.8,78,2026-05-22 06:33:32.544066
06:33:37,38.8,56,2026-05-22 06:33:37.583860
06:33:42,36.5,89,2026-05-22 06:33:42.624621
06:33:47,36.4,53,2026-05-22 06:33:47.680582
06:33:52,28.1,60,2026-05-22 06:33:52.726590
06:33:57,38.7,82,2026-05-22 06:33:57.760959
06:34:02,27.1,73,2026-05-22 06:34:02.796477
06:34:07,36.1,56,2026-05-22 06:34:07.833878
06:34:12,36.2,85,2026-05-22 06:34:12.880296
06:34:17,39.1,65,2026-05-22 06:34:17.925998
06:34:22,30.2,85,2026-05-22 06:34:22.970456
06:34:28,32.2,69,2026-05-22 06:34:28.005112
06:30:25,34.7,40,2026-05-22 06:30:25.858203
06:30:30,30.2,46,2026-05-22 06:30:30.905947
06:30:35,35.2,81,2026-05-22 06:30:35.955773
06:30:40,39.4,72,2026-05-22 06:30:40.995546
06:30:46,33.3,49,2026-05-22 06:30:46.038388
06:30:51,30.6,69,2026-05-22 06:30:51.083225
06:30:56,28.0,64,2026-05-22 06:30:56.121088
06:31:01,27.7,70,2026-05-22 06:31:01.150762
06:31:06,38.7,88,2026-05-22 06:31:06.184754
06:31:11,32.8,51,2026-05-22 06:31:11.239490
06:31:16,37.0,54,2026-05-22 06:31:16.284080
06:31:21,37.5,79,2026-05-22 06:31:21.342968
06:31:26,25.8,46,2026-05-22 06:31:26.389749
06:31:31,26.9,48,2026-05-22 06:31:31.419995
06:31:36,39.9,75,2026-05-22 06:31:36.459344
06:31:41,34.0,74,2026-05-22 06:31:41.500293
06:31:46,33.9,84,2026-05-22 06:31:46.538887
06:31:51,32.8,59,2026-05-22 06:31:51.588458
06:31:56,36.0,53,2026-05-22 06:31:56.641720
06:32:01,30.6,61,2026-05-22 06:32:01.681252
06:32:06,36.9,58,2026-05-22 06:32:06.718702
06:32:11,35.0,49,2026-05-22 06:32:11.753020
06:32:16,37.7,74,2026-05-22 06:32:16.785285
06:32:21,25.5,72,2026-05-22 06:32:21.831803
06:32:26,35.6,72,2026-05-22 06:32:26.899187
06:32:31,34.9,80,2026-05-22 06:32:31.942308
06:32:36,28.3,86,2026-05-22 06:32:36.981973
06:32:42,30.9,47,2026-05-22 06:32:42.122379
06:32:47,34.8,80,2026-05-22 06:32:47.155933
06:32:52,29.6,59,2026-05-22 06:32:52.184394
06:32:57,37.6,50,2026-05-22 06:32:57.218484
06:33:02,29.9,81,2026-05-22 06:33:02.278400
06:33:07,25.9,59,2026-05-22 06:33:07.317597
06:33:12,29.1,40,2026-05-22 06:33:12.351404
06:33:17,36.0,85,2026-05-22 06:33:17.392600
06:33:22,38.6,48,2026-05-22 06:33:22.463223
06:33:27,29.6,48,2026-05-22 06:33:27.504269
06:33:32,28.8,78,2026-05-22 06:33:32.544066
06:33:37,38.8,56,2026-05-22 06:33:37.583860
06:33:42,36.5,89,2026-05-22 06:33:42.624621
06:33:47,36.4,53,2026-05-22 06:33:47.680582
06:33:52,28.1,60,2026-05-22 06:33:52.726590
06:33:57,38.7,82,2026-05-22 06:33:57.760959
06:34:02,27.1,73,2026-05-22 06:34:02.796477
06:34:07,36.1,56,2026-05-22 06:34:07.833878
06:34:12,36.2,85,2026-05-22 06:34:12.880296
06:34:17,39.1,65,2026-05-22 06:34:17.925998
06:34:22,30.2,85,2026-05-22 06:34:22.970456
06:34:28,32.2,69,2026-05-22 06:34:28.005112
06:34:33,29.0,52,2026-05-22 06:34:33.046224
06:30:30,30.2,46,2026-05-22 06:30:30.905947
06:30:35,35.2,81,2026-05-22 06:30:35.955773
06:30:40,39.4,72,2026-05-22 06:30:40.995546
06:30:46,33.3,49,2026-05-22 06:30:46.038388
06:30:51,30.6,69,2026-05-22 06:30:51.083225
06:30:56,28.0,64,2026-05-22 06:30:56.121088
06:31:01,27.7,70,2026-05-22 06:31:01.150762
06:31:06,38.7,88,2026-05-22 06:31:06.184754
06:31:11,32.8,51,2026-05-22 06:31:11.239490
06:31:16,37.0,54,2026-05-22 06:31:16.284080
06:31:21,37.5,79,2026-05-22 06:31:21.342968
06:31:26,25.8,46,2026-05-22 06:31:26.389749
06:31:31,26.9,48,2026-05-22 06:31:31.419995
06:31:36,39.9,75,2026-05-22 06:31:36.459344
06:31:41,34.0,74,2026-05-22 06:31:41.500293
06:31:46,33.9,84,2026-05-22 06:31:46.538887
06:31:51,32.8,59,2026-05-22 06:31:51.588458
06:31:56,36.0,53,2026-05-22 06:31:56.641720
06:32:01,30.6,61,2026-05-22 06:32:01.681252
06:32:06,36.9,58,2026-05-22 06:32:06.718702
06:32:11,35.0,49,2026-05-22 06:32:11.753020
06:32:16,37.7,74,2026-05-22 06:32:16.785285
06:32:21,25.5,72,2026-05-22 06:32:21.831803
06:32:26,35.6,72,2026-05-22 06:32:26.899187
06:32:31,34.9,80,2026-05-22 06:32:31.942308
06:32:36,28.3,86,2026-05-22 06:32:36.981973
06:32:42,30.9,47,2026-05-22 06:32:42.122379
06:32:47,34.8,80,2026-05-22 06:32:47.155933
06:32:52,29.6,59,2026-05-22 06:32:52.184394
06:32:57,37.6,50,2026-05-22 06:32:57.218484
06:33:02,29.9,81,2026-05-22 06:33:02.278400
06:33:07,25.9,59,2026-05-22 06:33:07.317597
06:33:12,29.1,40,2026-05-22 06:33:12.351404
06:33:17,36.0,85,2026-05-22 06:33:17.392600
06:33:22,38.6,48,2026-05-22 06:33:22.463223
06:33:27,29.6,48,2026-05-22 06:33:27.504269
06:33:32,28.8,78,2026-05-22 06:33:32.544066
06:33:37,38.8,56,2026-05-22 06:33:37.583860
06:33:42,36.5,89,2026-05-22 06:33:42.624621
06:33:47,36.4,53,2026-05-22 06:33:47.680582
06:33:52,28.1,60,2026-05-22 06:33:52.726590
06:33:57,38.7,82,2026-05-22 06:33:57.760959
06:34:02,27.1,73,2026-05-22 06:34:02.796477
06:34:07,36.1,56,2026-05-22 06:34:07.833878
06:34:12,36.2,85,2026-05-22 06:34:12.880296
06:34:17,39.1,65,2026-05-22 06:34:17.925998
06:34:22,30.2,85,2026-05-22 06:34:22.970456
06:34:28,32.2,69,2026-05-22 06:34:28.005112
06:34:33,29.0,52,2026-05-22 06:34:33.046224
06:34:38,29.1,85,2026-05-22 06:34:38.097803
06:30:35,35.2,81,2026-05-22 06:30:35.955773
06:30:40,39.4,72,2026-05-22 06:30:40.995546
06:30:46,33.3,49,2026-05-22 06:30:46.038388
06:30:51,30.6,69,2026-05-22 06:30:51.083225
06:30:56,28.0,64,2026-05-22 06:30:56.121088
06:31:01,27.7,70,2026-05-22 06:31:01.150762
06:31:06,38.7,88,2026-05-22 06:31:06.184754
06:31:11,32.8,51,2026-05-22 06:31:11.239490
06:31:16,37.0,54,2026-05-22 06:31:16.284080
06:31:21,37.5,79,2026-05-22 06:31:21.342968
06:31:26,25.8,46,2026-05-22 06:31:26.389749
06:31:31,26.9,48,2026-05-22 06:31:31.419995
06:31:36,39.9,75,2026-05-22 06:31:36.459344
06:31:41,34.0,74,2026-05-22 06:31:41.500293
06:31:46,33.9,84,2026-05-22 06:31:46.538887
06:31:51,32.8,59,2026-05-22 06:31:51.588458
06:31:56,36.0,53,2026-05-22 06:31:56.641720
06:32:01,30.6,61,2026-05-22 06:32:01.681252
06:32:06,36.9,58,2026-05-22 06:32:06.718702
06:32:11,35.0,49,2026-05-22 06:32:11.753020
06:32:16,37.7,74,2026-05-22 06:32:16.785285
06:32:21,25.5,72,2026-05-22 06:32:21.831803
06:32:26,35.6,72,2026-05-22 06:32:26.899187
06:32:31,34.9,80,2026-05-22 06:32:31.942308
06:32:36,28.3,86,2026-05-22 06:32:36.981973
06:32:42,30.9,47,2026-05-22 06:32:42.122379
06:32:47,34.8,80,2026-05-22 06:32:47.155933
06:32:52,29.6,59,2026-05-22 06:32:52.184394
06:32:57,37.6,50,2026-05-22 06:32:57.218484
06:33:02,29.9,81,2026-05-22 06:33:02.278400
06:33:07,25.9,59,2026-05-22 06:33:07.317597
06:33:12,29.1,40,2026-05-22 06:33:12.351404
06:33:17,36.0,85,2026-05-22 06:33:17.392600
06:33:22,38.6,48,2026-05-22 06:33:22.463223
06:33:27,29.6,48,2026-05-22 06:33:27.504269
06:33:32,28.8,78,2026-05-22 06:33:32.544066
06:33:37,38.8,56,2026-05-22 06:33:37.583860
06:33:42,36.5,89,2026-05-22 06:33:42.624621
06:33:47,36.4,53,2026-05-22 06:33:47.680582
06:33:52,28.1,60,2026-05-22 06:33:52.726590
06:33:57,38.7,82,2026-05-22 06:33:57.760959
06:34:02,27.1,73,2026-05-22 06:34:02.796477
06:34:07,36.1,56,2026-05-22 06:34:07.833878
06:34:12,36.2,85,2026-05-22 06:34:12.880296
06:34:17,39.1,65,2026-05-22 06:34:17.925998
06:34:22,30.2,85,2026-05-22 06:34:22.970456
06:34:28,32.2,69,2026-05-22 06:34:28.005112
06:34:33,29.0,52,2026-05-22 06:34:33.046224
06:34:38,29.1,85,2026-05-22 06:34:38.097803
06:34:43,35.9,40,2026-05-22 06:34:43.148274
06:30:40,39.4,72,2026-05-22 06:30:40.995546
06:30:46,33.3,49,2026-05-22 06:30:46.038388
06:30:51,30.6,69,2026-05-22 06:30:51.083225
06:30:56,28.0,64,2026-05-22 06:30:56.121088
06:31:01,27.7,70,2026-05-22 06:31:01.150762
06:31:06,38.7,88,2026-05-22 06:31:06.184754
06:31:11,32.8,51,2026-05-22 06:31:11.239490
06:31:16,37.0,54,2026-05-22 06:31:16.284080
06:31:21,37.5,79,2026-05-22 06:31:21.342968
06:31:26,25.8,46,2026-05-22 06:31:26.389749
06:31:31,26.9,48,2026-05-22 06:31:31.419995
06:31:36,39.9,75,2026-05-22 06:31:36.459344
06:31:41,34.0,74,2026-05-22 06:31:41.500293
06:31:46,33.9,84,2026-05-22 06:31:46.538887
06:31:51,32.8,59,2026-05-22 06:31:51.588458
06:31:56,36.0,53,2026-05-22 06:31:56.641720
06:32:01,30.6,61,2026-05-22 06:32:01.681252
06:32:06,36.9,58,2026-05-22 06:32:06.718702
06:32:11,35.0,49,2026-05-22 06:32:11.753020
06:32:16,37.7,74,2026-05-22 06:32:16.785285
06:32:21,25.5,72,2026-05-22 06:32:21.831803
06:32:26,35.6,72,2026-05-22 06:32:26.899187
06:32:31,34.9,80,2026-05-22 06:32:31.942308
06:32:36,28.3,86,2026-05-22 06:32:36.981973
06:32:42,30.9,47,2026-05-22 06:32:42.122379
06:32:47,34.8,80,2026-05-22 06:32:47.155933
06:32:52,29.6,59,2026-05-22 06:32:52.184394
06:32:57,37.6,50,2026-05-22 06:32:57.218484
06:33:02,29.9,81,2026-05-22 06:33:02.278400
06:33:07,25.9,59,2026-05-22 06:33:07.317597
06:33:12,29.1,40,2026-05-22 06:33:12.351404
06:33:17,36.0,85,2026-05-22 06:33:17.392600
06:33:22,38.6,48,2026-05-22 06:33:22.463223
06:33:27,29.6,48,2026-05-22 06:33:27.504269
06:33:32,28.8,78,2026-05-22 06:33:32.544066
06:33:37,38.8,56,2026-05-22 06:33:37.583860
06:33:42,36.5,89,2026-05-22 06:33:42.624621
06:33:47,36.4,53,2026-05-22 06:33:47.680582
06:33:52,28.1,60,2026-05-22 06:33:52.726590
06:33:57,38.7,82,2026-05-22 06:33:57.760959
06:34:02,27.1,73,2026-05-22 06:34:02.796477
06:34:07,36.1,56,2026-05-22 06:34:07.833878
06:34:12,36.2,85,2026-05-22 06:34:12.880296
06:34:17,39.1,65,2026-05-22 06:34:17.925998
06:34:22,30.2,85,2026-05-22 06:34:22.970456
06:34:28,32.2,69,2026-05-22 06:34:28.005112
06:34:33,29.0,52,2026-05-22 06:34:33.046224
06:34:38,29.1,85,2026-05-22 06:34:38.097803
06:34:43,35.9,40,2026-05-22 06:34:43.148274
06:34:48,27.9,63,2026-05-22 06:34:48.200879
06:30:46,33.3,49,2026-05-22 06:30:46.038388
06:30:51,30.6,69,2026-05-22 06:30:51.083225
06:30:56,28.0,64,2026-05-22 06:30:56.121088
06:31:01,27.7,70,2026-05-22 06:31:01.150762
06:31:06,38.7,88,2026-05-22 06:31:06.184754
06:31:11,32.8,51,2026-05-22 06:31:11.239490
06:31:16,37.0,54,2026-05-22 06:31:16.284080
06:31:21,37.5,79,2026-05-22 06:31:21.342968
06:31:26,25.8,46,2026-05-22 06:31:26.389749
06:31:31,26.9,48,2026-05-22 06:31:31.419995
06:31:36,39.9,75,2026-05-22 06:31:36.459344
06:31:41,34.0,74,2026-05-22 06:31:41.500293
06:31:46,33.9,84,2026-05-22 06:31:46.538887
06:31:51,32.8,59,2026-05-22 06:31:51.588458
06:31:56,36.0,53,2026-05-22 06:31:56.641720
06:32:01,30.6,61,2026-05-22 06:32:01.681252
06:32:06,36.9,58,2026-05-22 06:32:06.718702
06:32:11,35.0,49,2026-05-22 06:32:11.753020
06:32:16,37.7,74,2026-05-22 06:32:16.785285
06:32:21,25.5,72,2026-05-22 06:32:21.831803
06:32:26,35.6,72,2026-05-22 06:32:26.899187
06:32:31,34.9,80,2026-05-22 06:32:31.942308
06:32:36,28.3,86,2026-05-22 06:32:36.981973
06:32:42,30.9,47,2026-05-22 06:32:42.122379
06:32:47,34.8,80,2026-05-22 06:32:47.155933
06:32:52,29.6,59,2026-05-22 06:32:52.184394
06:32:57,37.6,50,2026-05-22 06:32:57.218484
06:33:02,29.9,81,2026-05-22 06:33:02.278400
06:33:07,25.9,59,2026-05-22 06:33:07.317597
06:33:12,29.1,40,2026-05-22 06:33:12.351404
06:33:17,36.0,85,2026-05-22 06:33:17.392600
06:33:22,38.6,48,2026-05-22 06:33:22.463223
06:33:27,29.6,48,2026-05-22 06:33:27.504269
06:33:32,28.8,78,2026-05-22 06:33:32.544066
06:33:37,38.8,56,2026-05-22 06:33:37.583860
06:33:42,36.5,89,2026-05-22 06:33:42.624621
06:33:47,36.4,53,2026-05-22 06:33:47.680582
06:33:52,28.1,60,2026-05-22 06:33:52.726590
06:33:57,38.7,82,2026-05-22 06:33:57.760959
06:34:02,27.1,73,2026-05-22 06:34:02.796477
06:34:07,36.1,56,2026-05-22 06:34:07.833878
06:34:12,36.2,85,2026-05-22 06:34:12.880296
06:34:17,39.1,65,2026-05-22 06:34:17.925998
06:34:22,30.2,85,2026-05-22 06:34:22.970456
06:34:28,32.2,69,2026-05-22 06:34:28.005112
06:34:33,29.0,52,2026-05-22 06:34:33.046224
06:34:38,29.1,85,2026-05-22 06:34:38.097803
06:34:43,35.9,40,2026-05-22 06:34:43.148274
06:34:48,27.9,63,2026-05-22 06:34:48.200879
06:34:53,39.1,48,2026-05-22 06:34:53.253177
06:30:51,30.6,69,2026-05-22 06:30:51.083225
06:30:56,28.0,64,2026-05-22 06:30:56.121088
06:31:01,27.7,70,2026-05-22 06:31:01.150762
06:31:06,38.7,88,2026-05-22 06:31:06.184754
06:31:11,32.8,51,2026-05-22 06:31:11.239490
06:31:16,37.0,54,2026-05-22 06:31:16.284080
06:31:21,37.5,79,2026-05-22 06:31:21.342968
06:31:26,25.8,46,2026-05-22 06:31:26.389749
06:31:31,26.9,48,2026-05-22 06:31:31.419995
06:31:36,39.9,75,2026-05-22 06:31:36.459344
06:31:41,34.0,74,2026-05-22 06:31:41.500293
06:31:46,33.9,84,2026-05-22 06:31:46.538887
06:31:51,32.8,59,2026-05-22 06:31:51.588458
06:31:56,36.0,53,2026-05-22 06:31:56.641720
06:32:01,30.6,61,2026-05-22 06:32:01.681252
06:32:06,36.9,58,2026-05-22 06:32:06.718702
06:32:11,35.0,49,2026-05-22 06:32:11.753020
06:32:16,37.7,74,2026-05-22 06:32:16.785285
06:32:21,25.5,72,2026-05-22 06:32:21.831803
06:32:26,35.6,72,2026-05-22 06:32:26.899187
06:32:31,34.9,80,2026-05-22 06:32:31.942308
06:32:36,28.3,86,2026-05-22 06:32:36.981973
06:32:42,30.9,47,2026-05-22 06:32:42.122379
06:32:47,34.8,80,2026-05-22 06:32:47.155933
06:32:52,29.6,59,2026-05-22 06:32:52.184394
06:32:57,37.6,50,2026-05-22 06:32:57.218484
06:33:02,29.9,81,2026-05-22 06:33:02.278400
06:33:07,25.9,59,2026-05-22 06:33:07.317597
06:33:12,29.1,40,2026-05-22 06:33:12.351404
06:33:17,36.0,85,2026-05-22 06:33:17.392600
06:33:22,38.6,48,2026-05-22 06:33:22.463223
06:33:27,29.6,48,2026-05-22 06:33:27.504269
06:33:32,28.8,78,2026-05-22 06:33:32.544066
06:33:37,38.8,56,2026-05-22 06:33:37.583860
06:33:42,36.5,89,2026-05-22 06:33:42.624621
06:33:47,36.4,53,2026-05-22 06:33:47.680582
06:33:52,28.1,60,2026-05-22 06:33:52.726590
06:33:57,38.7,82,2026-05-22 06:33:57.760959
06:34:02,27.1,73,2026-05-22 06:34:02.796477
06:34:07,36.1,56,2026-05-22 06:34:07.833878
06:34:12,36.2,85,2026-05-22 06:34:12.880296
06:34:17,39.1,65,2026-05-22 06:34:17.925998
06:34:22,30.2,85,2026-05-22 06:34:22.970456
06:34:28,32.2,69,2026-05-22 06:34:28.005112
06:34:33,29.0,52,2026-05-22 06:34:33.046224
06:34:38,29.1,85,2026-05-22 06:34:38.097803
06:34:43,35.9,40,2026-05-22 06:34:43.148274
06:34:48,27.9,63,2026-05-22 06:34:48.200879
06:34:53,39.1,48,2026-05-22 06:34:53.253177
06:34:58,35.1,81,2026-05-22 06:34:58.325769
06:30:56,28.0,64,2026-05-22 06:30:56.121088
06:31:01,27.7,70,2026-05-22 06:31:01.150762
06:31:06,38.7,88,2026-05-22 06:31:06.184754
06:31:11,32.8,51,2026-05-22 06:31:11.239490
06:31:16,37.0,54,2026-05-22 06:31:16.284080
06:31:21,37.5,79,2026-05-22 06:31:21.342968
06:31:26,25.8,46,2026-05-22 06:31:26.389749
06:31:31,26.9,48,2026-05-22 06:31:31.419995
06:31:36,39.9,75,2026-05-22 06:31:36.459344
06:31:41,34.0,74,2026-05-22 06:31:41.500293
06:31:46,33.9,84,2026-05-22 06:31:46.538887
06:31:51,32.8,59,2026-05-22 06:31:51.588458
06:31:56,36.0,53,2026-05-22 06:31:56.641720
06:32:01,30.6,61,2026-05-22 06:32:01.681252
06:32:06,36.9,58,2026-05-22 06:32:06.718702
06:32:11,35.0,49,2026-05-22 06:32:11.753020
06:32:16,37.7,74,2026-05-22 06:32:16.785285
06:32:21,25.5,72,2026-05-22 06:32:21.831803
06:32:26,35.6,72,2026-05-22 06:32:26.899187
06:32:31,34.9,80,2026-05-22 06:32:31.942308
06:32:36,28.3,86,2026-05-22 06:32:36.981973
06:32:42,30.9,47,2026-05-22 06:32:42.122379
06:32:47,34.8,80,2026-05-22 06:32:47.155933
06:32:52,29.6,59,2026-05-22 06:32:52.184394
06:32:57,37.6,50,2026-05-22 06:32:57.218484
06:33:02,29.9,81,2026-05-22 06:33:02.278400
06:33:07,25.9,59,2026-05-22 06:33:07.317597
06:33:12,29.1,40,2026-05-22 06:33:12.351404
06:33:17,36.0,85,2026-05-22 06:33:17.392600
06:33:22,38.6,48,2026-05-22 06:33:22.463223
06:33:27,29.6,48,2026-05-22 06:33:27.504269
06:33:32,28.8,78,2026-05-22 06:33:32.544066
06:33:37,38.8,56,2026-05-22 06:33:37.583860
06:33:42,36.5,89,2026-05-22 06:33:42.624621
06:33:47,36.4,53,2026-05-22 06:33:47.680582
06:33:52,28.1,60,2026-05-22 06:33:52.726590
06:33:57,38.7,82,2026-05-22 06:33:57.760959
06:34:02,27.1,73,2026-05-22 06:34:02.796477
06:34:07,36.1,56,2026-05-22 06:34:07.833878
06:34:12,36.2,85,2026-05-22 06:34:12.880296
06:34:17,39.1,65,2026-05-22 06:34:17.925998
06:34:22,30.2,85,2026-05-22 06:34:22.970456
06:34:28,32.2,69,2026-05-22 06:34:28.005112
06:34:33,29.0,52,2026-05-22 06:34:33.046224
06:34:38,29.1,85,2026-05-22 06:34:38.097803
06:34:43,35.9,40,2026-05-22 06:34:43.148274
06:34:48,27.9,63,2026-05-22 06:34:48.200879
06:34:53,39.1,48,2026-05-22 06:34:53.253177
06:34:58,35.1,81,2026-05-22 06:34:58.325769
06:35:03,39.5,46,2026-05-22 06:35:03.371068
06:31:01,27.7,70,2026-05-22 06:31:01.150762
06:31:06,38.7,88,2026-05-22 06:31:06.184754
06:31:11,32.8,51,2026-05-22 06:31:11.239490
06:31:16,37.0,54,2026-05-22 06:31:16.284080
06:31:21,37.5,79,2026-05-22 06:31:21.342968
06:31:26,25.8,46,2026-05-22 06:31:26.389749
06:31:31,26.9,48,2026-05-22 06:31:31.419995
06:31:36,39.9,75,2026-05-22 06:31:36.459344
06:31:41,34.0,74,2026-05-22 06:31:41.500293
06:31:46,33.9,84,2026-05-22 06:31:46.538887
06:31:51,32.8,59,2026-05-22 06:31:51.588458
06:31:56,36.0,53,2026-05-22 06:31:56.641720
06:32:01,30.6,61,2026-05-22 06:32:01.681252
06:32:06,36.9,58,2026-05-22 06:32:06.718702
06:32:11,35.0,49,2026-05-22 06:32:11.753020
06:32:16,37.7,74,2026-05-22 06:32:16.785285
06:32:21,25.5,72,2026-05-22 06:32:21.831803
06:32:26,35.6,72,2026-05-22 06:32:26.899187
06:32:31,34.9,80,2026-05-22 06:32:31.942308
06:32:36,28.3,86,2026-05-22 06:32:36.981973
06:32:42,30.9,47,2026-05-22 06:32:42.122379
06:32:47,34.8,80,2026-05-22 06:32:47.155933
06:32:52,29.6,59,2026-05-22 06:32:52.184394
06:32:57,37.6,50,2026-05-22 06:32:57.218484
06:33:02,29.9,81,2026-05-22 06:33:02.278400
06:33:07,25.9,59,2026-05-22 06:33:07.317597
06:33:12,29.1,40,2026-05-22 06:33:12.351404
06:33:17,36.0,85,2026-05-22 06:33:17.392600
06:33:22,38.6,48,2026-05-22 06:33:22.463223
06:33:27,29.6,48,2026-05-22 06:33:27.504269
06:33:32,28.8,78,2026-05-22 06:33:32.544066
06:33:37,38.8,56,2026-05-22 06:33:37.583860
06:33:42,36.5,89,2026-05-22 06:33:42.624621
06:33:47,36.4,53,2026-05-22 06:33:47.680582
06:33:52,28.1,60,2026-05-22 06:33:52.726590
06:33:57,38.7,82,2026-05-22 06:33:57.760959
06:34:02,27.1,73,2026-05-22 06:34:02.796477
06:34:07,36.1,56,2026-05-22 06:34:07.833878
06:34:12,36.2,85,2026-05-22 06:34:12.880296
06:34:17,39.1,65,2026-05-22 06:34:17.925998
06:34:22,30.2,85,2026-05-22 06:34:22.970456
06:34:28,32.2,69,2026-05-22 06:34:28.005112
06:34:33,29.0,52,2026-05-22 06:34:33.046224
06:34:38,29.1,85,2026-05-22 06:34:38.097803
06:34:43,35.9,40,2026-05-22 06:34:43.148274
06:34:48,27.9,63,2026-05-22 06:34:48.200879
06:34:53,39.1,48,2026-05-22 06:34:53.253177
06:34:58,35.1,81,2026-05-22 06:34:58.325769
06:35:03,39.5,46,2026-05-22 06:35:03.371068
06:35:08,38.3,66,2026-05-22 06:35:08.415958
06:31:06,38.7,88,2026-05-22 06:31:06.184754
06:31:11,32.8,51,2026-05-22 06:31:11.239490
06:31:16,37.0,54,2026-05-22 06:31:16.284080
06:31:21,37.5,79,2026-05-22 06:31:21.342968
06:31:26,25.8,46,2026-05-22 06:31:26.389749
06:31:31,26.9,48,2026-05-22 06:31:31.419995
06:31:36,39.9,75,2026-05-22 06:31:36.459344
06:31:41,34.0,74,2026-05-22 06:31:41.500293
06:31:46,33.9,84,2026-05-22 06:31:46.538887
06:31:51,32.8,59,2026-05-22 06:31:51.588458
06:31:56,36.0,53,2026-05-22 06:31:56.641720
06:32:01,30.6,61,2026-05-22 06:32:01.681252
06:32:06,36.9,58,2026-05-22 06:32:06.718702
06:32:11,35.0,49,2026-05-22 06:32:11.753020
06:32:16,37.7,74,2026-05-22 06:32:16.785285
06:32:21,25.5,72,2026-05-22 06:32:21.831803
06:32:26,35.6,72,2026-05-22 06:32:26.899187
06:32:31,34.9,80,2026-05-22 06:32:31.942308
06:32:36,28.3,86,2026-05-22 06:32:36.981973
06:32:42,30.9,47,2026-05-22 06:32:42.122379
06:32:47,34.8,80,2026-05-22 06:32:47.155933
06:32:52,29.6,59,2026-05-22 06:32:52.184394
06:32:57,37.6,50,2026-05-22 06:32:57.218484
06:33:02,29.9,81,2026-05-22 06:33:02.278400
06:33:07,25.9,59,2026-05-22 06:33:07.317597
06:33:12,29.1,40,2026-05-22 06:33:12.351404
06:33:17,36.0,85,2026-05-22 06:33:17.392600
06:33:22,38.6,48,2026-05-22 06:33:22.463223
06:33:27,29.6,48,2026-05-22 06:33:27.504269
06:33:32,28.8,78,2026-05-22 06:33:32.544066
06:33:37,38.8,56,2026-05-22 06:33:37.583860
06:33:42,36.5,89,2026-05-22 06:33:42.624621
06:33:47,36.4,53,2026-05-22 06:33:47.680582
06:33:52,28.1,60,2026-05-22 06:33:52.726590
06:33:57,38.7,82,2026-05-22 06:33:57.760959
06:34:02,27.1,73,2026-05-22 06:34:02.796477
06:34:07,36.1,56,2026-05-22 06:34:07.833878
06:34:12,36.2,85,2026-05-22 06:34:12.880296
06:34:17,39.1,65,2026-05-22 06:34:17.925998
06:34:22,30.2,85,2026-05-22 06:34:22.970456
06:34:28,32.2,69,2026-05-22 06:34:28.005112
06:34:33,29.0,52,2026-05-22 06:34:33.046224
06:34:38,29.1,85,2026-05-22 06:34:38.097803
06:34:43,35.9,40,2026-05-22 06:34:43.148274
06:34:48,27.9,63,2026-05-22 06:34:48.200879
06:34:53,39.1,48,2026-05-22 06:34:53.253177
06:34:58,35.1,81,2026-05-22 06:34:58.325769
06:35:03,39.5,46,2026-05-22 06:35:03.371068
06:35:08,38.3,66,2026-05-22 06:35:08.415958
06:35:13,36.1,49,2026-05-22 06:35:13.473986
06:31:11,32.8,51,2026-05-22 06:31:11.239490
06:31:16,37.0,54,2026-05-22 06:31:16.284080
06:31:21,37.5,79,2026-05-22 06:31:21.342968
06:31:26,25.8,46,2026-05-22 06:31:26.389749
06:31:31,26.9,48,2026-05-22 06:31:31.419995
06:31:36,39.9,75,2026-05-22 06:31:36.459344
06:31:41,34.0,74,2026-05-22 06:31:41.500293
06:31:46,33.9,84,2026-05-22 06:31:46.538887
06:31:51,32.8,59,2026-05-22 06:31:51.588458
06:31:56,36.0,53,2026-05-22 06:31:56.641720
06:32:01,30.6,61,2026-05-22 06:32:01.681252
06:32:06,36.9,58,2026-05-22 06:32:06.718702
06:32:11,35.0,49,2026-05-22 06:32:11.753020
06:32:16,37.7,74,2026-05-22 06:32:16.785285
06:32:21,25.5,72,2026-05-22 06:32:21.831803
06:32:26,35.6,72,2026-05-22 06:32:26.899187
06:32:31,34.9,80,2026-05-22 06:32:31.942308
06:32:36,28.3,86,2026-05-22 06:32:36.981973
06:32:42,30.9,47,2026-05-22 06:32:42.122379
06:32:47,34.8,80,2026-05-22 06:32:47.155933
06:32:52,29.6,59,2026-05-22 06:32:52.184394
06:32:57,37.6,50,2026-05-22 06:32:57.218484
06:33:02,29.9,81,2026-05-22 06:33:02.278400
06:33:07,25.9,59,2026-05-22 06:33:07.317597
06:33:12,29.1,40,2026-05-22 06:33:12.351404
06:33:17,36.0,85,2026-05-22 06:33:17.392600
06:33:22,38.6,48,2026-05-22 06:33:22.463223
06:33:27,29.6,48,2026-05-22 06:33:27.504269
06:33:32,28.8,78,2026-05-22 06:33:32.544066
06:33:37,38.8,56,2026-05-22 06:33:37.583860
06:33:42,36.5,89,2026-05-22 06:33:42.624621
06:33:47,36.4,53,2026-05-22 06:33:47.680582
06:33:52,28.1,60,2026-05-22 06:33:52.726590
06:33:57,38.7,82,2026-05-22 06:33:57.760959
06:34:02,27.1,73,2026-05-22 06:34:02.796477
06:34:07,36.1,56,2026-05-22 06:34:07.833878
06:34:12,36.2,85,2026-05-22 06:34:12.880296
06:34:17,39.1,65,2026-05-22 06:34:17.925998
06:34:22,30.2,85,2026-05-22 06:34:22.970456
06:34:28,32.2,69,2026-05-22 06:34:28.005112
06:34:33,29.0,52,2026-05-22 06:34:33.046224
06:34:38,29.1,85,2026-05-22 06:34:38.097803
06:34:43,35.9,40,2026-05-22 06:34:43.148274
06:34:48,27.9,63,2026-05-22 06:34:48.200879
06:34:53,39.1,48,2026-05-22 06:34:53.253177
06:34:58,35.1,81,2026-05-22 06:34:58.325769
06:35:03,39.5,46,2026-05-22 06:35:03.371068
06:35:08,38.3,66,2026-05-22 06:35:08.415958
06:35:13,36.1,49,2026-05-22 06:35:13.473986
06:35:18,36.5,63,2026-05-22 06:35:18.549204
06:31:16,37.0,54,2026-05-22 06:31:16.284080
06:31:21,37.5,79,2026-05-22 06:31:21.342968
06:31:26,25.8,46,2026-05-22 06:31:26.389749
06:31:31,26.9,48,2026-05-22 06:31:31.419995
06:31:36,39.9,75,2026-05-22 06:31:36.459344
06:31:41,34.0,74,2026-05-22 06:31:41.500293
06:31:46,33.9,84,2026-05-22 06:31:46.538887
06:31:51,32.8,59,2026-05-22 06:31:51.588458
06:31:56,36.0,53,2026-05-22 06:31:56.641720
06:32:01,30.6,61,2026-05-22 06:32:01.681252
06:32:06,36.9,58,2026-05-22 06:32:06.718702
06:32:11,35.0,49,2026-05-22 06:32:11.753020
06:32:16,37.7,74,2026-05-22 06:32:16.785285
06:32:21,25.5,72,2026-05-22 06:32:21.831803
06:32:26,35.6,72,2026-05-22 06:32:26.899187
06:32:31,34.9,80,2026-05-22 06:32:31.942308
06:32:36,28.3,86,2026-05-22 06:32:36.981973
06:32:42,30.9,47,2026-05-22 06:32:42.122379
06:32:47,34.8,80,2026-05-22 06:32:47.155933
06:32:52,29.6,59,2026-05-22 06:32:52.184394
06:32:57,37.6,50,2026-05-22 06:32:57.218484
06:33:02,29.9,81,2026-05-22 06:33:02.278400
06:33:07,25.9,59,2026-05-22 06:33:07.317597
06:33:12,29.1,40,2026-05-22 06:33:12.351404
06:33:17,36.0,85,2026-05-22 06:33:17.392600
06:33:22,38.6,48,2026-05-22 06:33:22.463223
06:33:27,29.6,48,2026-05-22 06:33:27.504269
06:33:32,28.8,78,2026-05-22 06:33:32.544066
06:33:37,38.8,56,2026-05-22 06:33:37.583860
06:33:42,36.5,89,2026-05-22 06:33:42.624621
06:33:47,36.4,53,2026-05-22 06:33:47.680582
06:33:52,28.1,60,2026-05-22 06:33:52.726590
06:33:57,38.7,82,2026-05-22 06:33:57.760959
06:34:02,27.1,73,2026-05-22 06:34:02.796477
06:34:07,36.1,56,2026-05-22 06:34:07.833878
06:34:12,36.2,85,2026-05-22 06:34:12.880296
06:34:17,39.1,65,2026-05-22 06:34:17.925998
06:34:22,30.2,85,2026-05-22 06:34:22.970456
06:34:28,32.2,69,2026-05-22 06:34:28.005112
06:34:33,29.0,52,2026-05-22 06:34:33.046224
06:34:38,29.1,85,2026-05-22 06:34:38.097803
06:34:43,35.9,40,2026-05-22 06:34:43.148274
06:34:48,27.9,63,2026-05-22 06:34:48.200879
06:34:53,39.1,48,2026-05-22 06:34:53.253177
06:34:58,35.1,81,2026-05-22 06:34:58.325769
06:35:03,39.5,46,2026-05-22 06:35:03.371068
06:35:08,38.3,66,2026-05-22 06:35:08.415958
06:35:13,36.1,49,2026-05-22 06:35:13.473986
06:35:18,36.5,63,2026-05-22 06:35:18.549204
06:35:23,28.8,52,2026-05-22 06:35:23.615646
06:31:21,37.5,79,2026-05-22 06:31:21.342968
06:31:26,25.8,46,2026-05-22 06:31:26.389749
06:31:31,26.9,48,2026-05-22 06:31:31.419995
06:31:36,39.9,75,2026-05-22 06:31:36.459344
06:31:41,34.0,74,2026-05-22 06:31:41.500293
06:31:46,33.9,84,2026-05-22 06:31:46.538887
06:31:51,32.8,59,2026-05-22 06:31:51.588458
06:31:56,36.0,53,2026-05-22 06:31:56.641720
06:32:01,30.6,61,2026-05-22 06:32:01.681252
06:32:06,36.9,58,2026-05-22 06:32:06.718702
06:32:11,35.0,49,2026-05-22 06:32:11.753020
06:32:16,37.7,74,2026-05-22 06:32:16.785285
06:32:21,25.5,72,2026-05-22 06:32:21.831803
06:32:26,35.6,72,2026-05-22 06:32:26.899187
06:32:31,34.9,80,2026-05-22 06:32:31.942308
06:32:36,28.3,86,2026-05-22 06:32:36.981973
06:32:42,30.9,47,2026-05-22 06:32:42.122379
06:32:47,34.8,80,2026-05-22 06:32:47.155933
06:32:52,29.6,59,2026-05-22 06:32:52.184394
06:32:57,37.6,50,2026-05-22 06:32:57.218484
06:33:02,29.9,81,2026-05-22 06:33:02.278400
06:33:07,25.9,59,2026-05-22 06:33:07.317597
06:33:12,29.1,40,2026-05-22 06:33:12.351404
06:33:17,36.0,85,2026-05-22 06:33:17.392600
06:33:22,38.6,48,2026-05-22 06:33:22.463223
06:33:27,29.6,48,2026-05-22 06:33:27.504269
06:33:32,28.8,78,2026-05-22 06:33:32.544066
06:33:37,38.8,56,2026-05-22 06:33:37.583860
06:33:42,36.5,89,2026-05-22 06:33:42.624621
06:33:47,36.4,53,2026-05-22 06:33:47.680582
06:33:52,28.1,60,2026-05-22 06:33:52.726590
06:33:57,38.7,82,2026-05-22 06:33:57.760959
06:34:02,27.1,73,2026-05-22 06:34:02.796477
06:34:07,36.1,56,2026-05-22 06:34:07.833878
06:34:12,36.2,85,2026-05-22 06:34:12.880296
06:34:17,39.1,65,2026-05-22 06:34:17.925998
06:34:22,30.2,85,2026-05-22 06:34:22.970456
06:34:28,32.2,69,2026-05-22 06:34:28.005112
06:34:33,29.0,52,2026-05-22 06:34:33.046224
06:34:38,29.1,85,2026-05-22 06:34:38.097803
06:34:43,35.9,40,2026-05-22 06:34:43.148274
06:34:48,27.9,63,2026-05-22 06:34:48.200879
06:34:53,39.1,48,2026-05-22 06:34:53.253177
06:34:58,35.1,81,2026-05-22 06:34:58.325769
06:35:03,39.5,46,2026-05-22 06:35:03.371068
06:35:08,38.3,66,2026-05-22 06:35:08.415958
06:35:13,36.1,49,2026-05-22 06:35:13.473986
06:35:18,36.5,63,2026-05-22 06:35:18.549204
06:35:23,28.8,52,2026-05-22 06:35:23.615646
06:35:28,32.7,43,2026-05-22 06:35:28.668498
06:31:26,25.8,46,2026-05-22 06:31:26.389749
06:31:31,26.9,48,2026-05-22 06:31:31.419995
06:31:36,39.9,75,2026-05-22 06:31:36.459344
06:31:41,34.0,74,2026-05-22 06:31:41.500293
06:31:46,33.9,84,2026-05-22 06:31:46.538887
06:31:51,32.8,59,2026-05-22 06:31:51.588458
06:31:56,36.0,53,2026-05-22 06:31:56.641720
06:32:01,30.6,61,2026-05-22 06:32:01.681252
06:32:06,36.9,58,2026-05-22 06:32:06.718702
06:32:11,35.0,49,2026-05-22 06:32:11.753020
06:32:16,37.7,74,2026-05-22 06:32:16.785285
06:32:21,25.5,72,2026-05-22 06:32:21.831803
06:32:26,35.6,72,2026-05-22 06:32:26.899187
06:32:31,34.9,80,2026-05-22 06:32:31.942308
06:32:36,28.3,86,2026-05-22 06:32:36.981973
06:32:42,30.9,47,2026-05-22 06:32:42.122379
06:32:47,34.8,80,2026-05-22 06:32:47.155933
06:32:52,29.6,59,2026-05-22 06:32:52.184394
06:32:57,37.6,50,2026-05-22 06:32:57.218484
06:33:02,29.9,81,2026-05-22 06:33:02.278400
06:33:07,25.9,59,2026-05-22 06:33:07.317597
06:33:12,29.1,40,2026-05-22 06:33:12.351404
06:33:17,36.0,85,2026-05-22 06:33:17.392600
06:33:22,38.6,48,2026-05-22 06:33:22.463223
06:33:27,29.6,48,2026-05-22 06:33:27.504269
06:33:32,28.8,78,2026-05-22 06:33:32.544066
06:33:37,38.8,56,2026-05-22 06:33:37.583860
06:33:42,36.5,89,2026-05-22 06:33:42.624621
06:33:47,36.4,53,2026-05-22 06:33:47.680582
06:33:52,28.1,60,2026-05-22 06:33:52.726590
06:33:57,38.7,82,2026-05-22 06:33:57.760959
06:34:02,27.1,73,2026-05-22 06:34:02.796477
06:34:07,36.1,56,2026-05-22 06:34:07.833878
06:34:12,36.2,85,2026-05-22 06:34:12.880296
06:34:17,39.1,65,2026-05-22 06:34:17.925998
06:34:22,30.2,85,2026-05-22 06:34:22.970456
06:34:28,32.2,69,2026-05-22 06:34:28.005112
06:34:33,29.0,52,2026-05-22 06:34:33.046224
06:34:38,29.1,85,2026-05-22 06:34:38.097803
06:34:43,35.9,40,2026-05-22 06:34:43.148274
06:34:48,27.9,63,2026-05-22 06:34:48.200879
06:34:53,39.1,48,2026-05-22 06:34:53.253177
06:34:58,35.1,81,2026-05-22 06:34:58.325769
06:35:03,39.5,46,2026-05-22 06:35:03.371068
06:35:08,38.3,66,2026-05-22 06:35:08.415958
06:35:13,36.1,49,2026-05-22 06:35:13.473986
06:35:18,36.5,63,2026-05-22 06:35:18.549204
06:35:23,28.8,52,2026-05-22 06:35:23.615646
06:35:28,32.7,43,2026-05-22 06:35:28.668498
06:35:33,29.7,60,2026-05-22 06:35:33.712523
06:31:31,26.9,48,2026-05-22 06:31:31.419995
06:31:36,39.9,75,2026-05-22 06:31:36.459344
06:31:41,34.0,74,2026-05-22 06:31:41.500293
06:31:46,33.9,84,2026-05-22 06:31:46.538887
06:31:51,32.8,59,2026-05-22 06:31:51.588458
06:31:56,36.0,53,2026-05-22 06:31:56.641720
06:32:01,30.6,61,2026-05-22 06:32:01.681252
06:32:06,36.9,58,2026-05-22 06:32:06.718702
06:32:11,35.0,49,2026-05-22 06:32:11.753020
06:32:16,37.7,74,2026-05-22 06:32:16.785285
06:32:21,25.5,72,2026-05-22 06:32:21.831803
06:32:26,35.6,72,2026-05-22 06:32:26.899187
06:32:31,34.9,80,2026-05-22 06:32:31.942308
06:32:36,28.3,86,2026-05-22 06:32:36.981973
06:32:42,30.9,47,2026-05-22 06:32:42.122379
06:32:47,34.8,80,2026-05-22 06:32:47.155933
06:32:52,29.6,59,2026-05-22 06:32:52.184394
06:32:57,37.6,50,2026-05-22 06:32:57.218484
06:33:02,29.9,81,2026-05-22 06:33:02.278400
06:33:07,25.9,59,2026-05-22 06:33:07.317597
06:33:12,29.1,40,2026-05-22 06:33:12.351404
06:33:17,36.0,85,2026-05-22 06:33:17.392600
06:33:22,38.6,48,2026-05-22 06:33:22.463223
06:33:27,29.6,48,2026-05-22 06:33:27.504269
06:33:32,28.8,78,2026-05-22 06:33:32.544066
06:33:37,38.8,56,2026-05-22 06:33:37.583860
06:33:42,36.5,89,2026-05-22 06:33:42.624621
06:33:47,36.4,53,2026-05-22 06:33:47.680582
06:33:52,28.1,60,2026-05-22 06:33:52.726590
06:33:57,38.7,82,2026-05-22 06:33:57.760959
06:34:02,27.1,73,2026-05-22 06:34:02.796477
06:34:07,36.1,56,2026-05-22 06:34:07.833878
06:34:12,36.2,85,2026-05-22 06:34:12.880296
06:34:17,39.1,65,2026-05-22 06:34:17.925998
06:34:22,30.2,85,2026-05-22 06:34:22.970456
06:34:28,32.2,69,2026-05-22 06:34:28.005112
06:34:33,29.0,52,2026-05-22 06:34:33.046224
06:34:38,29.1,85,2026-05-22 06:34:38.097803
06:34:43,35.9,40,2026-05-22 06:34:43.148274
06:34:48,27.9,63,2026-05-22 06:34:48.200879
06:34:53,39.1,48,2026-05-22 06:34:53.253177
06:34:58,35.1,81,2026-05-22 06:34:58.325769
06:35:03,39.5,46,2026-05-22 06:35:03.371068
06:35:08,38.3,66,2026-05-22 06:35:08.415958
06:35:13,36.1,49,2026-05-22 06:35:13.473986
06:35:18,36.5,63,2026-05-22 06:35:18.549204
06:35:23,28.8,52,2026-05-22 06:35:23.615646
06:35:28,32.7,43,2026-05-22 06:35:28.668498
06:35:33,29.7,60,2026-05-22 06:35:33.712523
06:35:38,37.0,74,2026-05-22 06:35:38.754401
06:31:36,39.9,75,2026-05-22 06:31:36.459344
06:31:41,34.0,74,2026-05-22 06:31:41.500293
06:31:46,33.9,84,2026-05-22 06:31:46.538887
06:31:51,32.8,59,2026-05-22 06:31:51.588458
06:31:56,36.0,53,2026-05-22 06:31:56.641720
06:32:01,30.6,61,2026-05-22 06:32:01.681252
06:32:06,36.9,58,2026-05-22 06:32:06.718702
06:32:11,35.0,49,2026-05-22 06:32:11.753020
06:32:16,37.7,74,2026-05-22 06:32:16.785285
06:32:21,25.5,72,2026-05-22 06:32:21.831803
06:32:26,35.6,72,2026-05-22 06:32:26.899187
06:32:31,34.9,80,2026-05-22 06:32:31.942308
06:32:36,28.3,86,2026-05-22 06:32:36.981973
06:32:42,30.9,47,2026-05-22 06:32:42.122379
06:32:47,34.8,80,2026-05-22 06:32:47.155933
06:32:52,29.6,59,2026-05-22 06:32:52.184394
06:32:57,37.6,50,2026-05-22 06:32:57.218484
06:33:02,29.9,81,2026-05-22 06:33:02.278400
06:33:07,25.9,59,2026-05-22 06:33:07.317597
06:33:12,29.1,40,2026-05-22 06:33:12.351404
06:33:17,36.0,85,2026-05-22 06:33:17.392600
06:33:22,38.6,48,2026-05-22 06:33:22.463223
06:33:27,29.6,48,2026-05-22 06:33:27.504269
06:33:32,28.8,78,2026-05-22 06:33:32.544066
06:33:37,38.8,56,2026-05-22 06:33:37.583860
06:33:42,36.5,89,2026-05-22 06:33:42.624621
06:33:47,36.4,53,2026-05-22 06:33:47.680582
06:33:52,28.1,60,2026-05-22 06:33:52.726590
06:33:57,38.7,82,2026-05-22 06:33:57.760959
06:34:02,27.1,73,2026-05-22 06:34:02.796477
06:34:07,36.1,56,2026-05-22 06:34:07.833878
06:34:12,36.2,85,2026-05-22 06:34:12.880296
06:34:17,39.1,65,2026-05-22 06:34:17.925998
06:34:22,30.2,85,2026-05-22 06:34:22.970456
06:34:28,32.2,69,2026-05-22 06:34:28.005112
06:34:33,29.0,52,2026-05-22 06:34:33.046224
06:34:38,29.1,85,2026-05-22 06:34:38.097803
06:34:43,35.9,40,2026-05-22 06:34:43.148274
06:34:48,27.9,63,2026-05-22 06:34:48.200879
06:34:53,39.1,48,2026-05-22 06:34:53.253177
06:34:58,35.1,81,2026-05-22 06:34:58.325769
06:35:03,39.5,46,2026-05-22 06:35:03.371068
06:35:08,38.3,66,2026-05-22 06:35:08.415958
06:35:13,36.1,49,2026-05-22 06:35:13.473986
06:35:18,36.5,63,2026-05-22 06:35:18.549204
06:35:23,28.8,52,2026-05-22 06:35:23.615646
06:35:28,32.7,43,2026-05-22 06:35:28.668498
06:35:33,29.7,60,2026-05-22 06:35:33.712523
06:35:38,37.0,74,2026-05-22 06:35:38.754401
06:35:43,32.9,83,2026-05-22 06:35:43.800995
06:31:41,34.0,74,2026-05-22 06:31:41.500293
06:31:46,33.9,84,2026-05-22 06:31:46.538887
06:31:51,32.8,59,2026-05-22 06:31:51.588458
06:31:56,36.0,53,2026-05-22 06:31:56.641720
06:32:01,30.6,61,2026-05-22 06:32:01.681252
06:32:06,36.9,58,2026-05-22 06:32:06.718702
06:32:11,35.0,49,2026-05-22 06:32:11.753020
06:32:16,37.7,74,2026-05-22 06:32:16.785285
06:32:21,25.5,72,2026-05-22 06:32:21.831803
06:32:26,35.6,72,2026-05-22 06:32:26.899187
06:32:31,34.9,80,2026-05-22 06:32:31.942308
06:32:36,28.3,86,2026-05-22 06:32:36.981973
06:32:42,30.9,47,2026-05-22 06:32:42.122379
06:32:47,34.8,80,2026-05-22 06:32:47.155933
06:32:52,29.6,59,2026-05-22 06:32:52.184394
06:32:57,37.6,50,2026-05-22 06:32:57.218484
06:33:02,29.9,81,2026-05-22 06:33:02.278400
06:33:07,25.9,59,2026-05-22 06:33:07.317597
06:33:12,29.1,40,2026-05-22 06:33:12.351404
06:33:17,36.0,85,2026-05-22 06:33:17.392600
06:33:22,38.6,48,2026-05-22 06:33:22.463223
06:33:27,29.6,48,2026-05-22 06:33:27.504269
06:33:32,28.8,78,2026-05-22 06:33:32.544066
06:33:37,38.8,56,2026-05-22 06:33:37.583860
06:33:42,36.5,89,2026-05-22 06:33:42.624621
06:33:47,36.4,53,2026-05-22 06:33:47.680582
06:33:52,28.1,60,2026-05-22 06:33:52.726590
06:33:57,38.7,82,2026-05-22 06:33:57.760959
06:34:02,27.1,73,2026-05-22 06:34:02.796477
06:34:07,36.1,56,2026-05-22 06:34:07.833878
06:34:12,36.2,85,2026-05-22 06:34:12.880296
06:34:17,39.1,65,2026-05-22 06:34:17.925998
06:34:22,30.2,85,2026-05-22 06:34:22.970456
06:34:28,32.2,69,2026-05-22 06:34:28.005112
06:34:33,29.0,52,2026-05-22 06:34:33.046224
06:34:38,29.1,85,2026-05-22 06:34:38.097803
06:34:43,35.9,40,2026-05-22 06:34:43.148274
06:34:48,27.9,63,2026-05-22 06:34:48.200879
06:34:53,39.1,48,2026-05-22 06:34:53.253177
06:34:58,35.1,81,2026-05-22 06:34:58.325769
06:35:03,39.5,46,2026-05-22 06:35:03.371068
06:35:08,38.3,66,2026-05-22 06:35:08.415958
06:35:13,36.1,49,2026-05-22 06:35:13.473986
06:35:18,36.5,63,2026-05-22 06:35:18.549204
06:35:23,28.8,52,2026-05-22 06:35:23.615646
06:35:28,32.7,43,2026-05-22 06:35:28.668498
06:35:33,29.7,60,2026-05-22 06:35:33.712523
06:35:38,37.0,74,2026-05-22 06:35:38.754401
06:35:43,32.9,83,2026-05-22 06:35:43.800995
06:35:48,37.8,77,2026-05-22 06:35:48.838346
06:31:46,33.9,84,2026-05-22 06:31:46.538887
06:31:51,32.8,59,2026-05-22 06:31:51.588458
06:31:56,36.0,53,2026-05-22 06:31:56.641720
06:32:01,30.6,61,2026-05-22 06:32:01.681252
06:32:06,36.9,58,2026-05-22 06:32:06.718702
06:32:11,35.0,49,2026-05-22 06:32:11.753020
06:32:16,37.7,74,2026-05-22 06:32:16.785285
06:32:21,25.5,72,2026-05-22 06:32:21.831803
06:32:26,35.6,72,2026-05-22 06:32:26.899187
06:32:31,34.9,80,2026-05-22 06:32:31.942308
06:32:36,28.3,86,2026-05-22 06:32:36.981973
06:32:42,30.9,47,2026-05-22 06:32:42.122379
06:32:47,34.8,80,2026-05-22 06:32:47.155933
06:32:52,29.6,59,2026-05-22 06:32:52.184394
06:32:57,37.6,50,2026-05-22 06:32:57.218484
06:33:02,29.9,81,2026-05-22 06:33:02.278400
06:33:07,25.9,59,2026-05-22 06:33:07.317597
06:33:12,29.1,40,2026-05-22 06:33:12.351404
06:33:17,36.0,85,2026-05-22 06:33:17.392600
06:33:22,38.6,48,2026-05-22 06:33:22.463223
06:33:27,29.6,48,2026-05-22 06:33:27.504269
06:33:32,28.8,78,2026-05-22 06:33:32.544066
06:33:37,38.8,56,2026-05-22 06:33:37.583860
06:33:42,36.5,89,2026-05-22 06:33:42.624621
06:33:47,36.4,53,2026-05-22 06:33:47.680582
06:33:52,28.1,60,2026-05-22 06:33:52.726590
06:33:57,38.7,82,2026-05-22 06:33:57.760959
06:34:02,27.1,73,2026-05-22 06:34:02.796477
06:34:07,36.1,56,2026-05-22 06:34:07.833878
06:34:12,36.2,85,2026-05-22 06:34:12.880296
06:34:17,39.1,65,2026-05-22 06:34:17.925998
06:34:22,30.2,85,2026-05-22 06:34:22.970456
06:34:28,32.2,69,2026-05-22 06:34:28.005112
06:34:33,29.0,52,2026-05-22 06:34:33.046224
06:34:38,29.1,85,2026-05-22 06:34:38.097803
06:34:43,35.9,40,2026-05-22 06:34:43.148274
06:34:48,27.9,63,2026-05-22 06:34:48.200879
06:34:53,39.1,48,2026-05-22 06:34:53.253177
06:34:58,35.1,81,2026-05-22 06:34:58.325769
06:35:03,39.5,46,2026-05-22 06:35:03.371068
06:35:08,38.3,66,2026-05-22 06:35:08.415958
06:35:13,36.1,49,2026-05-22 06:35:13.473986
06:35:18,36.5,63,2026-05-22 06:35:18.549204
06:35:23,28.8,52,2026-05-22 06:35:23.615646
06:35:28,32.7,43,2026-05-22 06:35:28.668498
06:35:33,29.7,60,2026-05-22 06:35:33.712523
06:35:38,37.0,74,2026-05-22 06:35:38.754401
06:35:43,32.9,83,2026-05-22 06:35:43.800995
06:35:48,37.8,77,2026-05-22 06:35:48.838346
06:35:53,29.7,52,2026-05-22 06:35:53.879675
06:31:51,32.8,59,2026-05-22 06:31:51.588458
06:31:56,36.0,53,2026-05-22 06:31:56.641720
06:32:01,30.6,61,2026-05-22 06:32:01.681252
06:32:06,36.9,58,2026-05-22 06:32:06.718702
06:32:11,35.0,49,2026-05-22 06:32:11.753020
06:32:16,37.7,74,2026-05-22 06:32:16.785285
06:32:21,25.5,72,2026-05-22 06:32:21.831803
06:32:26,35.6,72,2026-05-22 06:32:26.899187
06:32:31,34.9,80,2026-05-22 06:32:31.942308
06:32:36,28.3,86,2026-05-22 06:32:36.981973
06:32:42,30.9,47,2026-05-22 06:32:42.122379
06:32:47,34.8,80,2026-05-22 06:32:47.155933
06:32:52,29.6,59,2026-05-22 06:32:52.184394
06:32:57,37.6,50,2026-05-22 06:32:57.218484
06:33:02,29.9,81,2026-05-22 06:33:02.278400
06:33:07,25.9,59,2026-05-22 06:33:07.317597
06:33:12,29.1,40,2026-05-22 06:33:12.351404
06:33:17,36.0,85,2026-05-22 06:33:17.392600
06:33:22,38.6,48,2026-05-22 06:33:22.463223
06:33:27,29.6,48,2026-05-22 06:33:27.504269
06:33:32,28.8,78,2026-05-22 06:33:32.544066
06:33:37,38.8,56,2026-05-22 06:33:37.583860
06:33:42,36.5,89,2026-05-22 06:33:42.624621
06:33:47,36.4,53,2026-05-22 06:33:47.680582
06:33:52,28.1,60,2026-05-22 06:33:52.726590
06:33:57,38.7,82,2026-05-22 06:33:57.760959
06:34:02,27.1,73,2026-05-22 06:34:02.796477
06:34:07,36.1,56,2026-05-22 06:34:07.833878
06:34:12,36.2,85,2026-05-22 06:34:12.880296
06:34:17,39.1,65,2026-05-22 06:34:17.925998
06:34:22,30.2,85,2026-05-22 06:34:22.970456
06:34:28,32.2,69,2026-05-22 06:34:28.005112
06:34:33,29.0,52,2026-05-22 06:34:33.046224
06:34:38,29.1,85,2026-05-22 06:34:38.097803
06:34:43,35.9,40,2026-05-22 06:34:43.148274
06:34:48,27.9,63,2026-05-22 06:34:48.200879
06:34:53,39.1,48,2026-05-22 06:34:53.253177
06:34:58,35.1,81,2026-05-22 06:34:58.325769
06:35:03,39.5,46,2026-05-22 06:35:03.371068
06:35:08,38.3,66,2026-05-22 06:35:08.415958
06:35:13,36.1,49,2026-05-22 06:35:13.473986
06:35:18,36.5,63,2026-05-22 06:35:18.549204
06:35:23,28.8,52,2026-05-22 06:35:23.615646
06:35:28,32.7,43,2026-05-22 06:35:28.668498
06:35:33,29.7,60,2026-05-22 06:35:33.712523
06:35:38,37.0,74,2026-05-22 06:35:38.754401
06:35:43,32.9,83,2026-05-22 06:35:43.800995
06:35:48,37.8,77,2026-05-22 06:35:48.838346
06:35:53,29.7,52,2026-05-22 06:35:53.879675
06:35:58,31.3,42,2026-05-22 06:35:58.930842
06:31:56,36.0,53,2026-05-22 06:31:56.641720
06:32:01,30.6,61,2026-05-22 06:32:01.681252
06:32:06,36.9,58,2026-05-22 06:32:06.718702
06:32:11,35.0,49,2026-05-22 06:32:11.753020
06:32:16,37.7,74,2026-05-22 06:32:16.785285
06:32:21,25.5,72,2026-05-22 06:32:21.831803
06:32:26,35.6,72,2026-05-22 06:32:26.899187
06:32:31,34.9,80,2026-05-22 06:32:31.942308
06:32:36,28.3,86,2026-05-22 06:32:36.981973
06:32:42,30.9,47,2026-05-22 06:32:42.122379
06:32:47,34.8,80,2026-05-22 06:32:47.155933
06:32:52,29.6,59,2026-05-22 06:32:52.184394
06:32:57,37.6,50,2026-05-22 06:32:57.218484
06:33:02,29.9,81,2026-05-22 06:33:02.278400
06:33:07,25.9,59,2026-05-22 06:33:07.317597
06:33:12,29.1,40,2026-05-22 06:33:12.351404
06:33:17,36.0,85,2026-05-22 06:33:17.392600
06:33:22,38.6,48,2026-05-22 06:33:22.463223
06:33:27,29.6,48,2026-05-22 06:33:27.504269
06:33:32,28.8,78,2026-05-22 06:33:32.544066
06:33:37,38.8,56,2026-05-22 06:33:37.583860
06:33:42,36.5,89,2026-05-22 06:33:42.624621
06:33:47,36.4,53,2026-05-22 06:33:47.680582
06:33:52,28.1,60,2026-05-22 06:33:52.726590
06:33:57,38.7,82,2026-05-22 06:33:57.760959
06:34:02,27.1,73,2026-05-22 06:34:02.796477
06:34:07,36.1,56,2026-05-22 06:34:07.833878
06:34:12,36.2,85,2026-05-22 06:34:12.880296
06:34:17,39.1,65,2026-05-22 06:34:17.925998
06:34:22,30.2,85,2026-05-22 06:34:22.970456
06:34:28,32.2,69,2026-05-22 06:34:28.005112
06:34:33,29.0,52,2026-05-22 06:34:33.046224
06:34:38,29.1,85,2026-05-22 06:34:38.097803
06:34:43,35.9,40,2026-05-22 06:34:43.148274
06:34:48,27.9,63,2026-05-22 06:34:48.200879
06:34:53,39.1,48,2026-05-22 06:34:53.253177
06:34:58,35.1,81,2026-05-22 06:34:58.325769
06:35:03,39.5,46,2026-05-22 06:35:03.371068
06:35:08,38.3,66,2026-05-22 06:35:08.415958
06:35:13,36.1,49,2026-05-22 06:35:13.473986
06:35:18,36.5,63,2026-05-22 06:35:18.549204
06:35:23,28.8,52,2026-05-22 06:35:23.615646
06:35:28,32.7,43,2026-05-22 06:35:28.668498
06:35:33,29.7,60,2026-05-22 06:35:33.712523
06:35:38,37.0,74,2026-05-22 06:35:38.754401
06:35:43,32.9,83,2026-05-22 06:35:43.800995
06:35:48,37.8,77,2026-05-22 06:35:48.838346
06:35:53,29.7,52,2026-05-22 06:35:53.879675
06:35:58,31.3,42,2026-05-22 06:35:58.930842
06:36:03,38.0,70,2026-05-22 06:36:03.971185
06:32:01,30.6,61,2026-05-22 06:32:01.681252
06:32:06,36.9,58,2026-05-22 06:32:06.718702
06:32:11,35.0,49,2026-05-22 06:32:11.753020
06:32:16,37.7,74,2026-05-22 06:32:16.785285
06:32:21,25.5,72,2026-05-22 06:32:21.831803
06:32:26,35.6,72,2026-05-22 06:32:26.899187
06:32:31,34.9,80,2026-05-22 06:32:31.942308
06:32:36,28.3,86,2026-05-22 06:32:36.981973
06:32:42,30.9,47,2026-05-22 06:32:42.122379
06:32:47,34.8,80,2026-05-22 06:32:47.155933
06:32:52,29.6,59,2026-05-22 06:32:52.184394
06:32:57,37.6,50,2026-05-22 06:32:57.218484
06:33:02,29.9,81,2026-05-22 06:33:02.278400
06:33:07,25.9,59,2026-05-22 06:33:07.317597
06:33:12,29.1,40,2026-05-22 06:33:12.351404
06:33:17,36.0,85,2026-05-22 06:33:17.392600
06:33:22,38.6,48,2026-05-22 06:33:22.463223
06:33:27,29.6,48,2026-05-22 06:33:27.504269
06:33:32,28.8,78,2026-05-22 06:33:32.544066
06:33:37,38.8,56,2026-05-22 06:33:37.583860
06:33:42,36.5,89,2026-05-22 06:33:42.624621
06:33:47,36.4,53,2026-05-22 06:33:47.680582
06:33:52,28.1,60,2026-05-22 06:33:52.726590
06:33:57,38.7,82,2026-05-22 06:33:57.760959
06:34:02,27.1,73,2026-05-22 06:34:02.796477
06:34:07,36.1,56,2026-05-22 06:34:07.833878
06:34:12,36.2,85,2026-05-22 06:34:12.880296
06:34:17,39.1,65,2026-05-22 06:34:17.925998
06:34:22,30.2,85,2026-05-22 06:34:22.970456
06:34:28,32.2,69,2026-05-22 06:34:28.005112
06:34:33,29.0,52,2026-05-22 06:34:33.046224
06:34:38,29.1,85,2026-05-22 06:34:38.097803
06:34:43,35.9,40,2026-05-22 06:34:43.148274
06:34:48,27.9,63,2026-05-22 06:34:48.200879
06:34:53,39.1,48,2026-05-22 06:34:53.253177
06:34:58,35.1,81,2026-05-22 06:34:58.325769
06:35:03,39.5,46,2026-05-22 06:35:03.371068
06:35:08,38.3,66,2026-05-22 06:35:08.415958
06:35:13,36.1,49,2026-05-22 06:35:13.473986
06:35:18,36.5,63,2026-05-22 06:35:18.549204
06:35:23,28.8,52,2026-05-22 06:35:23.615646
06:35:28,32.7,43,2026-05-22 06:35:28.668498
06:35:33,29.7,60,2026-05-22 06:35:33.712523
06:35:38,37.0,74,2026-05-22 06:35:38.754401
06:35:43,32.9,83,2026-05-22 06:35:43.800995
06:35:48,37.8,77,2026-05-22 06:35:48.838346
06:35:53,29.7,52,2026-05-22 06:35:53.879675
06:35:58,31.3,42,2026-05-22 06:35:58.930842
06:36:03,38.0,70,2026-05-22 06:36:03.971185
06:36:09,30.3,72,2026-05-22 06:36:09.003284
06:32:06,36.9,58,2026-05-22 06:32:06.718702
06:32:11,35.0,49,2026-05-22 06:32:11.753020
06:32:16,37.7,74,2026-05-22 06:32:16.785285
06:32:21,25.5,72,2026-05-22 06:32:21.831803
06:32:26,35.6,72,2026-05-22 06:32:26.899187
06:32:31,34.9,80,2026-05-22 06:32:31.942308
06:32:36,28.3,86,2026-05-22 06:32:36.981973
06:32:42,30.9,47,2026-05-22 06:32:42.122379
06:32:47,34.8,80,2026-05-22 06:32:47.155933
06:32:52,29.6,59,2026-05-22 06:32:52.184394
06:32:57,37.6,50,2026-05-22 06:32:57.218484
06:33:02,29.9,81,2026-05-22 06:33:02.278400
06:33:07,25.9,59,2026-05-22 06:33:07.317597
06:33:12,29.1,40,2026-05-22 06:33:12.351404
06:33:17,36.0,85,2026-05-22 06:33:17.392600
06:33:22,38.6,48,2026-05-22 06:33:22.463223
06:33:27,29.6,48,2026-05-22 06:33:27.504269
06:33:32,28.8,78,2026-05-22 06:33:32.544066
06:33:37,38.8,56,2026-05-22 06:33:37.583860
06:33:42,36.5,89,2026-05-22 06:33:42.624621
06:33:47,36.4,53,2026-05-22 06:33:47.680582
06:33:52,28.1,60,2026-05-22 06:33:52.726590
06:33:57,38.7,82,2026-05-22 06:33:57.760959
06:34:02,27.1,73,2026-05-22 06:34:02.796477
06:34:07,36.1,56,2026-05-22 06:34:07.833878
06:34:12,36.2,85,2026-05-22 06:34:12.880296
06:34:17,39.1,65,2026-05-22 06:34:17.925998
06:34:22,30.2,85,2026-05-22 06:34:22.970456
06:34:28,32.2,69,2026-05-22 06:34:28.005112
06:34:33,29.0,52,2026-05-22 06:34:33.046224
06:34:38,29.1,85,2026-05-22 06:34:38.097803
06:34:43,35.9,40,2026-05-22 06:34:43.148274
06:34:48,27.9,63,2026-05-22 06:34:48.200879
06:34:53,39.1,48,2026-05-22 06:34:53.253177
06:34:58,35.1,81,2026-05-22 06:34:58.325769
06:35:03,39.5,46,2026-05-22 06:35:03.371068
06:35:08,38.3,66,2026-05-22 06:35:08.415958
06:35:13,36.1,49,2026-05-22 06:35:13.473986
06:35:18,36.5,63,2026-05-22 06:35:18.549204
06:35:23,28.8,52,2026-05-22 06:35:23.615646
06:35:28,32.7,43,2026-05-22 06:35:28.668498
06:35:33,29.7,60,2026-05-22 06:35:33.712523
06:35:38,37.0,74,2026-05-22 06:35:38.754401
06:35:43,32.9,83,2026-05-22 06:35:43.800995
06:35:48,37.8,77,2026-05-22 06:35:48.838346
06:35:53,29.7,52,2026-05-22 06:35:53.879675
06:35:58,31.3,42,2026-05-22 06:35:58.930842
06:36:03,38.0,70,2026-05-22 06:36:03.971185
06:36:09,30.3,72,2026-05-22 06:36:09.003284
06:36:14,31.3,89,2026-05-22 06:36:14.041694
06:32:11,35.0,49,2026-05-22 06:32:11.753020
06:32:16,37.7,74,2026-05-22 06:32:16.785285
06:32:21,25.5,72,2026-05-22 06:32:21.831803
06:32:26,35.6,72,2026-05-22 06:32:26.899187
06:32:31,34.9,80,2026-05-22 06:32:31.942308
06:32:36,28.3,86,2026-05-22 06:32:36.981973
06:32:42,30.9,47,2026-05-22 06:32:42.122379
06:32:47,34.8,80,2026-05-22 06:32:47.155933
06:32:52,29.6,59,2026-05-22 06:32:52.184394
06:32:57,37.6,50,2026-05-22 06:32:57.218484
06:33:02,29.9,81,2026-05-22 06:33:02.278400
06:33:07,25.9,59,2026-05-22 06:33:07.317597
06:33:12,29.1,40,2026-05-22 06:33:12.351404
06:33:17,36.0,85,2026-05-22 06:33:17.392600
06:33:22,38.6,48,2026-05-22 06:33:22.463223
06:33:27,29.6,48,2026-05-22 06:33:27.504269
06:33:32,28.8,78,2026-05-22 06:33:32.544066
06:33:37,38.8,56,2026-05-22 06:33:37.583860
06:33:42,36.5,89,2026-05-22 06:33:42.624621
06:33:47,36.4,53,2026-05-22 06:33:47.680582
06:33:52,28.1,60,2026-05-22 06:33:52.726590
06:33:57,38.7,82,2026-05-22 06:33:57.760959
06:34:02,27.1,73,2026-05-22 06:34:02.796477
06:34:07,36.1,56,2026-05-22 06:34:07.833878
06:34:12,36.2,85,2026-05-22 06:34:12.880296
06:34:17,39.1,65,2026-05-22 06:34:17.925998
06:34:22,30.2,85,2026-05-22 06:34:22.970456
06:34:28,32.2,69,2026-05-22 06:34:28.005112
06:34:33,29.0,52,2026-05-22 06:34:33.046224
06:34:38,29.1,85,2026-05-22 06:34:38.097803
06:34:43,35.9,40,2026-05-22 06:34:43.148274
06:34:48,27.9,63,2026-05-22 06:34:48.200879
06:34:53,39.1,48,2026-05-22 06:34:53.253177
06:34:58,35.1,81,2026-05-22 06:34:58.325769
06:35:03,39.5,46,2026-05-22 06:35:03.371068
06:35:08,38.3,66,2026-05-22 06:35:08.415958
06:35:13,36.1,49,2026-05-22 06:35:13.473986
06:35:18,36.5,63,2026-05-22 06:35:18.549204
06:35:23,28.8,52,2026-05-22 06:35:23.615646
06:35:28,32.7,43,2026-05-22 06:35:28.668498
06:35:33,29.7,60,2026-05-22 06:35:33.712523
06:35:38,37.0,74,2026-05-22 06:35:38.754401
06:35:43,32.9,83,2026-05-22 06:35:43.800995
06:35:48,37.8,77,2026-05-22 06:35:48.838346
06:35:53,29.7,52,2026-05-22 06:35:53.879675
06:35:58,31.3,42,2026-05-22 06:35:58.930842
06:36:03,38.0,70,2026-05-22 06:36:03.971185
06:36:09,30.3,72,2026-05-22 06:36:09.003284
06:36:14,31.3,89,2026-05-22 06:36:14.041694
06:36:19,30.6,86,2026-05-22 06:36:19.087936
06:32:16,37.7,74,2026-05-22 06:32:16.785285
06:32:21,25.5,72,2026-05-22 06:32:21.831803
06:32:26,35.6,72,2026-05-22 06:32:26.899187
06:32:31,34.9,80,2026-05-22 06:32:31.942308
06:32:36,28.3,86,2026-05-22 06:32:36.981973
06:32:42,30.9,47,2026-05-22 06:32:42.122379
06:32:47,34.8,80,2026-05-22 06:32:47.155933
06:32:52,29.6,59,2026-05-22 06:32:52.184394
06:32:57,37.6,50,2026-05-22 06:32:57.218484
06:33:02,29.9,81,2026-05-22 06:33:02.278400
06:33:07,25.9,59,2026-05-22 06:33:07.317597
06:33:12,29.1,40,2026-05-22 06:33:12.351404
06:33:17,36.0,85,2026-05-22 06:33:17.392600
06:33:22,38.6,48,2026-05-22 06:33:22.463223
06:33:27,29.6,48,2026-05-22 06:33:27.504269
06:33:32,28.8,78,2026-05-22 06:33:32.544066
06:33:37,38.8,56,2026-05-22 06:33:37.583860
06:33:42,36.5,89,2026-05-22 06:33:42.624621
06:33:47,36.4,53,2026-05-22 06:33:47.680582
06:33:52,28.1,60,2026-05-22 06:33:52.726590
06:33:57,38.7,82,2026-05-22 06:33:57.760959
06:34:02,27.1,73,2026-05-22 06:34:02.796477
06:34:07,36.1,56,2026-05-22 06:34:07.833878
06:34:12,36.2,85,2026-05-22 06:34:12.880296
06:34:17,39.1,65,2026-05-22 06:34:17.925998
06:34:22,30.2,85,2026-05-22 06:34:22.970456
06:34:28,32.2,69,2026-05-22 06:34:28.005112
06:34:33,29.0,52,2026-05-22 06:34:33.046224
06:34:38,29.1,85,2026-05-22 06:34:38.097803
06:34:43,35.9,40,2026-05-22 06:34:43.148274
06:34:48,27.9,63,2026-05-22 06:34:48.200879
06:34:53,39.1,48,2026-05-22 06:34:53.253177
06:34:58,35.1,81,2026-05-22 06:34:58.325769
06:35:03,39.5,46,2026-05-22 06:35:03.371068
06:35:08,38.3,66,2026-05-22 06:35:08.415958
06:35:13,36.1,49,2026-05-22 06:35:13.473986
06:35:18,36.5,63,2026-05-22 06:35:18.549204
06:35:23,28.8,52,2026-05-22 06:35:23.615646
06:35:28,32.7,43,2026-05-22 06:35:28.668498
06:35:33,29.7,60,2026-05-22 06:35:33.712523
06:35:38,37.0,74,2026-05-22 06:35:38.754401
06:35:43,32.9,83,2026-05-22 06:35:43.800995
06:35:48,37.8,77,2026-05-22 06:35:48.838346
06:35:53,29.7,52,2026-05-22 06:35:53.879675
06:35:58,31.3,42,2026-05-22 06:35:58.930842
06:36:03,38.0,70,2026-05-22 06:36:03.971185
06:36:09,30.3,72,2026-05-22 06:36:09.003284
06:36:14,31.3,89,2026-05-22 06:36:14.041694
06:36:19,30.6,86,2026-05-22 06:36:19.087936
06:36:24,30.2,77,2026-05-22 06:36:24.132133
06:32:21,25.5,72,2026-05-22 06:32:21.831803
06:32:26,35.6,72,2026-05-22 06:32:26.899187
06:32:31,34.9,80,2026-05-22 06:32:31.942308
06:32:36,28.3,86,2026-05-22 06:32:36.981973
06:32:42,30.9,47,2026-05-22 06:32:42.122379
06:32:47,34.8,80,2026-05-22 06:32:47.155933
06:32:52,29.6,59,2026-05-22 06:32:52.184394
06:32:57,37.6,50,2026-05-22 06:32:57.218484
06:33:02,29.9,81,2026-05-22 06:33:02.278400
06:33:07,25.9,59,2026-05-22 06:33:07.317597
06:33:12,29.1,40,2026-05-22 06:33:12.351404
06:33:17,36.0,85,2026-05-22 06:33:17.392600
06:33:22,38.6,48,2026-05-22 06:33:22.463223
06:33:27,29.6,48,2026-05-22 06:33:27.504269
06:33:32,28.8,78,2026-05-22 06:33:32.544066
06:33:37,38.8,56,2026-05-22 06:33:37.583860
06:33:42,36.5,89,2026-05-22 06:33:42.624621
06:33:47,36.4,53,2026-05-22 06:33:47.680582
06:33:52,28.1,60,2026-05-22 06:33:52.726590
06:33:57,38.7,82,2026-05-22 06:33:57.760959
06:34:02,27.1,73,2026-05-22 06:34:02.796477
06:34:07,36.1,56,2026-05-22 06:34:07.833878
06:34:12,36.2,85,2026-05-22 06:34:12.880296
06:34:17,39.1,65,2026-05-22 06:34:17.925998
06:34:22,30.2,85,2026-05-22 06:34:22.970456
06:34:28,32.2,69,2026-05-22 06:34:28.005112
06:34:33,29.0,52,2026-05-22 06:34:33.046224
06:34:38,29.1,85,2026-05-22 06:34:38.097803
06:34:43,35.9,40,2026-05-22 06:34:43.148274
06:34:48,27.9,63,2026-05-22 06:34:48.200879
06:34:53,39.1,48,2026-05-22 06:34:53.253177
06:34:58,35.1,81,2026-05-22 06:34:58.325769
06:35:03,39.5,46,2026-05-22 06:35:03.371068
06:35:08,38.3,66,2026-05-22 06:35:08.415958
06:35:13,36.1,49,2026-05-22 06:35:13.473986
06:35:18,36.5,63,2026-05-22 06:35:18.549204
06:35:23,28.8,52,2026-05-22 06:35:23.615646
06:35:28,32.7,43,2026-05-22 06:35:28.668498
06:35:33,29.7,60,2026-05-22 06:35:33.712523
06:35:38,37.0,74,2026-05-22 06:35:38.754401
06:35:43,32.9,83,2026-05-22 06:35:43.800995
06:35:48,37.8,77,2026-05-22 06:35:48.838346
06:35:53,29.7,52,2026-05-22 06:35:53.879675
06:35:58,31.3,42,2026-05-22 06:35:58.930842
06:36:03,38.0,70,2026-05-22 06:36:03.971185
06:36:09,30.3,72,2026-05-22 06:36:09.003284
06:36:14,31.3,89,2026-05-22 06:36:14.041694
06:36:19,30.6,86,2026-05-22 06:36:19.087936
06:36:24,30.2,77,2026-05-22 06:36:24.132133
06:36:29,32.7,50,2026-05-22 06:36:29.178944
06:32:26,35.6,72,2026-05-22 06:32:26.899187
06:32:31,34.9,80,2026-05-22 06:32:31.942308
06:32:36,28.3,86,2026-05-22 06:32:36.981973
06:32:42,30.9,47,2026-05-22 06:32:42.122379
06:32:47,34.8,80,2026-05-22 06:32:47.155933
06:32:52,29.6,59,2026-05-22 06:32:52.184394
06:32:57,37.6,50,2026-05-22 06:32:57.218484
06:33:02,29.9,81,2026-05-22 06:33:02.278400
06:33:07,25.9,59,2026-05-22 06:33:07.317597
06:33:12,29.1,40,2026-05-22 06:33:12.351404
06:33:17,36.0,85,2026-05-22 06:33:17.392600
06:33:22,38.6,48,2026-05-22 06:33:22.463223
06:33:27,29.6,48,2026-05-22 06:33:27.504269
06:33:32,28.8,78,2026-05-22 06:33:32.544066
06:33:37,38.8,56,2026-05-22 06:33:37.583860
06:33:42,36.5,89,2026-05-22 06:33:42.624621
06:33:47,36.4,53,2026-05-22 06:33:47.680582
06:33:52,28.1,60,2026-05-22 06:33:52.726590
06:33:57,38.7,82,2026-05-22 06:33:57.760959
06:34:02,27.1,73,2026-05-22 06:34:02.796477
06:34:07,36.1,56,2026-05-22 06:34:07.833878
06:34:12,36.2,85,2026-05-22 06:34:12.880296
06:34:17,39.1,65,2026-05-22 06:34:17.925998
06:34:22,30.2,85,2026-05-22 06:34:22.970456
06:34:28,32.2,69,2026-05-22 06:34:28.005112
06:34:33,29.0,52,2026-05-22 06:34:33.046224
06:34:38,29.1,85,2026-05-22 06:34:38.097803
06:34:43,35.9,40,2026-05-22 06:34:43.148274
06:34:48,27.9,63,2026-05-22 06:34:48.200879
06:34:53,39.1,48,2026-05-22 06:34:53.253177
06:34:58,35.1,81,2026-05-22 06:34:58.325769
06:35:03,39.5,46,2026-05-22 06:35:03.371068
06:35:08,38.3,66,2026-05-22 06:35:08.415958
06:35:13,36.1,49,2026-05-22 06:35:13.473986
06:35:18,36.5,63,2026-05-22 06:35:18.549204
06:35:23,28.8,52,2026-05-22 06:35:23.615646
06:35:28,32.7,43,2026-05-22 06:35:28.668498
06:35:33,29.7,60,2026-05-22 06:35:33.712523
06:35:38,37.0,74,2026-05-22 06:35:38.754401
06:35:43,32.9,83,2026-05-22 06:35:43.800995
06:35:48,37.8,77,2026-05-22 06:35:48.838346
06:35:53,29.7,52,2026-05-22 06:35:53.879675
06:35:58,31.3,42,2026-05-22 06:35:58.930842
06:36:03,38.0,70,2026-05-22 06:36:03.971185
06:36:09,30.3,72,2026-05-22 06:36:09.003284
06:36:14,31.3,89,2026-05-22 06:36:14.041694
06:36:19,30.6,86,2026-05-22 06:36:19.087936
06:36:24,30.2,77,2026-05-22 06:36:24.132133
06:36:29,32.7,50,2026-05-22 06:36:29.178944
06:36:34,27.7,60,2026-05-22 06:36:34.215619
06:32:31,34.9,80,2026-05-22 06:32:31.942308
06:32:36,28.3,86,2026-05-22 06:32:36.981973
06:32:42,30.9,47,2026-05-22 06:32:42.122379
06:32:47,34.8,80,2026-05-22 06:32:47.155933
06:32:52,29.6,59,2026-05-22 06:32:52.184394
06:32:57,37.6,50,2026-05-22 06:32:57.218484
06:33:02,29.9,81,2026-05-22 06:33:02.278400
06:33:07,25.9,59,2026-05-22 06:33:07.317597
06:33:12,29.1,40,2026-05-22 06:33:12.351404
06:33:17,36.0,85,2026-05-22 06:33:17.392600
06:33:22,38.6,48,2026-05-22 06:33:22.463223
06:33:27,29.6,48,2026-05-22 06:33:27.504269
06:33:32,28.8,78,2026-05-22 06:33:32.544066
06:33:37,38.8,56,2026-05-22 06:33:37.583860
06:33:42,36.5,89,2026-05-22 06:33:42.624621
06:33:47,36.4,53,2026-05-22 06:33:47.680582
06:33:52,28.1,60,2026-05-22 06:33:52.726590
06:33:57,38.7,82,2026-05-22 06:33:57.760959
06:34:02,27.1,73,2026-05-22 06:34:02.796477
06:34:07,36.1,56,2026-05-22 06:34:07.833878
06:34:12,36.2,85,2026-05-22 06:34:12.880296
06:34:17,39.1,65,2026-05-22 06:34:17.925998
06:34:22,30.2,85,2026-05-22 06:34:22.970456
06:34:28,32.2,69,2026-05-22 06:34:28.005112
06:34:33,29.0,52,2026-05-22 06:34:33.046224
06:34:38,29.1,85,2026-05-22 06:34:38.097803
06:34:43,35.9,40,2026-05-22 06:34:43.148274
06:34:48,27.9,63,2026-05-22 06:34:48.200879
06:34:53,39.1,48,2026-05-22 06:34:53.253177
06:34:58,35.1,81,2026-05-22 06:34:58.325769
06:35:03,39.5,46,2026-05-22 06:35:03.371068
06:35:08,38.3,66,2026-05-22 06:35:08.415958
06:35:13,36.1,49,2026-05-22 06:35:13.473986
06:35:18,36.5,63,2026-05-22 06:35:18.549204
06:35:23,28.8,52,2026-05-22 06:35:23.615646
06:35:28,32.7,43,2026-05-22 06:35:28.668498
06:35:33,29.7,60,2026-05-22 06:35:33.712523
06:35:38,37.0,74,2026-05-22 06:35:38.754401
06:35:43,32.9,83,2026-05-22 06:35:43.800995
06:35:48,37.8,77,2026-05-22 06:35:48.838346
06:35:53,29.7,52,2026-05-22 06:35:53.879675
06:35:58,31.3,42,2026-05-22 06:35:58.930842
06:36:03,38.0,70,2026-05-22 06:36:03.971185
06:36:09,30.3,72,2026-05-22 06:36:09.003284
06:36:14,31.3,89,2026-05-22 06:36:14.041694
06:36:19,30.6,86,2026-05-22 06:36:19.087936
06:36:24,30.2,77,2026-05-22 06:36:24.132133
06:36:29,32.7,50,2026-05-22 06:36:29.178944
06:36:34,27.7,60,2026-05-22 06:36:34.215619
06:36:39,28.6,50,2026-05-22 06:36:39.256637
06:32:36,28.3,86,2026-05-22 06:32:36.981973
06:32:42,30.9,47,2026-05-22 06:32:42.122379
06:32:47,34.8,80,2026-05-22 06:32:47.155933
06:32:52,29.6,59,2026-05-22 06:32:52.184394
06:32:57,37.6,50,2026-05-22 06:32:57.218484
06:33:02,29.9,81,2026-05-22 06:33:02.278400
06:33:07,25.9,59,2026-05-22 06:33:07.317597
06:33:12,29.1,40,2026-05-22 06:33:12.351404
06:33:17,36.0,85,2026-05-22 06:33:17.392600
06:33:22,38.6,48,2026-05-22 06:33:22.463223
06:33:27,29.6,48,2026-05-22 06:33:27.504269
06:33:32,28.8,78,2026-05-22 06:33:32.544066
06:33:37,38.8,56,2026-05-22 06:33:37.583860
06:33:42,36.5,89,2026-05-22 06:33:42.624621
06:33:47,36.4,53,2026-05-22 06:33:47.680582
06:33:52,28.1,60,2026-05-22 06:33:52.726590
06:33:57,38.7,82,2026-05-22 06:33:57.760959
06:34:02,27.1,73,2026-05-22 06:34:02.796477
06:34:07,36.1,56,2026-05-22 06:34:07.833878
06:34:12,36.2,85,2026-05-22 06:34:12.880296
06:34:17,39.1,65,2026-05-22 06:34:17.925998
06:34:22,30.2,85,2026-05-22 06:34:22.970456
06:34:28,32.2,69,2026-05-22 06:34:28.005112
06:34:33,29.0,52,2026-05-22 06:34:33.046224
06:34:38,29.1,85,2026-05-22 06:34:38.097803
06:34:43,35.9,40,2026-05-22 06:34:43.148274
06:34:48,27.9,63,2026-05-22 06:34:48.200879
06:34:53,39.1,48,2026-05-22 06:34:53.253177
06:34:58,35.1,81,2026-05-22 06:34:58.325769
06:35:03,39.5,46,2026-05-22 06:35:03.371068
06:35:08,38.3,66,2026-05-22 06:35:08.415958
06:35:13,36.1,49,2026-05-22 06:35:13.473986
06:35:18,36.5,63,2026-05-22 06:35:18.549204
06:35:23,28.8,52,2026-05-22 06:35:23.615646
06:35:28,32.7,43,2026-05-22 06:35:28.668498
06:35:33,29.7,60,2026-05-22 06:35:33.712523
06:35:38,37.0,74,2026-05-22 06:35:38.754401
06:35:43,32.9,83,2026-05-22 06:35:43.800995
06:35:48,37.8,77,2026-05-22 06:35:48.838346
06:35:53,29.7,52,2026-05-22 06:35:53.879675
06:35:58,31.3,42,2026-05-22 06:35:58.930842
06:36:03,38.0,70,2026-05-22 06:36:03.971185
06:36:09,30.3,72,2026-05-22 06:36:09.003284
06:36:14,31.3,89,2026-05-22 06:36:14.041694
06:36:19,30.6,86,2026-05-22 06:36:19.087936
06:36:24,30.2,77,2026-05-22 06:36:24.132133
06:36:29,32.7,50,2026-05-22 06:36:29.178944
06:36:34,27.7,60,2026-05-22 06:36:34.215619
06:36:39,28.6,50,2026-05-22 06:36:39.256637
06:36:44,33.0,61,2026-05-22 06:36:44.303107
06:32:42,30.9,47,2026-05-22 06:32:42.122379
06:32:47,34.8,80,2026-05-22 06:32:47.155933
06:32:52,29.6,59,2026-05-22 06:32:52.184394
06:32:57,37.6,50,2026-05-22 06:32:57.218484
06:33:02,29.9,81,2026-05-22 06:33:02.278400
06:33:07,25.9,59,2026-05-22 06:33:07.317597
06:33:12,29.1,40,2026-05-22 06:33:12.351404
06:33:17,36.0,85,2026-05-22 06:33:17.392600
06:33:22,38.6,48,2026-05-22 06:33:22.463223
06:33:27,29.6,48,2026-05-22 06:33:27.504269
06:33:32,28.8,78,2026-05-22 06:33:32.544066
06:33:37,38.8,56,2026-05-22 06:33:37.583860
06:33:42,36.5,89,2026-05-22 06:33:42.624621
06:33:47,36.4,53,2026-05-22 06:33:47.680582
06:33:52,28.1,60,2026-05-22 06:33:52.726590
06:33:57,38.7,82,2026-05-22 06:33:57.760959
06:34:02,27.1,73,2026-05-22 06:34:02.796477
06:34:07,36.1,56,2026-05-22 06:34:07.833878
06:34:12,36.2,85,2026-05-22 06:34:12.880296
06:34:17,39.1,65,2026-05-22 06:34:17.925998
06:34:22,30.2,85,2026-05-22 06:34:22.970456
06:34:28,32.2,69,2026-05-22 06:34:28.005112
06:34:33,29.0,52,2026-05-22 06:34:33.046224
06:34:38,29.1,85,2026-05-22 06:34:38.097803
06:34:43,35.9,40,2026-05-22 06:34:43.148274
06:34:48,27.9,63,2026-05-22 06:34:48.200879
06:34:53,39.1,48,2026-05-22 06:34:53.253177
06:34:58,35.1,81,2026-05-22 06:34:58.325769
06:35:03,39.5,46,2026-05-22 06:35:03.371068
06:35:08,38.3,66,2026-05-22 06:35:08.415958
06:35:13,36.1,49,2026-05-22 06:35:13.473986
06:35:18,36.5,63,2026-05-22 06:35:18.549204
06:35:23,28.8,52,2026-05-22 06:35:23.615646
06:35:28,32.7,43,2026-05-22 06:35:28.668498
06:35:33,29.7,60,2026-05-22 06:35:33.712523
06:35:38,37.0,74,2026-05-22 06:35:38.754401
06:35:43,32.9,83,2026-05-22 06:35:43.800995
06:35:48,37.8,77,2026-05-22 06:35:48.838346
06:35:53,29.7,52,2026-05-22 06:35:53.879675
06:35:58,31.3,42,2026-05-22 06:35:58.930842
06:36:03,38.0,70,2026-05-22 06:36:03.971185
06:36:09,30.3,72,2026-05-22 06:36:09.003284
06:36:14,31.3,89,2026-05-22 06:36:14.041694
06:36:19,30.6,86,2026-05-22 06:36:19.087936
06:36:24,30.2,77,2026-05-22 06:36:24.132133
06:36:29,32.7,50,2026-05-22 06:36:29.178944
06:36:34,27.7,60,2026-05-22 06:36:34.215619
06:36:39,28.6,50,2026-05-22 06:36:39.256637
06:36:44,33.0,61,2026-05-22 06:36:44.303107
06:36:49,40.0,51,2026-05-22 06:36:49.343521
06:32:47,34.8,80,2026-05-22 06:32:47.155933
06:32:52,29.6,59,2026-05-22 06:32:52.184394
06:32:57,37.6,50,2026-05-22 06:32:57.218484
06:33:02,29.9,81,2026-05-22 06:33:02.278400
06:33:07,25.9,59,2026-05-22 06:33:07.317597
06:33:12,29.1,40,2026-05-22 06:33:12.351404
06:33:17,36.0,85,2026-05-22 06:33:17.392600
06:33:22,38.6,48,2026-05-22 06:33:22.463223
06:33:27,29.6,48,2026-05-22 06:33:27.504269
06:33:32,28.8,78,2026-05-22 06:33:32.544066
06:33:37,38.8,56,2026-05-22 06:33:37.583860
06:33:42,36.5,89,2026-05-22 06:33:42.624621
06:33:47,36.4,53,2026-05-22 06:33:47.680582
06:33:52,28.1,60,2026-05-22 06:33:52.726590
06:33:57,38.7,82,2026-05-22 06:33:57.760959
06:34:02,27.1,73,2026-05-22 06:34:02.796477
06:34:07,36.1,56,2026-05-22 06:34:07.833878
06:34:12,36.2,85,2026-05-22 06:34:12.880296
06:34:17,39.1,65,2026-05-22 06:34:17.925998
06:34:22,30.2,85,2026-05-22 06:34:22.970456
06:34:28,32.2,69,2026-05-22 06:34:28.005112
06:34:33,29.0,52,2026-05-22 06:34:33.046224
06:34:38,29.1,85,2026-05-22 06:34:38.097803
06:34:43,35.9,40,2026-05-22 06:34:43.148274
06:34:48,27.9,63,2026-05-22 06:34:48.200879
06:34:53,39.1,48,2026-05-22 06:34:53.253177
06:34:58,35.1,81,2026-05-22 06:34:58.325769
06:35:03,39.5,46,2026-05-22 06:35:03.371068
06:35:08,38.3,66,2026-05-22 06:35:08.415958
06:35:13,36.1,49,2026-05-22 06:35:13.473986
06:35:18,36.5,63,2026-05-22 06:35:18.549204
06:35:23,28.8,52,2026-05-22 06:35:23.615646
06:35:28,32.7,43,2026-05-22 06:35:28.668498
06:35:33,29.7,60,2026-05-22 06:35:33.712523
06:35:38,37.0,74,2026-05-22 06:35:38.754401
06:35:43,32.9,83,2026-05-22 06:35:43.800995
06:35:48,37.8,77,2026-05-22 06:35:48.838346
06:35:53,29.7,52,2026-05-22 06:35:53.879675
06:35:58,31.3,42,2026-05-22 06:35:58.930842
06:36:03,38.0,70,2026-05-22 06:36:03.971185
06:36:09,30.3,72,2026-05-22 06:36:09.003284
06:36:14,31.3,89,2026-05-22 06:36:14.041694
06:36:19,30.6,86,2026-05-22 06:36:19.087936
06:36:24,30.2,77,2026-05-22 06:36:24.132133
06:36:29,32.7,50,2026-05-22 06:36:29.178944
06:36:34,27.7,60,2026-05-22 06:36:34.215619
06:36:39,28.6,50,2026-05-22 06:36:39.256637
06:36:44,33.0,61,2026-05-22 06:36:44.303107
06:36:49,40.0,51,2026-05-22 06:36:49.343521
06:36:54,26.5,71,2026-05-22 06:36:54.391548
06:32:52,29.6,59,2026-05-22 06:32:52.184394
06:32:57,37.6,50,2026-05-22 06:32:57.218484
06:33:02,29.9,81,2026-05-22 06:33:02.278400
06:33:07,25.9,59,2026-05-22 06:33:07.317597
06:33:12,29.1,40,2026-05-22 06:33:12.351404
06:33:17,36.0,85,2026-05-22 06:33:17.392600
06:33:22,38.6,48,2026-05-22 06:33:22.463223
06:33:27,29.6,48,2026-05-22 06:33:27.504269
06:33:32,28.8,78,2026-05-22 06:33:32.544066
06:33:37,38.8,56,2026-05-22 06:33:37.583860
06:33:42,36.5,89,2026-05-22 06:33:42.624621
06:33:47,36.4,53,2026-05-22 06:33:47.680582
06:33:52,28.1,60,2026-05-22 06:33:52.726590
06:33:57,38.7,82,2026-05-22 06:33:57.760959
06:34:02,27.1,73,2026-05-22 06:34:02.796477
06:34:07,36.1,56,2026-05-22 06:34:07.833878
06:34:12,36.2,85,2026-05-22 06:34:12.880296
06:34:17,39.1,65,2026-05-22 06:34:17.925998
06:34:22,30.2,85,2026-05-22 06:34:22.970456
06:34:28,32.2,69,2026-05-22 06:34:28.005112
06:34:33,29.0,52,2026-05-22 06:34:33.046224
06:34:38,29.1,85,2026-05-22 06:34:38.097803
06:34:43,35.9,40,2026-05-22 06:34:43.148274
06:34:48,27.9,63,2026-05-22 06:34:48.200879
06:34:53,39.1,48,2026-05-22 06:34:53.253177
06:34:58,35.1,81,2026-05-22 06:34:58.325769
06:35:03,39.5,46,2026-05-22 06:35:03.371068
06:35:08,38.3,66,2026-05-22 06:35:08.415958
06:35:13,36.1,49,2026-05-22 06:35:13.473986
06:35:18,36.5,63,2026-05-22 06:35:18.549204
06:35:23,28.8,52,2026-05-22 06:35:23.615646
06:35:28,32.7,43,2026-05-22 06:35:28.668498
06:35:33,29.7,60,2026-05-22 06:35:33.712523
06:35:38,37.0,74,2026-05-22 06:35:38.754401
06:35:43,32.9,83,2026-05-22 06:35:43.800995
06:35:48,37.8,77,2026-05-22 06:35:48.838346
06:35:53,29.7,52,2026-05-22 06:35:53.879675
06:35:58,31.3,42,2026-05-22 06:35:58.930842
06:36:03,38.0,70,2026-05-22 06:36:03.971185
06:36:09,30.3,72,2026-05-22 06:36:09.003284
06:36:14,31.3,89,2026-05-22 06:36:14.041694
06:36:19,30.6,86,2026-05-22 06:36:19.087936
06:36:24,30.2,77,2026-05-22 06:36:24.132133
06:36:29,32.7,50,2026-05-22 06:36:29.178944
06:36:34,27.7,60,2026-05-22 06:36:34.215619
06:36:39,28.6,50,2026-05-22 06:36:39.256637
06:36:44,33.0,61,2026-05-22 06:36:44.303107
06:36:49,40.0,51,2026-05-22 06:36:49.343521
06:36:54,26.5,71,2026-05-22 06:36:54.391548
06:36:59,37.4,57,2026-05-22 06:36:59.440501
06:32:57,37.6,50,2026-05-22 06:32:57.218484
06:33:02,29.9,81,2026-05-22 06:33:02.278400
06:33:07,25.9,59,2026-05-22 06:33:07.317597
06:33:12,29.1,40,2026-05-22 06:33:12.351404
06:33:17,36.0,85,2026-05-22 06:33:17.392600
06:33:22,38.6,48,2026-05-22 06:33:22.463223
06:33:27,29.6,48,2026-05-22 06:33:27.504269
06:33:32,28.8,78,2026-05-22 06:33:32.544066
06:33:37,38.8,56,2026-05-22 06:33:37.583860
06:33:42,36.5,89,2026-05-22 06:33:42.624621
06:33:47,36.4,53,2026-05-22 06:33:47.680582
06:33:52,28.1,60,2026-05-22 06:33:52.726590
06:33:57,38.7,82,2026-05-22 06:33:57.760959
06:34:02,27.1,73,2026-05-22 06:34:02.796477
06:34:07,36.1,56,2026-05-22 06:34:07.833878
06:34:12,36.2,85,2026-05-22 06:34:12.880296
06:34:17,39.1,65,2026-05-22 06:34:17.925998
06:34:22,30.2,85,2026-05-22 06:34:22.970456
06:34:28,32.2,69,2026-05-22 06:34:28.005112
06:34:33,29.0,52,2026-05-22 06:34:33.046224
06:34:38,29.1,85,2026-05-22 06:34:38.097803
06:34:43,35.9,40,2026-05-22 06:34:43.148274
06:34:48,27.9,63,2026-05-22 06:34:48.200879
06:34:53,39.1,48,2026-05-22 06:34:53.253177
06:34:58,35.1,81,2026-05-22 06:34:58.325769
06:35:03,39.5,46,2026-05-22 06:35:03.371068
06:35:08,38.3,66,2026-05-22 06:35:08.415958
06:35:13,36.1,49,2026-05-22 06:35:13.473986
06:35:18,36.5,63,2026-05-22 06:35:18.549204
06:35:23,28.8,52,2026-05-22 06:35:23.615646
06:35:28,32.7,43,2026-05-22 06:35:28.668498
06:35:33,29.7,60,2026-05-22 06:35:33.712523
06:35:38,37.0,74,2026-05-22 06:35:38.754401
06:35:43,32.9,83,2026-05-22 06:35:43.800995
06:35:48,37.8,77,2026-05-22 06:35:48.838346
06:35:53,29.7,52,2026-05-22 06:35:53.879675
06:35:58,31.3,42,2026-05-22 06:35:58.930842
06:36:03,38.0,70,2026-05-22 06:36:03.971185
06:36:09,30.3,72,2026-05-22 06:36:09.003284
06:36:14,31.3,89,2026-05-22 06:36:14.041694
06:36:19,30.6,86,2026-05-22 06:36:19.087936
06:36:24,30.2,77,2026-05-22 06:36:24.132133
06:36:29,32.7,50,2026-05-22 06:36:29.178944
06:36:34,27.7,60,2026-05-22 06:36:34.215619
06:36:39,28.6,50,2026-05-22 06:36:39.256637
06:36:44,33.0,61,2026-05-22 06:36:44.303107
06:36:49,40.0,51,2026-05-22 06:36:49.343521
06:36:54,26.5,71,2026-05-22 06:36:54.391548
06:36:59,37.4,57,2026-05-22 06:36:59.440501
06:37:04,27.3,47,2026-05-22 06:37:04.484023
06:33:02,29.9,81,2026-05-22 06:33:02.278400
06:33:07,25.9,59,2026-05-22 06:33:07.317597
06:33:12,29.1,40,2026-05-22 06:33:12.351404
06:33:17,36.0,85,2026-05-22 06:33:17.392600
06:33:22,38.6,48,2026-05-22 06:33:22.463223
06:33:27,29.6,48,2026-05-22 06:33:27.504269
06:33:32,28.8,78,2026-05-22 06:33:32.544066
06:33:37,38.8,56,2026-05-22 06:33:37.583860
06:33:42,36.5,89,2026-05-22 06:33:42.624621
06:33:47,36.4,53,2026-05-22 06:33:47.680582
06:33:52,28.1,60,2026-05-22 06:33:52.726590
06:33:57,38.7,82,2026-05-22 06:33:57.760959
06:34:02,27.1,73,2026-05-22 06:34:02.796477
06:34:07,36.1,56,2026-05-22 06:34:07.833878
06:34:12,36.2,85,2026-05-22 06:34:12.880296
06:34:17,39.1,65,2026-05-22 06:34:17.925998
06:34:22,30.2,85,2026-05-22 06:34:22.970456
06:34:28,32.2,69,2026-05-22 06:34:28.005112
06:34:33,29.0,52,2026-05-22 06:34:33.046224
06:34:38,29.1,85,2026-05-22 06:34:38.097803
06:34:43,35.9,40,2026-05-22 06:34:43.148274
06:34:48,27.9,63,2026-05-22 06:34:48.200879
06:34:53,39.1,48,2026-05-22 06:34:53.253177
06:34:58,35.1,81,2026-05-22 06:34:58.325769
06:35:03,39.5,46,2026-05-22 06:35:03.371068
06:35:08,38.3,66,2026-05-22 06:35:08.415958
06:35:13,36.1,49,2026-05-22 06:35:13.473986
06:35:18,36.5,63,2026-05-22 06:35:18.549204
06:35:23,28.8,52,2026-05-22 06:35:23.615646
06:35:28,32.7,43,2026-05-22 06:35:28.668498
06:35:33,29.7,60,2026-05-22 06:35:33.712523
06:35:38,37.0,74,2026-05-22 06:35:38.754401
06:35:43,32.9,83,2026-05-22 06:35:43.800995
06:35:48,37.8,77,2026-05-22 06:35:48.838346
06:35:53,29.7,52,2026-05-22 06:35:53.879675
06:35:58,31.3,42,2026-05-22 06:35:58.930842
06:36:03,38.0,70,2026-05-22 06:36:03.971185
06:36:09,30.3,72,2026-05-22 06:36:09.003284
06:36:14,31.3,89,2026-05-22 06:36:14.041694
06:36:19,30.6,86,2026-05-22 06:36:19.087936
06:36:24,30.2,77,2026-05-22 06:36:24.132133
06:36:29,32.7,50,2026-05-22 06:36:29.178944
06:36:34,27.7,60,2026-05-22 06:36:34.215619
06:36:39,28.6,50,2026-05-22 06:36:39.256637
06:36:44,33.0,61,2026-05-22 06:36:44.303107
06:36:49,40.0,51,2026-05-22 06:36:49.343521
06:36:54,26.5,71,2026-05-22 06:36:54.391548
06:36:59,37.4,57,2026-05-22 06:36:59.440501
06:37:04,27.3,47,2026-05-22 06:37:04.484023
06:37:09,37.8,50,2026-05-22 06:37:09.530271
06:33:07,25.9,59,2026-05-22 06:33:07.317597
06:33:12,29.1,40,2026-05-22 06:33:12.351404
06:33:17,36.0,85,2026-05-22 06:33:17.392600
06:33:22,38.6,48,2026-05-22 06:33:22.463223
06:33:27,29.6,48,2026-05-22 06:33:27.504269
06:33:32,28.8,78,2026-05-22 06:33:32.544066
06:33:37,38.8,56,2026-05-22 06:33:37.583860
06:33:42,36.5,89,2026-05-22 06:33:42.624621
06:33:47,36.4,53,2026-05-22 06:33:47.680582
06:33:52,28.1,60,2026-05-22 06:33:52.726590
06:33:57,38.7,82,2026-05-22 06:33:57.760959
06:34:02,27.1,73,2026-05-22 06:34:02.796477
06:34:07,36.1,56,2026-05-22 06:34:07.833878
06:34:12,36.2,85,2026-05-22 06:34:12.880296
06:34:17,39.1,65,2026-05-22 06:34:17.925998
06:34:22,30.2,85,2026-05-22 06:34:22.970456
06:34:28,32.2,69,2026-05-22 06:34:28.005112
06:34:33,29.0,52,2026-05-22 06:34:33.046224
06:34:38,29.1,85,2026-05-22 06:34:38.097803
06:34:43,35.9,40,2026-05-22 06:34:43.148274
06:34:48,27.9,63,2026-05-22 06:34:48.200879
06:34:53,39.1,48,2026-05-22 06:34:53.253177
06:34:58,35.1,81,2026-05-22 06:34:58.325769
06:35:03,39.5,46,2026-05-22 06:35:03.371068
06:35:08,38.3,66,2026-05-22 06:35:08.415958
06:35:13,36.1,49,2026-05-22 06:35:13.473986
06:35:18,36.5,63,2026-05-22 06:35:18.549204
06:35:23,28.8,52,2026-05-22 06:35:23.615646
06:35:28,32.7,43,2026-05-22 06:35:28.668498
06:35:33,29.7,60,2026-05-22 06:35:33.712523
06:35:38,37.0,74,2026-05-22 06:35:38.754401
06:35:43,32.9,83,2026-05-22 06:35:43.800995
06:35:48,37.8,77,2026-05-22 06:35:48.838346
06:35:53,29.7,52,2026-05-22 06:35:53.879675
06:35:58,31.3,42,2026-05-22 06:35:58.930842
06:36:03,38.0,70,2026-05-22 06:36:03.971185
06:36:09,30.3,72,2026-05-22 06:36:09.003284
06:36:14,31.3,89,2026-05-22 06:36:14.041694
06:36:19,30.6,86,2026-05-22 06:36:19.087936
06:36:24,30.2,77,2026-05-22 06:36:24.132133
06:36:29,32.7,50,2026-05-22 06:36:29.178944
06:36:34,27.7,60,2026-05-22 06:36:34.215619
06:36:39,28.6,50,2026-05-22 06:36:39.256637
06:36:44,33.0,61,2026-05-22 06:36:44.303107
06:36:49,40.0,51,2026-05-22 06:36:49.343521
06:36:54,26.5,71,2026-05-22 06:36:54.391548
06:36:59,37.4,57,2026-05-22 06:36:59.440501
06:37:04,27.3,47,2026-05-22 06:37:04.484023
06:37:09,37.8,50,2026-05-22 06:37:09.530271
06:37:14,27.9,48,2026-05-22 06:37:14.579237
06:33:12,29.1,40,2026-05-22 06:33:12.351404
06:33:17,36.0,85,2026-05-22 06:33:17.392600
06:33:22,38.6,48,2026-05-22 06:33:22.463223
06:33:27,29.6,48,2026-05-22 06:33:27.504269
06:33:32,28.8,78,2026-05-22 06:33:32.544066
06:33:37,38.8,56,2026-05-22 06:33:37.583860
06:33:42,36.5,89,2026-05-22 06:33:42.624621
06:33:47,36.4,53,2026-05-22 06:33:47.680582
06:33:52,28.1,60,2026-05-22 06:33:52.726590
06:33:57,38.7,82,2026-05-22 06:33:57.760959
06:34:02,27.1,73,2026-05-22 06:34:02.796477
06:34:07,36.1,56,2026-05-22 06:34:07.833878
06:34:12,36.2,85,2026-05-22 06:34:12.880296
06:34:17,39.1,65,2026-05-22 06:34:17.925998
06:34:22,30.2,85,2026-05-22 06:34:22.970456
06:34:28,32.2,69,2026-05-22 06:34:28.005112
06:34:33,29.0,52,2026-05-22 06:34:33.046224
06:34:38,29.1,85,2026-05-22 06:34:38.097803
06:34:43,35.9,40,2026-05-22 06:34:43.148274
06:34:48,27.9,63,2026-05-22 06:34:48.200879
06:34:53,39.1,48,2026-05-22 06:34:53.253177
06:34:58,35.1,81,2026-05-22 06:34:58.325769
06:35:03,39.5,46,2026-05-22 06:35:03.371068
06:35:08,38.3,66,2026-05-22 06:35:08.415958
06:35:13,36.1,49,2026-05-22 06:35:13.473986
06:35:18,36.5,63,2026-05-22 06:35:18.549204
06:35:23,28.8,52,2026-05-22 06:35:23.615646
06:35:28,32.7,43,2026-05-22 06:35:28.668498
06:35:33,29.7,60,2026-05-22 06:35:33.712523
06:35:38,37.0,74,2026-05-22 06:35:38.754401
06:35:43,32.9,83,2026-05-22 06:35:43.800995
06:35:48,37.8,77,2026-05-22 06:35:48.838346
06:35:53,29.7,52,2026-05-22 06:35:53.879675
06:35:58,31.3,42,2026-05-22 06:35:58.930842
06:36:03,38.0,70,2026-05-22 06:36:03.971185
06:36:09,30.3,72,2026-05-22 06:36:09.003284
06:36:14,31.3,89,2026-05-22 06:36:14.041694
06:36:19,30.6,86,2026-05-22 06:36:19.087936
06:36:24,30.2,77,2026-05-22 06:36:24.132133
06:36:29,32.7,50,2026-05-22 06:36:29.178944
06:36:34,27.7,60,2026-05-22 06:36:34.215619
06:36:39,28.6,50,2026-05-22 06:36:39.256637
06:36:44,33.0,61,2026-05-22 06:36:44.303107
06:36:49,40.0,51,2026-05-22 06:36:49.343521
06:36:54,26.5,71,2026-05-22 06:36:54.391548
06:36:59,37.4,57,2026-05-22 06:36:59.440501
06:37:04,27.3,47,2026-05-22 06:37:04.484023
06:37:09,37.8,50,2026-05-22 06:37:09.530271
06:37:14,27.9,48,2026-05-22 06:37:14.579237
06:37:19,30.1,52,2026-05-22 06:37:19.624439
06:33:17,36.0,85,2026-05-22 06:33:17.392600
06:33:22,38.6,48,2026-05-22 06:33:22.463223
06:33:27,29.6,48,2026-05-22 06:33:27.504269
06:33:32,28.8,78,2026-05-22 06:33:32.544066
06:33:37,38.8,56,2026-05-22 06:33:37.583860
06:33:42,36.5,89,2026-05-22 06:33:42.624621
06:33:47,36.4,53,2026-05-22 06:33:47.680582
06:33:52,28.1,60,2026-05-22 06:33:52.726590
06:33:57,38.7,82,2026-05-22 06:33:57.760959
06:34:02,27.1,73,2026-05-22 06:34:02.796477
06:34:07,36.1,56,2026-05-22 06:34:07.833878
06:34:12,36.2,85,2026-05-22 06:34:12.880296
06:34:17,39.1,65,2026-05-22 06:34:17.925998
06:34:22,30.2,85,2026-05-22 06:34:22.970456
06:34:28,32.2,69,2026-05-22 06:34:28.005112
06:34:33,29.0,52,2026-05-22 06:34:33.046224
06:34:38,29.1,85,2026-05-22 06:34:38.097803
06:34:43,35.9,40,2026-05-22 06:34:43.148274
06:34:48,27.9,63,2026-05-22 06:34:48.200879
06:34:53,39.1,48,2026-05-22 06:34:53.253177
06:34:58,35.1,81,2026-05-22 06:34:58.325769
06:35:03,39.5,46,2026-05-22 06:35:03.371068
06:35:08,38.3,66,2026-05-22 06:35:08.415958
06:35:13,36.1,49,2026-05-22 06:35:13.473986
06:35:18,36.5,63,2026-05-22 06:35:18.549204
06:35:23,28.8,52,2026-05-22 06:35:23.615646
06:35:28,32.7,43,2026-05-22 06:35:28.668498
06:35:33,29.7,60,2026-05-22 06:35:33.712523
06:35:38,37.0,74,2026-05-22 06:35:38.754401
06:35:43,32.9,83,2026-05-22 06:35:43.800995
06:35:48,37.8,77,2026-05-22 06:35:48.838346
06:35:53,29.7,52,2026-05-22 06:35:53.879675
06:35:58,31.3,42,2026-05-22 06:35:58.930842
06:36:03,38.0,70,2026-05-22 06:36:03.971185
06:36:09,30.3,72,2026-05-22 06:36:09.003284
06:36:14,31.3,89,2026-05-22 06:36:14.041694
06:36:19,30.6,86,2026-05-22 06:36:19.087936
06:36:24,30.2,77,2026-05-22 06:36:24.132133
06:36:29,32.7,50,2026-05-22 06:36:29.178944
06:36:34,27.7,60,2026-05-22 06:36:34.215619
06:36:39,28.6,50,2026-05-22 06:36:39.256637
06:36:44,33.0,61,2026-05-22 06:36:44.303107
06:36:49,40.0,51,2026-05-22 06:36:49.343521
06:36:54,26.5,71,2026-05-22 06:36:54.391548
06:36:59,37.4,57,2026-05-22 06:36:59.440501
06:37:04,27.3,47,2026-05-22 06:37:04.484023
06:37:09,37.8,50,2026-05-22 06:37:09.530271
06:37:14,27.9,48,2026-05-22 06:37:14.579237
06:37:19,30.1,52,2026-05-22 06:37:19.624439
06:37:24,27.7,40,2026-05-22 06:37:24.665896
06:33:22,38.6,48,2026-05-22 06:33:22.463223
06:33:27,29.6,48,2026-05-22 06:33:27.504269
06:33:32,28.8,78,2026-05-22 06:33:32.544066
06:33:37,38.8,56,2026-05-22 06:33:37.583860
06:33:42,36.5,89,2026-05-22 06:33:42.624621
06:33:47,36.4,53,2026-05-22 06:33:47.680582
06:33:52,28.1,60,2026-05-22 06:33:52.726590
06:33:57,38.7,82,2026-05-22 06:33:57.760959
06:34:02,27.1,73,2026-05-22 06:34:02.796477
06:34:07,36.1,56,2026-05-22 06:34:07.833878
06:34:12,36.2,85,2026-05-22 06:34:12.880296
06:34:17,39.1,65,2026-05-22 06:34:17.925998
06:34:22,30.2,85,2026-05-22 06:34:22.970456
06:34:28,32.2,69,2026-05-22 06:34:28.005112
06:34:33,29.0,52,2026-05-22 06:34:33.046224
06:34:38,29.1,85,2026-05-22 06:34:38.097803
06:34:43,35.9,40,2026-05-22 06:34:43.148274
06:34:48,27.9,63,2026-05-22 06:34:48.200879
06:34:53,39.1,48,2026-05-22 06:34:53.253177
06:34:58,35.1,81,2026-05-22 06:34:58.325769
06:35:03,39.5,46,2026-05-22 06:35:03.371068
06:35:08,38.3,66,2026-05-22 06:35:08.415958
06:35:13,36.1,49,2026-05-22 06:35:13.473986
06:35:18,36.5,63,2026-05-22 06:35:18.549204
06:35:23,28.8,52,2026-05-22 06:35:23.615646
06:35:28,32.7,43,2026-05-22 06:35:28.668498
06:35:33,29.7,60,2026-05-22 06:35:33.712523
06:35:38,37.0,74,2026-05-22 06:35:38.754401
06:35:43,32.9,83,2026-05-22 06:35:43.800995
06:35:48,37.8,77,2026-05-22 06:35:48.838346
06:35:53,29.7,52,2026-05-22 06:35:53.879675
06:35:58,31.3,42,2026-05-22 06:35:58.930842
06:36:03,38.0,70,2026-05-22 06:36:03.971185
06:36:09,30.3,72,2026-05-22 06:36:09.003284
06:36:14,31.3,89,2026-05-22 06:36:14.041694
06:36:19,30.6,86,2026-05-22 06:36:19.087936
06:36:24,30.2,77,2026-05-22 06:36:24.132133
06:36:29,32.7,50,2026-05-22 06:36:29.178944
06:36:34,27.7,60,2026-05-22 06:36:34.215619
06:36:39,28.6,50,2026-05-22 06:36:39.256637
06:36:44,33.0,61,2026-05-22 06:36:44.303107
06:36:49,40.0,51,2026-05-22 06:36:49.343521
06:36:54,26.5,71,2026-05-22 06:36:54.391548
06:36:59,37.4,57,2026-05-22 06:36:59.440501
06:37:04,27.3,47,2026-05-22 06:37:04.484023
06:37:09,37.8,50,2026-05-22 06:37:09.530271
06:37:14,27.9,48,2026-05-22 06:37:14.579237
06:37:19,30.1,52,2026-05-22 06:37:19.624439
06:37:24,27.7,40,2026-05-22 06:37:24.665896
06:37:29,30.2,50,2026-05-22 06:37:29.709659
06:33:27,29.6,48,2026-05-22 06:33:27.504269
06:33:32,28.8,78,2026-05-22 06:33:32.544066
06:33:37,38.8,56,2026-05-22 06:33:37.583860
06:33:42,36.5,89,2026-05-22 06:33:42.624621
06:33:47,36.4,53,2026-05-22 06:33:47.680582
06:33:52,28.1,60,2026-05-22 06:33:52.726590
06:33:57,38.7,82,2026-05-22 06:33:57.760959
06:34:02,27.1,73,2026-05-22 06:34:02.796477
06:34:07,36.1,56,2026-05-22 06:34:07.833878
06:34:12,36.2,85,2026-05-22 06:34:12.880296
06:34:17,39.1,65,2026-05-22 06:34:17.925998
06:34:22,30.2,85,2026-05-22 06:34:22.970456
06:34:28,32.2,69,2026-05-22 06:34:28.005112
06:34:33,29.0,52,2026-05-22 06:34:33.046224
06:34:38,29.1,85,2026-05-22 06:34:38.097803
06:34:43,35.9,40,2026-05-22 06:34:43.148274
06:34:48,27.9,63,2026-05-22 06:34:48.200879
06:34:53,39.1,48,2026-05-22 06:34:53.253177
06:34:58,35.1,81,2026-05-22 06:34:58.325769
06:35:03,39.5,46,2026-05-22 06:35:03.371068
06:35:08,38.3,66,2026-05-22 06:35:08.415958
06:35:13,36.1,49,2026-05-22 06:35:13.473986
06:35:18,36.5,63,2026-05-22 06:35:18.549204
06:35:23,28.8,52,2026-05-22 06:35:23.615646
06:35:28,32.7,43,2026-05-22 06:35:28.668498
06:35:33,29.7,60,2026-05-22 06:35:33.712523
06:35:38,37.0,74,2026-05-22 06:35:38.754401
06:35:43,32.9,83,2026-05-22 06:35:43.800995
06:35:48,37.8,77,2026-05-22 06:35:48.838346
06:35:53,29.7,52,2026-05-22 06:35:53.879675
06:35:58,31.3,42,2026-05-22 06:35:58.930842
06:36:03,38.0,70,2026-05-22 06:36:03.971185
06:36:09,30.3,72,2026-05-22 06:36:09.003284
06:36:14,31.3,89,2026-05-22 06:36:14.041694
06:36:19,30.6,86,2026-05-22 06:36:19.087936
06:36:24,30.2,77,2026-05-22 06:36:24.132133
06:36:29,32.7,50,2026-05-22 06:36:29.178944
06:36:34,27.7,60,2026-05-22 06:36:34.215619
06:36:39,28.6,50,2026-05-22 06:36:39.256637
06:36:44,33.0,61,2026-05-22 06:36:44.303107
06:36:49,40.0,51,2026-05-22 06:36:49.343521
06:36:54,26.5,71,2026-05-22 06:36:54.391548
06:36:59,37.4,57,2026-05-22 06:36:59.440501
06:37:04,27.3,47,2026-05-22 06:37:04.484023
06:37:09,37.8,50,2026-05-22 06:37:09.530271
06:37:14,27.9,48,2026-05-22 06:37:14.579237
06:37:19,30.1,52,2026-05-22 06:37:19.624439
06:37:24,27.7,40,2026-05-22 06:37:24.665896
06:37:29,30.2,50,2026-05-22 06:37:29.709659
06:37:34,36.3,66,2026-05-22 06:37:34.773970
06:33:32,28.8,78,2026-05-22 06:33:32.544066
06:33:37,38.8,56,2026-05-22 06:33:37.583860
06:33:42,36.5,89,2026-05-22 06:33:42.624621
06:33:47,36.4,53,2026-05-22 06:33:47.680582
06:33:52,28.1,60,2026-05-22 06:33:52.726590
06:33:57,38.7,82,2026-05-22 06:33:57.760959
06:34:02,27.1,73,2026-05-22 06:34:02.796477
06:34:07,36.1,56,2026-05-22 06:34:07.833878
06:34:12,36.2,85,2026-05-22 06:34:12.880296
06:34:17,39.1,65,2026-05-22 06:34:17.925998
06:34:22,30.2,85,2026-05-22 06:34:22.970456
06:34:28,32.2,69,2026-05-22 06:34:28.005112
06:34:33,29.0,52,2026-05-22 06:34:33.046224
06:34:38,29.1,85,2026-05-22 06:34:38.097803
06:34:43,35.9,40,2026-05-22 06:34:43.148274
06:34:48,27.9,63,2026-05-22 06:34:48.200879
06:34:53,39.1,48,2026-05-22 06:34:53.253177
06:34:58,35.1,81,2026-05-22 06:34:58.325769
06:35:03,39.5,46,2026-05-22 06:35:03.371068
06:35:08,38.3,66,2026-05-22 06:35:08.415958
06:35:13,36.1,49,2026-05-22 06:35:13.473986
06:35:18,36.5,63,2026-05-22 06:35:18.549204
06:35:23,28.8,52,2026-05-22 06:35:23.615646
06:35:28,32.7,43,2026-05-22 06:35:28.668498
06:35:33,29.7,60,2026-05-22 06:35:33.712523
06:35:38,37.0,74,2026-05-22 06:35:38.754401
06:35:43,32.9,83,2026-05-22 06:35:43.800995
06:35:48,37.8,77,2026-05-22 06:35:48.838346
06:35:53,29.7,52,2026-05-22 06:35:53.879675
06:35:58,31.3,42,2026-05-22 06:35:58.930842
06:36:03,38.0,70,2026-05-22 06:36:03.971185
06:36:09,30.3,72,2026-05-22 06:36:09.003284
06:36:14,31.3,89,2026-05-22 06:36:14.041694
06:36:19,30.6,86,2026-05-22 06:36:19.087936
06:36:24,30.2,77,2026-05-22 06:36:24.132133
06:36:29,32.7,50,2026-05-22 06:36:29.178944
06:36:34,27.7,60,2026-05-22 06:36:34.215619
06:36:39,28.6,50,2026-05-22 06:36:39.256637
06:36:44,33.0,61,2026-05-22 06:36:44.303107
06:36:49,40.0,51,2026-05-22 06:36:49.343521
06:36:54,26.5,71,2026-05-22 06:36:54.391548
06:36:59,37.4,57,2026-05-22 06:36:59.440501
06:37:04,27.3,47,2026-05-22 06:37:04.484023
06:37:09,37.8,50,2026-05-22 06:37:09.530271
06:37:14,27.9,48,2026-05-22 06:37:14.579237
06:37:19,30.1,52,2026-05-22 06:37:19.624439
06:37:24,27.7,40,2026-05-22 06:37:24.665896
06:37:29,30.2,50,2026-05-22 06:37:29.709659
06:37:34,36.3,66,2026-05-22 06:37:34.773970
06:37:39,25.4,75,2026-05-22 06:37:39.823831
06:33:37,38.8,56,2026-05-22 06:33:37.583860
06:33:42,36.5,89,2026-05-22 06:33:42.624621
06:33:47,36.4,53,2026-05-22 06:33:47.680582
06:33:52,28.1,60,2026-05-22 06:33:52.726590
06:33:57,38.7,82,2026-05-22 06:33:57.760959
06:34:02,27.1,73,2026-05-22 06:34:02.796477
06:34:07,36.1,56,2026-05-22 06:34:07.833878
06:34:12,36.2,85,2026-05-22 06:34:12.880296
06:34:17,39.1,65,2026-05-22 06:34:17.925998
06:34:22,30.2,85,2026-05-22 06:34:22.970456
06:34:28,32.2,69,2026-05-22 06:34:28.005112
06:34:33,29.0,52,2026-05-22 06:34:33.046224
06:34:38,29.1,85,2026-05-22 06:34:38.097803
06:34:43,35.9,40,2026-05-22 06:34:43.148274
06:34:48,27.9,63,2026-05-22 06:34:48.200879
06:34:53,39.1,48,2026-05-22 06:34:53.253177
06:34:58,35.1,81,2026-05-22 06:34:58.325769
06:35:03,39.5,46,2026-05-22 06:35:03.371068
06:35:08,38.3,66,2026-05-22 06:35:08.415958
06:35:13,36.1,49,2026-05-22 06:35:13.473986
06:35:18,36.5,63,2026-05-22 06:35:18.549204
06:35:23,28.8,52,2026-05-22 06:35:23.615646
06:35:28,32.7,43,2026-05-22 06:35:28.668498
06:35:33,29.7,60,2026-05-22 06:35:33.712523
06:35:38,37.0,74,2026-05-22 06:35:38.754401
06:35:43,32.9,83,2026-05-22 06:35:43.800995
06:35:48,37.8,77,2026-05-22 06:35:48.838346
06:35:53,29.7,52,2026-05-22 06:35:53.879675
06:35:58,31.3,42,2026-05-22 06:35:58.930842
06:36:03,38.0,70,2026-05-22 06:36:03.971185
06:36:09,30.3,72,2026-05-22 06:36:09.003284
06:36:14,31.3,89,2026-05-22 06:36:14.041694
06:36:19,30.6,86,2026-05-22 06:36:19.087936
06:36:24,30.2,77,2026-05-22 06:36:24.132133
06:36:29,32.7,50,2026-05-22 06:36:29.178944
06:36:34,27.7,60,2026-05-22 06:36:34.215619
06:36:39,28.6,50,2026-05-22 06:36:39.256637
06:36:44,33.0,61,2026-05-22 06:36:44.303107
06:36:49,40.0,51,2026-05-22 06:36:49.343521
06:36:54,26.5,71,2026-05-22 06:36:54.391548
06:36:59,37.4,57,2026-05-22 06:36:59.440501
06:37:04,27.3,47,2026-05-22 06:37:04.484023
06:37:09,37.8,50,2026-05-22 06:37:09.530271
06:37:14,27.9,48,2026-05-22 06:37:14.579237
06:37:19,30.1,52,2026-05-22 06:37:19.624439
06:37:24,27.7,40,2026-05-22 06:37:24.665896
06:37:29,30.2,50,2026-05-22 06:37:29.709659
06:37:34,36.3,66,2026-05-22 06:37:34.773970
06:37:39,25.4,75,2026-05-22 06:37:39.823831
06:37:44,35.8,54,2026-05-22 06:37:44.865975
06:33:42,36.5,89,2026-05-22 06:33:42.624621
06:33:47,36.4,53,2026-05-22 06:33:47.680582
06:33:52,28.1,60,2026-05-22 06:33:52.726590
06:33:57,38.7,82,2026-05-22 06:33:57.760959
06:34:02,27.1,73,2026-05-22 06:34:02.796477
06:34:07,36.1,56,2026-05-22 06:34:07.833878
06:34:12,36.2,85,2026-05-22 06:34:12.880296
06:34:17,39.1,65,2026-05-22 06:34:17.925998
06:34:22,30.2,85,2026-05-22 06:34:22.970456
06:34:28,32.2,69,2026-05-22 06:34:28.005112
06:34:33,29.0,52,2026-05-22 06:34:33.046224
06:34:38,29.1,85,2026-05-22 06:34:38.097803
06:34:43,35.9,40,2026-05-22 06:34:43.148274
06:34:48,27.9,63,2026-05-22 06:34:48.200879
06:34:53,39.1,48,2026-05-22 06:34:53.253177
06:34:58,35.1,81,2026-05-22 06:34:58.325769
06:35:03,39.5,46,2026-05-22 06:35:03.371068
06:35:08,38.3,66,2026-05-22 06:35:08.415958
06:35:13,36.1,49,2026-05-22 06:35:13.473986
06:35:18,36.5,63,2026-05-22 06:35:18.549204
06:35:23,28.8,52,2026-05-22 06:35:23.615646
06:35:28,32.7,43,2026-05-22 06:35:28.668498
06:35:33,29.7,60,2026-05-22 06:35:33.712523
06:35:38,37.0,74,2026-05-22 06:35:38.754401
06:35:43,32.9,83,2026-05-22 06:35:43.800995
06:35:48,37.8,77,2026-05-22 06:35:48.838346
06:35:53,29.7,52,2026-05-22 06:35:53.879675
06:35:58,31.3,42,2026-05-22 06:35:58.930842
06:36:03,38.0,70,2026-05-22 06:36:03.971185
06:36:09,30.3,72,2026-05-22 06:36:09.003284
06:36:14,31.3,89,2026-05-22 06:36:14.041694
06:36:19,30.6,86,2026-05-22 06:36:19.087936
06:36:24,30.2,77,2026-05-22 06:36:24.132133
06:36:29,32.7,50,2026-05-22 06:36:29.178944
06:36:34,27.7,60,2026-05-22 06:36:34.215619
06:36:39,28.6,50,2026-05-22 06:36:39.256637
06:36:44,33.0,61,2026-05-22 06:36:44.303107
06:36:49,40.0,51,2026-05-22 06:36:49.343521
06:36:54,26.5,71,2026-05-22 06:36:54.391548
06:36:59,37.4,57,2026-05-22 06:36:59.440501
06:37:04,27.3,47,2026-05-22 06:37:04.484023
06:37:09,37.8,50,2026-05-22 06:37:09.530271
06:37:14,27.9,48,2026-05-22 06:37:14.579237
06:37:19,30.1,52,2026-05-22 06:37:19.624439
06:37:24,27.7,40,2026-05-22 06:37:24.665896
06:37:29,30.2,50,2026-05-22 06:37:29.709659
06:37:34,36.3,66,2026-05-22 06:37:34.773970
06:37:39,25.4,75,2026-05-22 06:37:39.823831
06:37:44,35.8,54,2026-05-22 06:37:44.865975
06:37:49,29.0,57,2026-05-22 06:37:49.900881
06:33:47,36.4,53,2026-05-22 06:33:47.680582
06:33:52,28.1,60,2026-05-22 06:33:52.726590
06:33:57,38.7,82,2026-05-22 06:33:57.760959
06:34:02,27.1,73,2026-05-22 06:34:02.796477
06:34:07,36.1,56,2026-05-22 06:34:07.833878
06:34:12,36.2,85,2026-05-22 06:34:12.880296
06:34:17,39.1,65,2026-05-22 06:34:17.925998
06:34:22,30.2,85,2026-05-22 06:34:22.970456
06:34:28,32.2,69,2026-05-22 06:34:28.005112
06:34:33,29.0,52,2026-05-22 06:34:33.046224
06:34:38,29.1,85,2026-05-22 06:34:38.097803
06:34:43,35.9,40,2026-05-22 06:34:43.148274
06:34:48,27.9,63,2026-05-22 06:34:48.200879
06:34:53,39.1,48,2026-05-22 06:34:53.253177
06:34:58,35.1,81,2026-05-22 06:34:58.325769
06:35:03,39.5,46,2026-05-22 06:35:03.371068
06:35:08,38.3,66,2026-05-22 06:35:08.415958
06:35:13,36.1,49,2026-05-22 06:35:13.473986
06:35:18,36.5,63,2026-05-22 06:35:18.549204
06:35:23,28.8,52,2026-05-22 06:35:23.615646
06:35:28,32.7,43,2026-05-22 06:35:28.668498
06:35:33,29.7,60,2026-05-22 06:35:33.712523
06:35:38,37.0,74,2026-05-22 06:35:38.754401
06:35:43,32.9,83,2026-05-22 06:35:43.800995
06:35:48,37.8,77,2026-05-22 06:35:48.838346
06:35:53,29.7,52,2026-05-22 06:35:53.879675
06:35:58,31.3,42,2026-05-22 06:35:58.930842
06:36:03,38.0,70,2026-05-22 06:36:03.971185
06:36:09,30.3,72,2026-05-22 06:36:09.003284
06:36:14,31.3,89,2026-05-22 06:36:14.041694
06:36:19,30.6,86,2026-05-22 06:36:19.087936
06:36:24,30.2,77,2026-05-22 06:36:24.132133
06:36:29,32.7,50,2026-05-22 06:36:29.178944
06:36:34,27.7,60,2026-05-22 06:36:34.215619
06:36:39,28.6,50,2026-05-22 06:36:39.256637
06:36:44,33.0,61,2026-05-22 06:36:44.303107
06:36:49,40.0,51,2026-05-22 06:36:49.343521
06:36:54,26.5,71,2026-05-22 06:36:54.391548
06:36:59,37.4,57,2026-05-22 06:36:59.440501
06:37:04,27.3,47,2026-05-22 06:37:04.484023
06:37:09,37.8,50,2026-05-22 06:37:09.530271
06:37:14,27.9,48,2026-05-22 06:37:14.579237
06:37:19,30.1,52,2026-05-22 06:37:19.624439
06:37:24,27.7,40,2026-05-22 06:37:24.665896
06:37:29,30.2,50,2026-05-22 06:37:29.709659
06:37:34,36.3,66,2026-05-22 06:37:34.773970
06:37:39,25.4,75,2026-05-22 06:37:39.823831
06:37:44,35.8,54,2026-05-22 06:37:44.865975
06:37:49,29.0,57,2026-05-22 06:37:49.900881
06:37:54,31.7,43,2026-05-22 06:37:54.947420
06:33:52,28.1,60,2026-05-22 06:33:52.726590
06:33:57,38.7,82,2026-05-22 06:33:57.760959
06:34:02,27.1,73,2026-05-22 06:34:02.796477
06:34:07,36.1,56,2026-05-22 06:34:07.833878
06:34:12,36.2,85,2026-05-22 06:34:12.880296
06:34:17,39.1,65,2026-05-22 06:34:17.925998
06:34:22,30.2,85,2026-05-22 06:34:22.970456
06:34:28,32.2,69,2026-05-22 06:34:28.005112
06:34:33,29.0,52,2026-05-22 06:34:33.046224
06:34:38,29.1,85,2026-05-22 06:34:38.097803
06:34:43,35.9,40,2026-05-22 06:34:43.148274
06:34:48,27.9,63,2026-05-22 06:34:48.200879
06:34:53,39.1,48,2026-05-22 06:34:53.253177
06:34:58,35.1,81,2026-05-22 06:34:58.325769
06:35:03,39.5,46,2026-05-22 06:35:03.371068
06:35:08,38.3,66,2026-05-22 06:35:08.415958
06:35:13,36.1,49,2026-05-22 06:35:13.473986
06:35:18,36.5,63,2026-05-22 06:35:18.549204
06:35:23,28.8,52,2026-05-22 06:35:23.615646
06:35:28,32.7,43,2026-05-22 06:35:28.668498
06:35:33,29.7,60,2026-05-22 06:35:33.712523
06:35:38,37.0,74,2026-05-22 06:35:38.754401
06:35:43,32.9,83,2026-05-22 06:35:43.800995
06:35:48,37.8,77,2026-05-22 06:35:48.838346
06:35:53,29.7,52,2026-05-22 06:35:53.879675
06:35:58,31.3,42,2026-05-22 06:35:58.930842
06:36:03,38.0,70,2026-05-22 06:36:03.971185
06:36:09,30.3,72,2026-05-22 06:36:09.003284
06:36:14,31.3,89,2026-05-22 06:36:14.041694
06:36:19,30.6,86,2026-05-22 06:36:19.087936
06:36:24,30.2,77,2026-05-22 06:36:24.132133
06:36:29,32.7,50,2026-05-22 06:36:29.178944
06:36:34,27.7,60,2026-05-22 06:36:34.215619
06:36:39,28.6,50,2026-05-22 06:36:39.256637
06:36:44,33.0,61,2026-05-22 06:36:44.303107
06:36:49,40.0,51,2026-05-22 06:36:49.343521
06:36:54,26.5,71,2026-05-22 06:36:54.391548
06:36:59,37.4,57,2026-05-22 06:36:59.440501
06:37:04,27.3,47,2026-05-22 06:37:04.484023
06:37:09,37.8,50,2026-05-22 06:37:09.530271
06:37:14,27.9,48,2026-05-22 06:37:14.579237
06:37:19,30.1,52,2026-05-22 06:37:19.624439
06:37:24,27.7,40,2026-05-22 06:37:24.665896
06:37:29,30.2,50,2026-05-22 06:37:29.709659
06:37:34,36.3,66,2026-05-22 06:37:34.773970
06:37:39,25.4,75,2026-05-22 06:37:39.823831
06:37:44,35.8,54,2026-05-22 06:37:44.865975
06:37:49,29.0,57,2026-05-22 06:37:49.900881
06:37:54,31.7,43,2026-05-22 06:37:54.947420
06:38:00,36.9,84,2026-05-22 06:38:00.010231
06:33:57,38.7,82,2026-05-22 06:33:57.760959
06:34:02,27.1,73,2026-05-22 06:34:02.796477
06:34:07,36.1,56,2026-05-22 06:34:07.833878
06:34:12,36.2,85,2026-05-22 06:34:12.880296
06:34:17,39.1,65,2026-05-22 06:34:17.925998
06:34:22,30.2,85,2026-05-22 06:34:22.970456
06:34:28,32.2,69,2026-05-22 06:34:28.005112
06:34:33,29.0,52,2026-05-22 06:34:33.046224
06:34:38,29.1,85,2026-05-22 06:34:38.097803
06:34:43,35.9,40,2026-05-22 06:34:43.148274
06:34:48,27.9,63,2026-05-22 06:34:48.200879
06:34:53,39.1,48,2026-05-22 06:34:53.253177
06:34:58,35.1,81,2026-05-22 06:34:58.325769
06:35:03,39.5,46,2026-05-22 06:35:03.371068
06:35:08,38.3,66,2026-05-22 06:35:08.415958
06:35:13,36.1,49,2026-05-22 06:35:13.473986
06:35:18,36.5,63,2026-05-22 06:35:18.549204
06:35:23,28.8,52,2026-05-22 06:35:23.615646
06:35:28,32.7,43,2026-05-22 06:35:28.668498
06:35:33,29.7,60,2026-05-22 06:35:33.712523
06:35:38,37.0,74,2026-05-22 06:35:38.754401
06:35:43,32.9,83,2026-05-22 06:35:43.800995
06:35:48,37.8,77,2026-05-22 06:35:48.838346
06:35:53,29.7,52,2026-05-22 06:35:53.879675
06:35:58,31.3,42,2026-05-22 06:35:58.930842
06:36:03,38.0,70,2026-05-22 06:36:03.971185
06:36:09,30.3,72,2026-05-22 06:36:09.003284
06:36:14,31.3,89,2026-05-22 06:36:14.041694
06:36:19,30.6,86,2026-05-22 06:36:19.087936
06:36:24,30.2,77,2026-05-22 06:36:24.132133
06:36:29,32.7,50,2026-05-22 06:36:29.178944
06:36:34,27.7,60,2026-05-22 06:36:34.215619
06:36:39,28.6,50,2026-05-22 06:36:39.256637
06:36:44,33.0,61,2026-05-22 06:36:44.303107
06:36:49,40.0,51,2026-05-22 06:36:49.343521
06:36:54,26.5,71,2026-05-22 06:36:54.391548
06:36:59,37.4,57,2026-05-22 06:36:59.440501
06:37:04,27.3,47,2026-05-22 06:37:04.484023
06:37:09,37.8,50,2026-05-22 06:37:09.530271
06:37:14,27.9,48,2026-05-22 06:37:14.579237
06:37:19,30.1,52,2026-05-22 06:37:19.624439
06:37:24,27.7,40,2026-05-22 06:37:24.665896
06:37:29,30.2,50,2026-05-22 06:37:29.709659
06:37:34,36.3,66,2026-05-22 06:37:34.773970
06:37:39,25.4,75,2026-05-22 06:37:39.823831
06:37:44,35.8,54,2026-05-22 06:37:44.865975
06:37:49,29.0,57,2026-05-22 06:37:49.900881
06:37:54,31.7,43,2026-05-22 06:37:54.947420
06:38:00,36.9,84,2026-05-22 06:38:00.010231
06:38:05,35.7,58,2026-05-22 06:38:05.051100
06:34:02,27.1,73,2026-05-22 06:34:02.796477
06:34:07,36.1,56,2026-05-22 06:34:07.833878
06:34:12,36.2,85,2026-05-22 06:34:12.880296
06:34:17,39.1,65,2026-05-22 06:34:17.925998
06:34:22,30.2,85,2026-05-22 06:34:22.970456
06:34:28,32.2,69,2026-05-22 06:34:28.005112
06:34:33,29.0,52,2026-05-22 06:34:33.046224
06:34:38,29.1,85,2026-05-22 06:34:38.097803
06:34:43,35.9,40,2026-05-22 06:34:43.148274
06:34:48,27.9,63,2026-05-22 06:34:48.200879
06:34:53,39.1,48,2026-05-22 06:34:53.253177
06:34:58,35.1,81,2026-05-22 06:34:58.325769
06:35:03,39.5,46,2026-05-22 06:35:03.371068
06:35:08,38.3,66,2026-05-22 06:35:08.415958
06:35:13,36.1,49,2026-05-22 06:35:13.473986
06:35:18,36.5,63,2026-05-22 06:35:18.549204
06:35:23,28.8,52,2026-05-22 06:35:23.615646
06:35:28,32.7,43,2026-05-22 06:35:28.668498
06:35:33,29.7,60,2026-05-22 06:35:33.712523
06:35:38,37.0,74,2026-05-22 06:35:38.754401
06:35:43,32.9,83,2026-05-22 06:35:43.800995
06:35:48,37.8,77,2026-05-22 06:35:48.838346
06:35:53,29.7,52,2026-05-22 06:35:53.879675
06:35:58,31.3,42,2026-05-22 06:35:58.930842
06:36:03,38.0,70,2026-05-22 06:36:03.971185
06:36:09,30.3,72,2026-05-22 06:36:09.003284
06:36:14,31.3,89,2026-05-22 06:36:14.041694
06:36:19,30.6,86,2026-05-22 06:36:19.087936
06:36:24,30.2,77,2026-05-22 06:36:24.132133
06:36:29,32.7,50,2026-05-22 06:36:29.178944
06:36:34,27.7,60,2026-05-22 06:36:34.215619
06:36:39,28.6,50,2026-05-22 06:36:39.256637
06:36:44,33.0,61,2026-05-22 06:36:44.303107
06:36:49,40.0,51,2026-05-22 06:36:49.343521
06:36:54,26.5,71,2026-05-22 06:36:54.391548
06:36:59,37.4,57,2026-05-22 06:36:59.440501
06:37:04,27.3,47,2026-05-22 06:37:04.484023
06:37:09,37.8,50,2026-05-22 06:37:09.530271
06:37:14,27.9,48,2026-05-22 06:37:14.579237
06:37:19,30.1,52,2026-05-22 06:37:19.624439
06:37:24,27.7,40,2026-05-22 06:37:24.665896
06:37:29,30.2,50,2026-05-22 06:37:29.709659
06:37:34,36.3,66,2026-05-22 06:37:34.773970
06:37:39,25.4,75,2026-05-22 06:37:39.823831
06:37:44,35.8,54,2026-05-22 06:37:44.865975
06:37:49,29.0,57,2026-05-22 06:37:49.900881
06:37:54,31.7,43,2026-05-22 06:37:54.947420
06:38:00,36.9,84,2026-05-22 06:38:00.010231
06:38:05,35.7,58,2026-05-22 06:38:05.051100
06:38:10,26.5,51,2026-05-22 06:38:10.099260
06:34:07,36.1,56,2026-05-22 06:34:07.833878
06:34:12,36.2,85,2026-05-22 06:34:12.880296
06:34:17,39.1,65,2026-05-22 06:34:17.925998
06:34:22,30.2,85,2026-05-22 06:34:22.970456
06:34:28,32.2,69,2026-05-22 06:34:28.005112
06:34:33,29.0,52,2026-05-22 06:34:33.046224
06:34:38,29.1,85,2026-05-22 06:34:38.097803
06:34:43,35.9,40,2026-05-22 06:34:43.148274
06:34:48,27.9,63,2026-05-22 06:34:48.200879
06:34:53,39.1,48,2026-05-22 06:34:53.253177
06:34:58,35.1,81,2026-05-22 06:34:58.325769
06:35:03,39.5,46,2026-05-22 06:35:03.371068
06:35:08,38.3,66,2026-05-22 06:35:08.415958
06:35:13,36.1,49,2026-05-22 06:35:13.473986
06:35:18,36.5,63,2026-05-22 06:35:18.549204
06:35:23,28.8,52,2026-05-22 06:35:23.615646
06:35:28,32.7,43,2026-05-22 06:35:28.668498
06:35:33,29.7,60,2026-05-22 06:35:33.712523
06:35:38,37.0,74,2026-05-22 06:35:38.754401
06:35:43,32.9,83,2026-05-22 06:35:43.800995
06:35:48,37.8,77,2026-05-22 06:35:48.838346
06:35:53,29.7,52,2026-05-22 06:35:53.879675
06:35:58,31.3,42,2026-05-22 06:35:58.930842
06:36:03,38.0,70,2026-05-22 06:36:03.971185
06:36:09,30.3,72,2026-05-22 06:36:09.003284
06:36:14,31.3,89,2026-05-22 06:36:14.041694
06:36:19,30.6,86,2026-05-22 06:36:19.087936
06:36:24,30.2,77,2026-05-22 06:36:24.132133
06:36:29,32.7,50,2026-05-22 06:36:29.178944
06:36:34,27.7,60,2026-05-22 06:36:34.215619
06:36:39,28.6,50,2026-05-22 06:36:39.256637
06:36:44,33.0,61,2026-05-22 06:36:44.303107
06:36:49,40.0,51,2026-05-22 06:36:49.343521
06:36:54,26.5,71,2026-05-22 06:36:54.391548
06:36:59,37.4,57,2026-05-22 06:36:59.440501
06:37:04,27.3,47,2026-05-22 06:37:04.484023
06:37:09,37.8,50,2026-05-22 06:37:09.530271
06:37:14,27.9,48,2026-05-22 06:37:14.579237
06:37:19,30.1,52,2026-05-22 06:37:19.624439
06:37:24,27.7,40,2026-05-22 06:37:24.665896
06:37:29,30.2,50,2026-05-22 06:37:29.709659
06:37:34,36.3,66,2026-05-22 06:37:34.773970
06:37:39,25.4,75,2026-05-22 06:37:39.823831
06:37:44,35.8,54,2026-05-22 06:37:44.865975
06:37:49,29.0,57,2026-05-22 06:37:49.900881
06:37:54,31.7,43,2026-05-22 06:37:54.947420
06:38:00,36.9,84,2026-05-22 06:38:00.010231
06:38:05,35.7,58,2026-05-22 06:38:05.051100
06:38:10,26.5,51,2026-05-22 06:38:10.099260
06:38:15,32.5,84,2026-05-22 06:38:15.150501
06:34:12,36.2,85,2026-05-22 06:34:12.880296
06:34:17,39.1,65,2026-05-22 06:34:17.925998
06:34:22,30.2,85,2026-05-22 06:34:22.970456
06:34:28,32.2,69,2026-05-22 06:34:28.005112
06:34:33,29.0,52,2026-05-22 06:34:33.046224
06:34:38,29.1,85,2026-05-22 06:34:38.097803
06:34:43,35.9,40,2026-05-22 06:34:43.148274
06:34:48,27.9,63,2026-05-22 06:34:48.200879
06:34:53,39.1,48,2026-05-22 06:34:53.253177
06:34:58,35.1,81,2026-05-22 06:34:58.325769
06:35:03,39.5,46,2026-05-22 06:35:03.371068
06:35:08,38.3,66,2026-05-22 06:35:08.415958
06:35:13,36.1,49,2026-05-22 06:35:13.473986
06:35:18,36.5,63,2026-05-22 06:35:18.549204
06:35:23,28.8,52,2026-05-22 06:35:23.615646
06:35:28,32.7,43,2026-05-22 06:35:28.668498
06:35:33,29.7,60,2026-05-22 06:35:33.712523
06:35:38,37.0,74,2026-05-22 06:35:38.754401
06:35:43,32.9,83,2026-05-22 06:35:43.800995
06:35:48,37.8,77,2026-05-22 06:35:48.838346
06:35:53,29.7,52,2026-05-22 06:35:53.879675
06:35:58,31.3,42,2026-05-22 06:35:58.930842
06:36:03,38.0,70,2026-05-22 06:36:03.971185
06:36:09,30.3,72,2026-05-22 06:36:09.003284
06:36:14,31.3,89,2026-05-22 06:36:14.041694
06:36:19,30.6,86,2026-05-22 06:36:19.087936
06:36:24,30.2,77,2026-05-22 06:36:24.132133
06:36:29,32.7,50,2026-05-22 06:36:29.178944
06:36:34,27.7,60,2026-05-22 06:36:34.215619
06:36:39,28.6,50,2026-05-22 06:36:39.256637
06:36:44,33.0,61,2026-05-22 06:36:44.303107
06:36:49,40.0,51,2026-05-22 06:36:49.343521
06:36:54,26.5,71,2026-05-22 06:36:54.391548
06:36:59,37.4,57,2026-05-22 06:36:59.440501
06:37:04,27.3,47,2026-05-22 06:37:04.484023
06:37:09,37.8,50,2026-05-22 06:37:09.530271
06:37:14,27.9,48,2026-05-22 06:37:14.579237
06:37:19,30.1,52,2026-05-22 06:37:19.624439
06:37:24,27.7,40,2026-05-22 06:37:24.665896
06:37:29,30.2,50,2026-05-22 06:37:29.709659
06:37:34,36.3,66,2026-05-22 06:37:34.773970
06:37:39,25.4,75,2026-05-22 06:37:39.823831
06:37:44,35.8,54,2026-05-22 06:37:44.865975
06:37:49,29.0,57,2026-05-22 06:37:49.900881
06:37:54,31.7,43,2026-05-22 06:37:54.947420
06:38:00,36.9,84,2026-05-22 06:38:00.010231
06:38:05,35.7,58,2026-05-22 06:38:05.051100
06:38:10,26.5,51,2026-05-22 06:38:10.099260
06:38:15,32.5,84,2026-05-22 06:38:15.150501
06:38:20,31.3,60,2026-05-22 06:38:20.215036
06:34:17,39.1,65,2026-05-22 06:34:17.925998
06:34:22,30.2,85,2026-05-22 06:34:22.970456
06:34:28,32.2,69,2026-05-22 06:34:28.005112
06:34:33,29.0,52,2026-05-22 06:34:33.046224
06:34:38,29.1,85,2026-05-22 06:34:38.097803
06:34:43,35.9,40,2026-05-22 06:34:43.148274
06:34:48,27.9,63,2026-05-22 06:34:48.200879
06:34:53,39.1,48,2026-05-22 06:34:53.253177
06:34:58,35.1,81,2026-05-22 06:34:58.325769
06:35:03,39.5,46,2026-05-22 06:35:03.371068
06:35:08,38.3,66,2026-05-22 06:35:08.415958
06:35:13,36.1,49,2026-05-22 06:35:13.473986
06:35:18,36.5,63,2026-05-22 06:35:18.549204
06:35:23,28.8,52,2026-05-22 06:35:23.615646
06:35:28,32.7,43,2026-05-22 06:35:28.668498
06:35:33,29.7,60,2026-05-22 06:35:33.712523
06:35:38,37.0,74,2026-05-22 06:35:38.754401
06:35:43,32.9,83,2026-05-22 06:35:43.800995
06:35:48,37.8,77,2026-05-22 06:35:48.838346
06:35:53,29.7,52,2026-05-22 06:35:53.879675
06:35:58,31.3,42,2026-05-22 06:35:58.930842
06:36:03,38.0,70,2026-05-22 06:36:03.971185
06:36:09,30.3,72,2026-05-22 06:36:09.003284
06:36:14,31.3,89,2026-05-22 06:36:14.041694
06:36:19,30.6,86,2026-05-22 06:36:19.087936
06:36:24,30.2,77,2026-05-22 06:36:24.132133
06:36:29,32.7,50,2026-05-22 06:36:29.178944
06:36:34,27.7,60,2026-05-22 06:36:34.215619
06:36:39,28.6,50,2026-05-22 06:36:39.256637
06:36:44,33.0,61,2026-05-22 06:36:44.303107
06:36:49,40.0,51,2026-05-22 06:36:49.343521
06:36:54,26.5,71,2026-05-22 06:36:54.391548
06:36:59,37.4,57,2026-05-22 06:36:59.440501
06:37:04,27.3,47,2026-05-22 06:37:04.484023
06:37:09,37.8,50,2026-05-22 06:37:09.530271
06:37:14,27.9,48,2026-05-22 06:37:14.579237
06:37:19,30.1,52,2026-05-22 06:37:19.624439
06:37:24,27.7,40,2026-05-22 06:37:24.665896
06:37:29,30.2,50,2026-05-22 06:37:29.709659
06:37:34,36.3,66,2026-05-22 06:37:34.773970
06:37:39,25.4,75,2026-05-22 06:37:39.823831
06:37:44,35.8,54,2026-05-22 06:37:44.865975
06:37:49,29.0,57,2026-05-22 06:37:49.900881
06:37:54,31.7,43,2026-05-22 06:37:54.947420
06:38:00,36.9,84,2026-05-22 06:38:00.010231
06:38:05,35.7,58,2026-05-22 06:38:05.051100
06:38:10,26.5,51,2026-05-22 06:38:10.099260
06:38:15,32.5,84,2026-05-22 06:38:15.150501
06:38:20,31.3,60,2026-05-22 06:38:20.215036
06:38:25,34.3,83,2026-05-22 06:38:25.285683
06:34:22,30.2,85,2026-05-22 06:34:22.970456
06:34:28,32.2,69,2026-05-22 06:34:28.005112
06:34:33,29.0,52,2026-05-22 06:34:33.046224
06:34:38,29.1,85,2026-05-22 06:34:38.097803
06:34:43,35.9,40,2026-05-22 06:34:43.148274
06:34:48,27.9,63,2026-05-22 06:34:48.200879
06:34:53,39.1,48,2026-05-22 06:34:53.253177
06:34:58,35.1,81,2026-05-22 06:34:58.325769
06:35:03,39.5,46,2026-05-22 06:35:03.371068
06:35:08,38.3,66,2026-05-22 06:35:08.415958
06:35:13,36.1,49,2026-05-22 06:35:13.473986
06:35:18,36.5,63,2026-05-22 06:35:18.549204
06:35:23,28.8,52,2026-05-22 06:35:23.615646
06:35:28,32.7,43,2026-05-22 06:35:28.668498
06:35:33,29.7,60,2026-05-22 06:35:33.712523
06:35:38,37.0,74,2026-05-22 06:35:38.754401
06:35:43,32.9,83,2026-05-22 06:35:43.800995
06:35:48,37.8,77,2026-05-22 06:35:48.838346
06:35:53,29.7,52,2026-05-22 06:35:53.879675
06:35:58,31.3,42,2026-05-22 06:35:58.930842
06:36:03,38.0,70,2026-05-22 06:36:03.971185
06:36:09,30.3,72,2026-05-22 06:36:09.003284
06:36:14,31.3,89,2026-05-22 06:36:14.041694
06:36:19,30.6,86,2026-05-22 06:36:19.087936
06:36:24,30.2,77,2026-05-22 06:36:24.132133
06:36:29,32.7,50,2026-05-22 06:36:29.178944
06:36:34,27.7,60,2026-05-22 06:36:34.215619
06:36:39,28.6,50,2026-05-22 06:36:39.256637
06:36:44,33.0,61,2026-05-22 06:36:44.303107
06:36:49,40.0,51,2026-05-22 06:36:49.343521
06:36:54,26.5,71,2026-05-22 06:36:54.391548
06:36:59,37.4,57,2026-05-22 06:36:59.440501
06:37:04,27.3,47,2026-05-22 06:37:04.484023
06:37:09,37.8,50,2026-05-22 06:37:09.530271
06:37:14,27.9,48,2026-05-22 06:37:14.579237
06:37:19,30.1,52,2026-05-22 06:37:19.624439
06:37:24,27.7,40,2026-05-22 06:37:24.665896
06:37:29,30.2,50,2026-05-22 06:37:29.709659
06:37:34,36.3,66,2026-05-22 06:37:34.773970
06:37:39,25.4,75,2026-05-22 06:37:39.823831
06:37:44,35.8,54,2026-05-22 06:37:44.865975
06:37:49,29.0,57,2026-05-22 06:37:49.900881
06:37:54,31.7,43,2026-05-22 06:37:54.947420
06:38:00,36.9,84,2026-05-22 06:38:00.010231
06:38:05,35.7,58,2026-05-22 06:38:05.051100
06:38:10,26.5,51,2026-05-22 06:38:10.099260
06:38:15,32.5,84,2026-05-22 06:38:15.150501
06:38:20,31.3,60,2026-05-22 06:38:20.215036
06:38:25,34.3,83,2026-05-22 06:38:25.285683
06:38:30,37.4,54,2026-05-22 06:38:30.364873
06:34:28,32.2,69,2026-05-22 06:34:28.005112
06:34:33,29.0,52,2026-05-22 06:34:33.046224
06:34:38,29.1,85,2026-05-22 06:34:38.097803
06:34:43,35.9,40,2026-05-22 06:34:43.148274
06:34:48,27.9,63,2026-05-22 06:34:48.200879
06:34:53,39.1,48,2026-05-22 06:34:53.253177
06:34:58,35.1,81,2026-05-22 06:34:58.325769
06:35:03,39.5,46,2026-05-22 06:35:03.371068
06:35:08,38.3,66,2026-05-22 06:35:08.415958
06:35:13,36.1,49,2026-05-22 06:35:13.473986
06:35:18,36.5,63,2026-05-22 06:35:18.549204
06:35:23,28.8,52,2026-05-22 06:35:23.615646
06:35:28,32.7,43,2026-05-22 06:35:28.668498
06:35:33,29.7,60,2026-05-22 06:35:33.712523
06:35:38,37.0,74,2026-05-22 06:35:38.754401
06:35:43,32.9,83,2026-05-22 06:35:43.800995
06:35:48,37.8,77,2026-05-22 06:35:48.838346
06:35:53,29.7,52,2026-05-22 06:35:53.879675
06:35:58,31.3,42,2026-05-22 06:35:58.930842
06:36:03,38.0,70,2026-05-22 06:36:03.971185
06:36:09,30.3,72,2026-05-22 06:36:09.003284
06:36:14,31.3,89,2026-05-22 06:36:14.041694
06:36:19,30.6,86,2026-05-22 06:36:19.087936
06:36:24,30.2,77,2026-05-22 06:36:24.132133
06:36:29,32.7,50,2026-05-22 06:36:29.178944
06:36:34,27.7,60,2026-05-22 06:36:34.215619
06:36:39,28.6,50,2026-05-22 06:36:39.256637
06:36:44,33.0,61,2026-05-22 06:36:44.303107
06:36:49,40.0,51,2026-05-22 06:36:49.343521
06:36:54,26.5,71,2026-05-22 06:36:54.391548
06:36:59,37.4,57,2026-05-22 06:36:59.440501
06:37:04,27.3,47,2026-05-22 06:37:04.484023
06:37:09,37.8,50,2026-05-22 06:37:09.530271
06:37:14,27.9,48,2026-05-22 06:37:14.579237
06:37:19,30.1,52,2026-05-22 06:37:19.624439
06:37:24,27.7,40,2026-05-22 06:37:24.665896
06:37:29,30.2,50,2026-05-22 06:37:29.709659
06:37:34,36.3,66,2026-05-22 06:37:34.773970
06:37:39,25.4,75,2026-05-22 06:37:39.823831
06:37:44,35.8,54,2026-05-22 06:37:44.865975
06:37:49,29.0,57,2026-05-22 06:37:49.900881
06:37:54,31.7,43,2026-05-22 06:37:54.947420
06:38:00,36.9,84,2026-05-22 06:38:00.010231
06:38:05,35.7,58,2026-05-22 06:38:05.051100
06:38:10,26.5,51,2026-05-22 06:38:10.099260
06:38:15,32.5,84,2026-05-22 06:38:15.150501
06:38:20,31.3,60,2026-05-22 06:38:20.215036
06:38:25,34.3,83,2026-05-22 06:38:25.285683
06:38:30,37.4,54,2026-05-22 06:38:30.364873
06:38:35,31.8,52,2026-05-22 06:38:35.432862
06:34:33,29.0,52,2026-05-22 06:34:33.046224
06:34:38,29.1,85,2026-05-22 06:34:38.097803
06:34:43,35.9,40,2026-05-22 06:34:43.148274
06:34:48,27.9,63,2026-05-22 06:34:48.200879
06:34:53,39.1,48,2026-05-22 06:34:53.253177
06:34:58,35.1,81,2026-05-22 06:34:58.325769
06:35:03,39.5,46,2026-05-22 06:35:03.371068
06:35:08,38.3,66,2026-05-22 06:35:08.415958
06:35:13,36.1,49,2026-05-22 06:35:13.473986
06:35:18,36.5,63,2026-05-22 06:35:18.549204
06:35:23,28.8,52,2026-05-22 06:35:23.615646
06:35:28,32.7,43,2026-05-22 06:35:28.668498
06:35:33,29.7,60,2026-05-22 06:35:33.712523
06:35:38,37.0,74,2026-05-22 06:35:38.754401
06:35:43,32.9,83,2026-05-22 06:35:43.800995
06:35:48,37.8,77,2026-05-22 06:35:48.838346
06:35:53,29.7,52,2026-05-22 06:35:53.879675
06:35:58,31.3,42,2026-05-22 06:35:58.930842
06:36:03,38.0,70,2026-05-22 06:36:03.971185
06:36:09,30.3,72,2026-05-22 06:36:09.003284
06:36:14,31.3,89,2026-05-22 06:36:14.041694
06:36:19,30.6,86,2026-05-22 06:36:19.087936
06:36:24,30.2,77,2026-05-22 06:36:24.132133
06:36:29,32.7,50,2026-05-22 06:36:29.178944
06:36:34,27.7,60,2026-05-22 06:36:34.215619
06:36:39,28.6,50,2026-05-22 06:36:39.256637
06:36:44,33.0,61,2026-05-22 06:36:44.303107
06:36:49,40.0,51,2026-05-22 06:36:49.343521
06:36:54,26.5,71,2026-05-22 06:36:54.391548
06:36:59,37.4,57,2026-05-22 06:36:59.440501
06:37:04,27.3,47,2026-05-22 06:37:04.484023
06:37:09,37.8,50,2026-05-22 06:37:09.530271
06:37:14,27.9,48,2026-05-22 06:37:14.579237
06:37:19,30.1,52,2026-05-22 06:37:19.624439
06:37:24,27.7,40,2026-05-22 06:37:24.665896
06:37:29,30.2,50,2026-05-22 06:37:29.709659
06:37:34,36.3,66,2026-05-22 06:37:34.773970
06:37:39,25.4,75,2026-05-22 06:37:39.823831
06:37:44,35.8,54,2026-05-22 06:37:44.865975
06:37:49,29.0,57,2026-05-22 06:37:49.900881
06:37:54,31.7,43,2026-05-22 06:37:54.947420
06:38:00,36.9,84,2026-05-22 06:38:00.010231
06:38:05,35.7,58,2026-05-22 06:38:05.051100
06:38:10,26.5,51,2026-05-22 06:38:10.099260
06:38:15,32.5,84,2026-05-22 06:38:15.150501
06:38:20,31.3,60,2026-05-22 06:38:20.215036
06:38:25,34.3,83,2026-05-22 06:38:25.285683
06:38:30,37.4,54,2026-05-22 06:38:30.364873
06:38:35,31.8,52,2026-05-22 06:38:35.432862
06:38:40,29.0,43,2026-05-22 06:38:40.499716
06:34:38,29.1,85,2026-05-22 06:34:38.097803
06:34:43,35.9,40,2026-05-22 06:34:43.148274
06:34:48,27.9,63,2026-05-22 06:34:48.200879
06:34:53,39.1,48,2026-05-22 06:34:53.253177
06:34:58,35.1,81,2026-05-22 06:34:58.325769
06:35:03,39.5,46,2026-05-22 06:35:03.371068
06:35:08,38.3,66,2026-05-22 06:35:08.415958
06:35:13,36.1,49,2026-05-22 06:35:13.473986
06:35:18,36.5,63,2026-05-22 06:35:18.549204
06:35:23,28.8,52,2026-05-22 06:35:23.615646
06:35:28,32.7,43,2026-05-22 06:35:28.668498
06:35:33,29.7,60,2026-05-22 06:35:33.712523
06:35:38,37.0,74,2026-05-22 06:35:38.754401
06:35:43,32.9,83,2026-05-22 06:35:43.800995
06:35:48,37.8,77,2026-05-22 06:35:48.838346
06:35:53,29.7,52,2026-05-22 06:35:53.879675
06:35:58,31.3,42,2026-05-22 06:35:58.930842
06:36:03,38.0,70,2026-05-22 06:36:03.971185
06:36:09,30.3,72,2026-05-22 06:36:09.003284
06:36:14,31.3,89,2026-05-22 06:36:14.041694
06:36:19,30.6,86,2026-05-22 06:36:19.087936
06:36:24,30.2,77,2026-05-22 06:36:24.132133
06:36:29,32.7,50,2026-05-22 06:36:29.178944
06:36:34,27.7,60,2026-05-22 06:36:34.215619
06:36:39,28.6,50,2026-05-22 06:36:39.256637
06:36:44,33.0,61,2026-05-22 06:36:44.303107
06:36:49,40.0,51,2026-05-22 06:36:49.343521
06:36:54,26.5,71,2026-05-22 06:36:54.391548
06:36:59,37.4,57,2026-05-22 06:36:59.440501
06:37:04,27.3,47,2026-05-22 06:37:04.484023
06:37:09,37.8,50,2026-05-22 06:37:09.530271
06:37:14,27.9,48,2026-05-22 06:37:14.579237
06:37:19,30.1,52,2026-05-22 06:37:19.624439
06:37:24,27.7,40,2026-05-22 06:37:24.665896
06:37:29,30.2,50,2026-05-22 06:37:29.709659
06:37:34,36.3,66,2026-05-22 06:37:34.773970
06:37:39,25.4,75,2026-05-22 06:37:39.823831
06:37:44,35.8,54,2026-05-22 06:37:44.865975
06:37:49,29.0,57,2026-05-22 06:37:49.900881
06:37:54,31.7,43,2026-05-22 06:37:54.947420
06:38:00,36.9,84,2026-05-22 06:38:00.010231
06:38:05,35.7,58,2026-05-22 06:38:05.051100
06:38:10,26.5,51,2026-05-22 06:38:10.099260
06:38:15,32.5,84,2026-05-22 06:38:15.150501
06:38:20,31.3,60,2026-05-22 06:38:20.215036
06:38:25,34.3,83,2026-05-22 06:38:25.285683
06:38:30,37.4,54,2026-05-22 06:38:30.364873
06:38:35,31.8,52,2026-05-22 06:38:35.432862
06:38:40,29.0,43,2026-05-22 06:38:40.499716
06:38:45,26.3,75,2026-05-22 06:38:45.551954
06:34:43,35.9,40,2026-05-22 06:34:43.148274
06:34:48,27.9,63,2026-05-22 06:34:48.200879
06:34:53,39.1,48,2026-05-22 06:34:53.253177
06:34:58,35.1,81,2026-05-22 06:34:58.325769
06:35:03,39.5,46,2026-05-22 06:35:03.371068
06:35:08,38.3,66,2026-05-22 06:35:08.415958
06:35:13,36.1,49,2026-05-22 06:35:13.473986
06:35:18,36.5,63,2026-05-22 06:35:18.549204
06:35:23,28.8,52,2026-05-22 06:35:23.615646
06:35:28,32.7,43,2026-05-22 06:35:28.668498
06:35:33,29.7,60,2026-05-22 06:35:33.712523
06:35:38,37.0,74,2026-05-22 06:35:38.754401
06:35:43,32.9,83,2026-05-22 06:35:43.800995
06:35:48,37.8,77,2026-05-22 06:35:48.838346
06:35:53,29.7,52,2026-05-22 06:35:53.879675
06:35:58,31.3,42,2026-05-22 06:35:58.930842
06:36:03,38.0,70,2026-05-22 06:36:03.971185
06:36:09,30.3,72,2026-05-22 06:36:09.003284
06:36:14,31.3,89,2026-05-22 06:36:14.041694
06:36:19,30.6,86,2026-05-22 06:36:19.087936
06:36:24,30.2,77,2026-05-22 06:36:24.132133
06:36:29,32.7,50,2026-05-22 06:36:29.178944
06:36:34,27.7,60,2026-05-22 06:36:34.215619
06:36:39,28.6,50,2026-05-22 06:36:39.256637
06:36:44,33.0,61,2026-05-22 06:36:44.303107
06:36:49,40.0,51,2026-05-22 06:36:49.343521
06:36:54,26.5,71,2026-05-22 06:36:54.391548
06:36:59,37.4,57,2026-05-22 06:36:59.440501
06:37:04,27.3,47,2026-05-22 06:37:04.484023
06:37:09,37.8,50,2026-05-22 06:37:09.530271
06:37:14,27.9,48,2026-05-22 06:37:14.579237
06:37:19,30.1,52,2026-05-22 06:37:19.624439
06:37:24,27.7,40,2026-05-22 06:37:24.665896
06:37:29,30.2,50,2026-05-22 06:37:29.709659
06:37:34,36.3,66,2026-05-22 06:37:34.773970
06:37:39,25.4,75,2026-05-22 06:37:39.823831
06:37:44,35.8,54,2026-05-22 06:37:44.865975
06:37:49,29.0,57,2026-05-22 06:37:49.900881
06:37:54,31.7,43,2026-05-22 06:37:54.947420
06:38:00,36.9,84,2026-05-22 06:38:00.010231
06:38:05,35.7,58,2026-05-22 06:38:05.051100
06:38:10,26.5,51,2026-05-22 06:38:10.099260
06:38:15,32.5,84,2026-05-22 06:38:15.150501
06:38:20,31.3,60,2026-05-22 06:38:20.215036
06:38:25,34.3,83,2026-05-22 06:38:25.285683
06:38:30,37.4,54,2026-05-22 06:38:30.364873
06:38:35,31.8,52,2026-05-22 06:38:35.432862
06:38:40,29.0,43,2026-05-22 06:38:40.499716
06:38:45,26.3,75,2026-05-22 06:38:45.551954
06:38:50,35.8,87,2026-05-22 06:38:50.624602
06:34:48,27.9,63,2026-05-22 06:34:48.200879
06:34:53,39.1,48,2026-05-22 06:34:53.253177
06:34:58,35.1,81,2026-05-22 06:34:58.325769
06:35:03,39.5,46,2026-05-22 06:35:03.371068
06:35:08,38.3,66,2026-05-22 06:35:08.415958
06:35:13,36.1,49,2026-05-22 06:35:13.473986
06:35:18,36.5,63,2026-05-22 06:35:18.549204
06:35:23,28.8,52,2026-05-22 06:35:23.615646
06:35:28,32.7,43,2026-05-22 06:35:28.668498
06:35:33,29.7,60,2026-05-22 06:35:33.712523
06:35:38,37.0,74,2026-05-22 06:35:38.754401
06:35:43,32.9,83,2026-05-22 06:35:43.800995
06:35:48,37.8,77,2026-05-22 06:35:48.838346
06:35:53,29.7,52,2026-05-22 06:35:53.879675
06:35:58,31.3,42,2026-05-22 06:35:58.930842
06:36:03,38.0,70,2026-05-22 06:36:03.971185
06:36:09,30.3,72,2026-05-22 06:36:09.003284
06:36:14,31.3,89,2026-05-22 06:36:14.041694
06:36:19,30.6,86,2026-05-22 06:36:19.087936
06:36:24,30.2,77,2026-05-22 06:36:24.132133
06:36:29,32.7,50,2026-05-22 06:36:29.178944
06:36:34,27.7,60,2026-05-22 06:36:34.215619
06:36:39,28.6,50,2026-05-22 06:36:39.256637
06:36:44,33.0,61,2026-05-22 06:36:44.303107
06:36:49,40.0,51,2026-05-22 06:36:49.343521
06:36:54,26.5,71,2026-05-22 06:36:54.391548
06:36:59,37.4,57,2026-05-22 06:36:59.440501
06:37:04,27.3,47,2026-05-22 06:37:04.484023
06:37:09,37.8,50,2026-05-22 06:37:09.530271
06:37:14,27.9,48,2026-05-22 06:37:14.579237
06:37:19,30.1,52,2026-05-22 06:37:19.624439
06:37:24,27.7,40,2026-05-22 06:37:24.665896
06:37:29,30.2,50,2026-05-22 06:37:29.709659
06:37:34,36.3,66,2026-05-22 06:37:34.773970
06:37:39,25.4,75,2026-05-22 06:37:39.823831
06:37:44,35.8,54,2026-05-22 06:37:44.865975
06:37:49,29.0,57,2026-05-22 06:37:49.900881
06:37:54,31.7,43,2026-05-22 06:37:54.947420
06:38:00,36.9,84,2026-05-22 06:38:00.010231
06:38:05,35.7,58,2026-05-22 06:38:05.051100
06:38:10,26.5,51,2026-05-22 06:38:10.099260
06:38:15,32.5,84,2026-05-22 06:38:15.150501
06:38:20,31.3,60,2026-05-22 06:38:20.215036
06:38:25,34.3,83,2026-05-22 06:38:25.285683
06:38:30,37.4,54,2026-05-22 06:38:30.364873
06:38:35,31.8,52,2026-05-22 06:38:35.432862
06:38:40,29.0,43,2026-05-22 06:38:40.499716
06:38:45,26.3,75,2026-05-22 06:38:45.551954
06:38:50,35.8,87,2026-05-22 06:38:50.624602
06:38:55,32.9,40,2026-05-22 06:38:55.747862
06:34:53,39.1,48,2026-05-22 06:34:53.253177
06:34:58,35.1,81,2026-05-22 06:34:58.325769
06:35:03,39.5,46,2026-05-22 06:35:03.371068
06:35:08,38.3,66,2026-05-22 06:35:08.415958
06:35:13,36.1,49,2026-05-22 06:35:13.473986
06:35:18,36.5,63,2026-05-22 06:35:18.549204
06:35:23,28.8,52,2026-05-22 06:35:23.615646
06:35:28,32.7,43,2026-05-22 06:35:28.668498
06:35:33,29.7,60,2026-05-22 06:35:33.712523
06:35:38,37.0,74,2026-05-22 06:35:38.754401
06:35:43,32.9,83,2026-05-22 06:35:43.800995
06:35:48,37.8,77,2026-05-22 06:35:48.838346
06:35:53,29.7,52,2026-05-22 06:35:53.879675
06:35:58,31.3,42,2026-05-22 06:35:58.930842
06:36:03,38.0,70,2026-05-22 06:36:03.971185
06:36:09,30.3,72,2026-05-22 06:36:09.003284
06:36:14,31.3,89,2026-05-22 06:36:14.041694
06:36:19,30.6,86,2026-05-22 06:36:19.087936
06:36:24,30.2,77,2026-05-22 06:36:24.132133
06:36:29,32.7,50,2026-05-22 06:36:29.178944
06:36:34,27.7,60,2026-05-22 06:36:34.215619
06:36:39,28.6,50,2026-05-22 06:36:39.256637
06:36:44,33.0,61,2026-05-22 06:36:44.303107
06:36:49,40.0,51,2026-05-22 06:36:49.343521
06:36:54,26.5,71,2026-05-22 06:36:54.391548
06:36:59,37.4,57,2026-05-22 06:36:59.440501
06:37:04,27.3,47,2026-05-22 06:37:04.484023
06:37:09,37.8,50,2026-05-22 06:37:09.530271
06:37:14,27.9,48,2026-05-22 06:37:14.579237
06:37:19,30.1,52,2026-05-22 06:37:19.624439
06:37:24,27.7,40,2026-05-22 06:37:24.665896
06:37:29,30.2,50,2026-05-22 06:37:29.709659
06:37:34,36.3,66,2026-05-22 06:37:34.773970
06:37:39,25.4,75,2026-05-22 06:37:39.823831
06:37:44,35.8,54,2026-05-22 06:37:44.865975
06:37:49,29.0,57,2026-05-22 06:37:49.900881
06:37:54,31.7,43,2026-05-22 06:37:54.947420
06:38:00,36.9,84,2026-05-22 06:38:00.010231
06:38:05,35.7,58,2026-05-22 06:38:05.051100
06:38:10,26.5,51,2026-05-22 06:38:10.099260
06:38:15,32.5,84,2026-05-22 06:38:15.150501
06:38:20,31.3,60,2026-05-22 06:38:20.215036
06:38:25,34.3,83,2026-05-22 06:38:25.285683
06:38:30,37.4,54,2026-05-22 06:38:30.364873
06:38:35,31.8,52,2026-05-22 06:38:35.432862
06:38:40,29.0,43,2026-05-22 06:38:40.499716
06:38:45,26.3,75,2026-05-22 06:38:45.551954
06:38:50,35.8,87,2026-05-22 06:38:50.624602
06:38:55,32.9,40,2026-05-22 06:38:55.747862
06:39:00,34.0,80,2026-05-22 06:39:00.816672
06:34:58,35.1,81,2026-05-22 06:34:58.325769
06:35:03,39.5,46,2026-05-22 06:35:03.371068
06:35:08,38.3,66,2026-05-22 06:35:08.415958
06:35:13,36.1,49,2026-05-22 06:35:13.473986
06:35:18,36.5,63,2026-05-22 06:35:18.549204
06:35:23,28.8,52,2026-05-22 06:35:23.615646
06:35:28,32.7,43,2026-05-22 06:35:28.668498
06:35:33,29.7,60,2026-05-22 06:35:33.712523
06:35:38,37.0,74,2026-05-22 06:35:38.754401
06:35:43,32.9,83,2026-05-22 06:35:43.800995
06:35:48,37.8,77,2026-05-22 06:35:48.838346
06:35:53,29.7,52,2026-05-22 06:35:53.879675
06:35:58,31.3,42,2026-05-22 06:35:58.930842
06:36:03,38.0,70,2026-05-22 06:36:03.971185
06:36:09,30.3,72,2026-05-22 06:36:09.003284
06:36:14,31.3,89,2026-05-22 06:36:14.041694
06:36:19,30.6,86,2026-05-22 06:36:19.087936
06:36:24,30.2,77,2026-05-22 06:36:24.132133
06:36:29,32.7,50,2026-05-22 06:36:29.178944
06:36:34,27.7,60,2026-05-22 06:36:34.215619
06:36:39,28.6,50,2026-05-22 06:36:39.256637
06:36:44,33.0,61,2026-05-22 06:36:44.303107
06:36:49,40.0,51,2026-05-22 06:36:49.343521
06:36:54,26.5,71,2026-05-22 06:36:54.391548
06:36:59,37.4,57,2026-05-22 06:36:59.440501
06:37:04,27.3,47,2026-05-22 06:37:04.484023
06:37:09,37.8,50,2026-05-22 06:37:09.530271
06:37:14,27.9,48,2026-05-22 06:37:14.579237
06:37:19,30.1,52,2026-05-22 06:37:19.624439
06:37:24,27.7,40,2026-05-22 06:37:24.665896
06:37:29,30.2,50,2026-05-22 06:37:29.709659
06:37:34,36.3,66,2026-05-22 06:37:34.773970
06:37:39,25.4,75,2026-05-22 06:37:39.823831
06:37:44,35.8,54,2026-05-22 06:37:44.865975
06:37:49,29.0,57,2026-05-22 06:37:49.900881
06:37:54,31.7,43,2026-05-22 06:37:54.947420
06:38:00,36.9,84,2026-05-22 06:38:00.010231
06:38:05,35.7,58,2026-05-22 06:38:05.051100
06:38:10,26.5,51,2026-05-22 06:38:10.099260
06:38:15,32.5,84,2026-05-22 06:38:15.150501
06:38:20,31.3,60,2026-05-22 06:38:20.215036
06:38:25,34.3,83,2026-05-22 06:38:25.285683
06:38:30,37.4,54,2026-05-22 06:38:30.364873
06:38:35,31.8,52,2026-05-22 06:38:35.432862
06:38:40,29.0,43,2026-05-22 06:38:40.499716
06:38:45,26.3,75,2026-05-22 06:38:45.551954
06:38:50,35.8,87,2026-05-22 06:38:50.624602
06:38:55,32.9,40,2026-05-22 06:38:55.747862
06:39:00,34.0,80,2026-05-22 06:39:00.816672
06:39:05,28.8,51,2026-05-22 06:39:05.879730
06:35:03,39.5,46,2026-05-22 06:35:03.371068
06:35:08,38.3,66,2026-05-22 06:35:08.415958
06:35:13,36.1,49,2026-05-22 06:35:13.473986
06:35:18,36.5,63,2026-05-22 06:35:18.549204
06:35:23,28.8,52,2026-05-22 06:35:23.615646
06:35:28,32.7,43,2026-05-22 06:35:28.668498
06:35:33,29.7,60,2026-05-22 06:35:33.712523
06:35:38,37.0,74,2026-05-22 06:35:38.754401
06:35:43,32.9,83,2026-05-22 06:35:43.800995
06:35:48,37.8,77,2026-05-22 06:35:48.838346
06:35:53,29.7,52,2026-05-22 06:35:53.879675
06:35:58,31.3,42,2026-05-22 06:35:58.930842
06:36:03,38.0,70,2026-05-22 06:36:03.971185
06:36:09,30.3,72,2026-05-22 06:36:09.003284
06:36:14,31.3,89,2026-05-22 06:36:14.041694
06:36:19,30.6,86,2026-05-22 06:36:19.087936
06:36:24,30.2,77,2026-05-22 06:36:24.132133
06:36:29,32.7,50,2026-05-22 06:36:29.178944
06:36:34,27.7,60,2026-05-22 06:36:34.215619
06:36:39,28.6,50,2026-05-22 06:36:39.256637
06:36:44,33.0,61,2026-05-22 06:36:44.303107
06:36:49,40.0,51,2026-05-22 06:36:49.343521
06:36:54,26.5,71,2026-05-22 06:36:54.391548
06:36:59,37.4,57,2026-05-22 06:36:59.440501
06:37:04,27.3,47,2026-05-22 06:37:04.484023
06:37:09,37.8,50,2026-05-22 06:37:09.530271
06:37:14,27.9,48,2026-05-22 06:37:14.579237
06:37:19,30.1,52,2026-05-22 06:37:19.624439
06:37:24,27.7,40,2026-05-22 06:37:24.665896
06:37:29,30.2,50,2026-05-22 06:37:29.709659
06:37:34,36.3,66,2026-05-22 06:37:34.773970
06:37:39,25.4,75,2026-05-22 06:37:39.823831
06:37:44,35.8,54,2026-05-22 06:37:44.865975
06:37:49,29.0,57,2026-05-22 06:37:49.900881
06:37:54,31.7,43,2026-05-22 06:37:54.947420
06:38:00,36.9,84,2026-05-22 06:38:00.010231
06:38:05,35.7,58,2026-05-22 06:38:05.051100
06:38:10,26.5,51,2026-05-22 06:38:10.099260
06:38:15,32.5,84,2026-05-22 06:38:15.150501
06:38:20,31.3,60,2026-05-22 06:38:20.215036
06:38:25,34.3,83,2026-05-22 06:38:25.285683
06:38:30,37.4,54,2026-05-22 06:38:30.364873
06:38:35,31.8,52,2026-05-22 06:38:35.432862
06:38:40,29.0,43,2026-05-22 06:38:40.499716
06:38:45,26.3,75,2026-05-22 06:38:45.551954
06:38:50,35.8,87,2026-05-22 06:38:50.624602
06:38:55,32.9,40,2026-05-22 06:38:55.747862
06:39:00,34.0,80,2026-05-22 06:39:00.816672
06:39:05,28.8,51,2026-05-22 06:39:05.879730
06:39:10,32.5,55,2026-05-22 06:39:10.950352
06:35:08,38.3,66,2026-05-22 06:35:08.415958
06:35:13,36.1,49,2026-05-22 06:35:13.473986
06:35:18,36.5,63,2026-05-22 06:35:18.549204
06:35:23,28.8,52,2026-05-22 06:35:23.615646
06:35:28,32.7,43,2026-05-22 06:35:28.668498
06:35:33,29.7,60,2026-05-22 06:35:33.712523
06:35:38,37.0,74,2026-05-22 06:35:38.754401
06:35:43,32.9,83,2026-05-22 06:35:43.800995
06:35:48,37.8,77,2026-05-22 06:35:48.838346
06:35:53,29.7,52,2026-05-22 06:35:53.879675
06:35:58,31.3,42,2026-05-22 06:35:58.930842
06:36:03,38.0,70,2026-05-22 06:36:03.971185
06:36:09,30.3,72,2026-05-22 06:36:09.003284
06:36:14,31.3,89,2026-05-22 06:36:14.041694
06:36:19,30.6,86,2026-05-22 06:36:19.087936
06:36:24,30.2,77,2026-05-22 06:36:24.132133
06:36:29,32.7,50,2026-05-22 06:36:29.178944
06:36:34,27.7,60,2026-05-22 06:36:34.215619
06:36:39,28.6,50,2026-05-22 06:36:39.256637
06:36:44,33.0,61,2026-05-22 06:36:44.303107
06:36:49,40.0,51,2026-05-22 06:36:49.343521
06:36:54,26.5,71,2026-05-22 06:36:54.391548
06:36:59,37.4,57,2026-05-22 06:36:59.440501
06:37:04,27.3,47,2026-05-22 06:37:04.484023
06:37:09,37.8,50,2026-05-22 06:37:09.530271
06:37:14,27.9,48,2026-05-22 06:37:14.579237
06:37:19,30.1,52,2026-05-22 06:37:19.624439
06:37:24,27.7,40,2026-05-22 06:37:24.665896
06:37:29,30.2,50,2026-05-22 06:37:29.709659
06:37:34,36.3,66,2026-05-22 06:37:34.773970
06:37:39,25.4,75,2026-05-22 06:37:39.823831
06:37:44,35.8,54,2026-05-22 06:37:44.865975
06:37:49,29.0,57,2026-05-22 06:37:49.900881
06:37:54,31.7,43,2026-05-22 06:37:54.947420
06:38:00,36.9,84,2026-05-22 06:38:00.010231
06:38:05,35.7,58,2026-05-22 06:38:05.051100
06:38:10,26.5,51,2026-05-22 06:38:10.099260
06:38:15,32.5,84,2026-05-22 06:38:15.150501
06:38:20,31.3,60,2026-05-22 06:38:20.215036
06:38:25,34.3,83,2026-05-22 06:38:25.285683
06:38:30,37.4,54,2026-05-22 06:38:30.364873
06:38:35,31.8,52,2026-05-22 06:38:35.432862
06:38:40,29.0,43,2026-05-22 06:38:40.499716
06:38:45,26.3,75,2026-05-22 06:38:45.551954
06:38:50,35.8,87,2026-05-22 06:38:50.624602
06:38:55,32.9,40,2026-05-22 06:38:55.747862
06:39:00,34.0,80,2026-05-22 06:39:00.816672
06:39:05,28.8,51,2026-05-22 06:39:05.879730
06:39:10,32.5,55,2026-05-22 06:39:10.950352
06:39:16,34.1,48,2026-05-22 06:39:16.013679
06:35:13,36.1,49,2026-05-22 06:35:13.473986
06:35:18,36.5,63,2026-05-22 06:35:18.549204
06:35:23,28.8,52,2026-05-22 06:35:23.615646
06:35:28,32.7,43,2026-05-22 06:35:28.668498
06:35:33,29.7,60,2026-05-22 06:35:33.712523
06:35:38,37.0,74,2026-05-22 06:35:38.754401
06:35:43,32.9,83,2026-05-22 06:35:43.800995
06:35:48,37.8,77,2026-05-22 06:35:48.838346
06:35:53,29.7,52,2026-05-22 06:35:53.879675
06:35:58,31.3,42,2026-05-22 06:35:58.930842
06:36:03,38.0,70,2026-05-22 06:36:03.971185
06:36:09,30.3,72,2026-05-22 06:36:09.003284
06:36:14,31.3,89,2026-05-22 06:36:14.041694
06:36:19,30.6,86,2026-05-22 06:36:19.087936
06:36:24,30.2,77,2026-05-22 06:36:24.132133
06:36:29,32.7,50,2026-05-22 06:36:29.178944
06:36:34,27.7,60,2026-05-22 06:36:34.215619
06:36:39,28.6,50,2026-05-22 06:36:39.256637
06:36:44,33.0,61,2026-05-22 06:36:44.303107
06:36:49,40.0,51,2026-05-22 06:36:49.343521
06:36:54,26.5,71,2026-05-22 06:36:54.391548
06:36:59,37.4,57,2026-05-22 06:36:59.440501
06:37:04,27.3,47,2026-05-22 06:37:04.484023
06:37:09,37.8,50,2026-05-22 06:37:09.530271
06:37:14,27.9,48,2026-05-22 06:37:14.579237
06:37:19,30.1,52,2026-05-22 06:37:19.624439
06:37:24,27.7,40,2026-05-22 06:37:24.665896
06:37:29,30.2,50,2026-05-22 06:37:29.709659
06:37:34,36.3,66,2026-05-22 06:37:34.773970
06:37:39,25.4,75,2026-05-22 06:37:39.823831
06:37:44,35.8,54,2026-05-22 06:37:44.865975
06:37:49,29.0,57,2026-05-22 06:37:49.900881
06:37:54,31.7,43,2026-05-22 06:37:54.947420
06:38:00,36.9,84,2026-05-22 06:38:00.010231
06:38:05,35.7,58,2026-05-22 06:38:05.051100
06:38:10,26.5,51,2026-05-22 06:38:10.099260
06:38:15,32.5,84,2026-05-22 06:38:15.150501
06:38:20,31.3,60,2026-05-22 06:38:20.215036
06:38:25,34.3,83,2026-05-22 06:38:25.285683
06:38:30,37.4,54,2026-05-22 06:38:30.364873
06:38:35,31.8,52,2026-05-22 06:38:35.432862
06:38:40,29.0,43,2026-05-22 06:38:40.499716
06:38:45,26.3,75,2026-05-22 06:38:45.551954
06:38:50,35.8,87,2026-05-22 06:38:50.624602
06:38:55,32.9,40,2026-05-22 06:38:55.747862
06:39:00,34.0,80,2026-05-22 06:39:00.816672
06:39:05,28.8,51,2026-05-22 06:39:05.879730
06:39:10,32.5,55,2026-05-22 06:39:10.950352
06:39:16,34.1,48,2026-05-22 06:39:16.013679
06:39:21,30.9,83,2026-05-22 06:39:21.090292
06:35:18,36.5,63,2026-05-22 06:35:18.549204
06:35:23,28.8,52,2026-05-22 06:35:23.615646
06:35:28,32.7,43,2026-05-22 06:35:28.668498
06:35:33,29.7,60,2026-05-22 06:35:33.712523
06:35:38,37.0,74,2026-05-22 06:35:38.754401
06:35:43,32.9,83,2026-05-22 06:35:43.800995
06:35:48,37.8,77,2026-05-22 06:35:48.838346
06:35:53,29.7,52,2026-05-22 06:35:53.879675
06:35:58,31.3,42,2026-05-22 06:35:58.930842
06:36:03,38.0,70,2026-05-22 06:36:03.971185
06:36:09,30.3,72,2026-05-22 06:36:09.003284
06:36:14,31.3,89,2026-05-22 06:36:14.041694
06:36:19,30.6,86,2026-05-22 06:36:19.087936
06:36:24,30.2,77,2026-05-22 06:36:24.132133
06:36:29,32.7,50,2026-05-22 06:36:29.178944
06:36:34,27.7,60,2026-05-22 06:36:34.215619
06:36:39,28.6,50,2026-05-22 06:36:39.256637
06:36:44,33.0,61,2026-05-22 06:36:44.303107
06:36:49,40.0,51,2026-05-22 06:36:49.343521
06:36:54,26.5,71,2026-05-22 06:36:54.391548
06:36:59,37.4,57,2026-05-22 06:36:59.440501
06:37:04,27.3,47,2026-05-22 06:37:04.484023
06:37:09,37.8,50,2026-05-22 06:37:09.530271
06:37:14,27.9,48,2026-05-22 06:37:14.579237
06:37:19,30.1,52,2026-05-22 06:37:19.624439
06:37:24,27.7,40,2026-05-22 06:37:24.665896
06:37:29,30.2,50,2026-05-22 06:37:29.709659
06:37:34,36.3,66,2026-05-22 06:37:34.773970
06:37:39,25.4,75,2026-05-22 06:37:39.823831
06:37:44,35.8,54,2026-05-22 06:37:44.865975
06:37:49,29.0,57,2026-05-22 06:37:49.900881
06:37:54,31.7,43,2026-05-22 06:37:54.947420
06:38:00,36.9,84,2026-05-22 06:38:00.010231
06:38:05,35.7,58,2026-05-22 06:38:05.051100
06:38:10,26.5,51,2026-05-22 06:38:10.099260
06:38:15,32.5,84,2026-05-22 06:38:15.150501
06:38:20,31.3,60,2026-05-22 06:38:20.215036
06:38:25,34.3,83,2026-05-22 06:38:25.285683
06:38:30,37.4,54,2026-05-22 06:38:30.364873
06:38:35,31.8,52,2026-05-22 06:38:35.432862
06:38:40,29.0,43,2026-05-22 06:38:40.499716
06:38:45,26.3,75,2026-05-22 06:38:45.551954
06:38:50,35.8,87,2026-05-22 06:38:50.624602
06:38:55,32.9,40,2026-05-22 06:38:55.747862
06:39:00,34.0,80,2026-05-22 06:39:00.816672
06:39:05,28.8,51,2026-05-22 06:39:05.879730
06:39:10,32.5,55,2026-05-22 06:39:10.950352
06:39:16,34.1,48,2026-05-22 06:39:16.013679
06:39:21,30.9,83,2026-05-22 06:39:21.090292
06:39:26,27.2,55,2026-05-22 06:39:26.170974
06:35:23,28.8,52,2026-05-22 06:35:23.615646
06:35:28,32.7,43,2026-05-22 06:35:28.668498
06:35:33,29.7,60,2026-05-22 06:35:33.712523
06:35:38,37.0,74,2026-05-22 06:35:38.754401
06:35:43,32.9,83,2026-05-22 06:35:43.800995
06:35:48,37.8,77,2026-05-22 06:35:48.838346
06:35:53,29.7,52,2026-05-22 06:35:53.879675
06:35:58,31.3,42,2026-05-22 06:35:58.930842
06:36:03,38.0,70,2026-05-22 06:36:03.971185
06:36:09,30.3,72,2026-05-22 06:36:09.003284
06:36:14,31.3,89,2026-05-22 06:36:14.041694
06:36:19,30.6,86,2026-05-22 06:36:19.087936
06:36:24,30.2,77,2026-05-22 06:36:24.132133
06:36:29,32.7,50,2026-05-22 06:36:29.178944
06:36:34,27.7,60,2026-05-22 06:36:34.215619
06:36:39,28.6,50,2026-05-22 06:36:39.256637
06:36:44,33.0,61,2026-05-22 06:36:44.303107
06:36:49,40.0,51,2026-05-22 06:36:49.343521
06:36:54,26.5,71,2026-05-22 06:36:54.391548
06:36:59,37.4,57,2026-05-22 06:36:59.440501
06:37:04,27.3,47,2026-05-22 06:37:04.484023
06:37:09,37.8,50,2026-05-22 06:37:09.530271
06:37:14,27.9,48,2026-05-22 06:37:14.579237
06:37:19,30.1,52,2026-05-22 06:37:19.624439
06:37:24,27.7,40,2026-05-22 06:37:24.665896
06:37:29,30.2,50,2026-05-22 06:37:29.709659
06:37:34,36.3,66,2026-05-22 06:37:34.773970
06:37:39,25.4,75,2026-05-22 06:37:39.823831
06:37:44,35.8,54,2026-05-22 06:37:44.865975
06:37:49,29.0,57,2026-05-22 06:37:49.900881
06:37:54,31.7,43,2026-05-22 06:37:54.947420
06:38:00,36.9,84,2026-05-22 06:38:00.010231
06:38:05,35.7,58,2026-05-22 06:38:05.051100
06:38:10,26.5,51,2026-05-22 06:38:10.099260
06:38:15,32.5,84,2026-05-22 06:38:15.150501
06:38:20,31.3,60,2026-05-22 06:38:20.215036
06:38:25,34.3,83,2026-05-22 06:38:25.285683
06:38:30,37.4,54,2026-05-22 06:38:30.364873
06:38:35,31.8,52,2026-05-22 06:38:35.432862
06:38:40,29.0,43,2026-05-22 06:38:40.499716
06:38:45,26.3,75,2026-05-22 06:38:45.551954
06:38:50,35.8,87,2026-05-22 06:38:50.624602
06:38:55,32.9,40,2026-05-22 06:38:55.747862
06:39:00,34.0,80,2026-05-22 06:39:00.816672
06:39:05,28.8,51,2026-05-22 06:39:05.879730
06:39:10,32.5,55,2026-05-22 06:39:10.950352
06:39:16,34.1,48,2026-05-22 06:39:16.013679
06:39:21,30.9,83,2026-05-22 06:39:21.090292
06:39:26,27.2,55,2026-05-22 06:39:26.170974
06:39:31,36.1,56,2026-05-22 06:39:31.249671
06:35:28,32.7,43,2026-05-22 06:35:28.668498
06:35:33,29.7,60,2026-05-22 06:35:33.712523
06:35:38,37.0,74,2026-05-22 06:35:38.754401
06:35:43,32.9,83,2026-05-22 06:35:43.800995
06:35:48,37.8,77,2026-05-22 06:35:48.838346
06:35:53,29.7,52,2026-05-22 06:35:53.879675
06:35:58,31.3,42,2026-05-22 06:35:58.930842
06:36:03,38.0,70,2026-05-22 06:36:03.971185
06:36:09,30.3,72,2026-05-22 06:36:09.003284
06:36:14,31.3,89,2026-05-22 06:36:14.041694
06:36:19,30.6,86,2026-05-22 06:36:19.087936
06:36:24,30.2,77,2026-05-22 06:36:24.132133
06:36:29,32.7,50,2026-05-22 06:36:29.178944
06:36:34,27.7,60,2026-05-22 06:36:34.215619
06:36:39,28.6,50,2026-05-22 06:36:39.256637
06:36:44,33.0,61,2026-05-22 06:36:44.303107
06:36:49,40.0,51,2026-05-22 06:36:49.343521
06:36:54,26.5,71,2026-05-22 06:36:54.391548
06:36:59,37.4,57,2026-05-22 06:36:59.440501
06:37:04,27.3,47,2026-05-22 06:37:04.484023
06:37:09,37.8,50,2026-05-22 06:37:09.530271
06:37:14,27.9,48,2026-05-22 06:37:14.579237
06:37:19,30.1,52,2026-05-22 06:37:19.624439
06:37:24,27.7,40,2026-05-22 06:37:24.665896
06:37:29,30.2,50,2026-05-22 06:37:29.709659
06:37:34,36.3,66,2026-05-22 06:37:34.773970
06:37:39,25.4,75,2026-05-22 06:37:39.823831
06:37:44,35.8,54,2026-05-22 06:37:44.865975
06:37:49,29.0,57,2026-05-22 06:37:49.900881
06:37:54,31.7,43,2026-05-22 06:37:54.947420
06:38:00,36.9,84,2026-05-22 06:38:00.010231
06:38:05,35.7,58,2026-05-22 06:38:05.051100
06:38:10,26.5,51,2026-05-22 06:38:10.099260
06:38:15,32.5,84,2026-05-22 06:38:15.150501
06:38:20,31.3,60,2026-05-22 06:38:20.215036
06:38:25,34.3,83,2026-05-22 06:38:25.285683
06:38:30,37.4,54,2026-05-22 06:38:30.364873
06:38:35,31.8,52,2026-05-22 06:38:35.432862
06:38:40,29.0,43,2026-05-22 06:38:40.499716
06:38:45,26.3,75,2026-05-22 06:38:45.551954
06:38:50,35.8,87,2026-05-22 06:38:50.624602
06:38:55,32.9,40,2026-05-22 06:38:55.747862
06:39:00,34.0,80,2026-05-22 06:39:00.816672
06:39:05,28.8,51,2026-05-22 06:39:05.879730
06:39:10,32.5,55,2026-05-22 06:39:10.950352
06:39:16,34.1,48,2026-05-22 06:39:16.013679
06:39:21,30.9,83,2026-05-22 06:39:21.090292
06:39:26,27.2,55,2026-05-22 06:39:26.170974
06:39:31,36.1,56,2026-05-22 06:39:31.249671
06:39:36,34.3,76,2026-05-22 06:39:36.321928
06:35:33,29.7,60,2026-05-22 06:35:33.712523
06:35:38,37.0,74,2026-05-22 06:35:38.754401
06:35:43,32.9,83,2026-05-22 06:35:43.800995
06:35:48,37.8,77,2026-05-22 06:35:48.838346
06:35:53,29.7,52,2026-05-22 06:35:53.879675
06:35:58,31.3,42,2026-05-22 06:35:58.930842
06:36:03,38.0,70,2026-05-22 06:36:03.971185
06:36:09,30.3,72,2026-05-22 06:36:09.003284
06:36:14,31.3,89,2026-05-22 06:36:14.041694
06:36:19,30.6,86,2026-05-22 06:36:19.087936
06:36:24,30.2,77,2026-05-22 06:36:24.132133
06:36:29,32.7,50,2026-05-22 06:36:29.178944
06:36:34,27.7,60,2026-05-22 06:36:34.215619
06:36:39,28.6,50,2026-05-22 06:36:39.256637
06:36:44,33.0,61,2026-05-22 06:36:44.303107
06:36:49,40.0,51,2026-05-22 06:36:49.343521
06:36:54,26.5,71,2026-05-22 06:36:54.391548
06:36:59,37.4,57,2026-05-22 06:36:59.440501
06:37:04,27.3,47,2026-05-22 06:37:04.484023
06:37:09,37.8,50,2026-05-22 06:37:09.530271
06:37:14,27.9,48,2026-05-22 06:37:14.579237
06:37:19,30.1,52,2026-05-22 06:37:19.624439
06:37:24,27.7,40,2026-05-22 06:37:24.665896
06:37:29,30.2,50,2026-05-22 06:37:29.709659
06:37:34,36.3,66,2026-05-22 06:37:34.773970
06:37:39,25.4,75,2026-05-22 06:37:39.823831
06:37:44,35.8,54,2026-05-22 06:37:44.865975
06:37:49,29.0,57,2026-05-22 06:37:49.900881
06:37:54,31.7,43,2026-05-22 06:37:54.947420
06:38:00,36.9,84,2026-05-22 06:38:00.010231
06:38:05,35.7,58,2026-05-22 06:38:05.051100
06:38:10,26.5,51,2026-05-22 06:38:10.099260
06:38:15,32.5,84,2026-05-22 06:38:15.150501
06:38:20,31.3,60,2026-05-22 06:38:20.215036
06:38:25,34.3,83,2026-05-22 06:38:25.285683
06:38:30,37.4,54,2026-05-22 06:38:30.364873
06:38:35,31.8,52,2026-05-22 06:38:35.432862
06:38:40,29.0,43,2026-05-22 06:38:40.499716
06:38:45,26.3,75,2026-05-22 06:38:45.551954
06:38:50,35.8,87,2026-05-22 06:38:50.624602
06:38:55,32.9,40,2026-05-22 06:38:55.747862
06:39:00,34.0,80,2026-05-22 06:39:00.816672
06:39:05,28.8,51,2026-05-22 06:39:05.879730
06:39:10,32.5,55,2026-05-22 06:39:10.950352
06:39:16,34.1,48,2026-05-22 06:39:16.013679
06:39:21,30.9,83,2026-05-22 06:39:21.090292
06:39:26,27.2,55,2026-05-22 06:39:26.170974
06:39:31,36.1,56,2026-05-22 06:39:31.249671
06:39:36,34.3,76,2026-05-22 06:39:36.321928
06:39:41,32.2,66,2026-05-22 06:39:41.373213
06:35:38,37.0,74,2026-05-22 06:35:38.754401
06:35:43,32.9,83,2026-05-22 06:35:43.800995
06:35:48,37.8,77,2026-05-22 06:35:48.838346
06:35:53,29.7,52,2026-05-22 06:35:53.879675
06:35:58,31.3,42,2026-05-22 06:35:58.930842
06:36:03,38.0,70,2026-05-22 06:36:03.971185
06:36:09,30.3,72,2026-05-22 06:36:09.003284
06:36:14,31.3,89,2026-05-22 06:36:14.041694
06:36:19,30.6,86,2026-05-22 06:36:19.087936
06:36:24,30.2,77,2026-05-22 06:36:24.132133
06:36:29,32.7,50,2026-05-22 06:36:29.178944
06:36:34,27.7,60,2026-05-22 06:36:34.215619
06:36:39,28.6,50,2026-05-22 06:36:39.256637
06:36:44,33.0,61,2026-05-22 06:36:44.303107
06:36:49,40.0,51,2026-05-22 06:36:49.343521
06:36:54,26.5,71,2026-05-22 06:36:54.391548
06:36:59,37.4,57,2026-05-22 06:36:59.440501
06:37:04,27.3,47,2026-05-22 06:37:04.484023
06:37:09,37.8,50,2026-05-22 06:37:09.530271
06:37:14,27.9,48,2026-05-22 06:37:14.579237
06:37:19,30.1,52,2026-05-22 06:37:19.624439
06:37:24,27.7,40,2026-05-22 06:37:24.665896
06:37:29,30.2,50,2026-05-22 06:37:29.709659
06:37:34,36.3,66,2026-05-22 06:37:34.773970
06:37:39,25.4,75,2026-05-22 06:37:39.823831
06:37:44,35.8,54,2026-05-22 06:37:44.865975
06:37:49,29.0,57,2026-05-22 06:37:49.900881
06:37:54,31.7,43,2026-05-22 06:37:54.947420
06:38:00,36.9,84,2026-05-22 06:38:00.010231
06:38:05,35.7,58,2026-05-22 06:38:05.051100
06:38:10,26.5,51,2026-05-22 06:38:10.099260
06:38:15,32.5,84,2026-05-22 06:38:15.150501
06:38:20,31.3,60,2026-05-22 06:38:20.215036
06:38:25,34.3,83,2026-05-22 06:38:25.285683
06:38:30,37.4,54,2026-05-22 06:38:30.364873
06:38:35,31.8,52,2026-05-22 06:38:35.432862
06:38:40,29.0,43,2026-05-22 06:38:40.499716
06:38:45,26.3,75,2026-05-22 06:38:45.551954
06:38:50,35.8,87,2026-05-22 06:38:50.624602
06:38:55,32.9,40,2026-05-22 06:38:55.747862
06:39:00,34.0,80,2026-05-22 06:39:00.816672
06:39:05,28.8,51,2026-05-22 06:39:05.879730
06:39:10,32.5,55,2026-05-22 06:39:10.950352
06:39:16,34.1,48,2026-05-22 06:39:16.013679
06:39:21,30.9,83,2026-05-22 06:39:21.090292
06:39:26,27.2,55,2026-05-22 06:39:26.170974
06:39:31,36.1,56,2026-05-22 06:39:31.249671
06:39:36,34.3,76,2026-05-22 06:39:36.321928
06:39:41,32.2,66,2026-05-22 06:39:41.373213
06:39:46,26.0,90,2026-05-22 06:39:46.416888
06:35:43,32.9,83,2026-05-22 06:35:43.800995
06:35:48,37.8,77,2026-05-22 06:35:48.838346
06:35:53,29.7,52,2026-05-22 06:35:53.879675
06:35:58,31.3,42,2026-05-22 06:35:58.930842
06:36:03,38.0,70,2026-05-22 06:36:03.971185
06:36:09,30.3,72,2026-05-22 06:36:09.003284
06:36:14,31.3,89,2026-05-22 06:36:14.041694
06:36:19,30.6,86,2026-05-22 06:36:19.087936
06:36:24,30.2,77,2026-05-22 06:36:24.132133
06:36:29,32.7,50,2026-05-22 06:36:29.178944
06:36:34,27.7,60,2026-05-22 06:36:34.215619
06:36:39,28.6,50,2026-05-22 06:36:39.256637
06:36:44,33.0,61,2026-05-22 06:36:44.303107
06:36:49,40.0,51,2026-05-22 06:36:49.343521
06:36:54,26.5,71,2026-05-22 06:36:54.391548
06:36:59,37.4,57,2026-05-22 06:36:59.440501
06:37:04,27.3,47,2026-05-22 06:37:04.484023
06:37:09,37.8,50,2026-05-22 06:37:09.530271
06:37:14,27.9,48,2026-05-22 06:37:14.579237
06:37:19,30.1,52,2026-05-22 06:37:19.624439
06:37:24,27.7,40,2026-05-22 06:37:24.665896
06:37:29,30.2,50,2026-05-22 06:37:29.709659
06:37:34,36.3,66,2026-05-22 06:37:34.773970
06:37:39,25.4,75,2026-05-22 06:37:39.823831
06:37:44,35.8,54,2026-05-22 06:37:44.865975
06:37:49,29.0,57,2026-05-22 06:37:49.900881
06:37:54,31.7,43,2026-05-22 06:37:54.947420
06:38:00,36.9,84,2026-05-22 06:38:00.010231
06:38:05,35.7,58,2026-05-22 06:38:05.051100
06:38:10,26.5,51,2026-05-22 06:38:10.099260
06:38:15,32.5,84,2026-05-22 06:38:15.150501
06:38:20,31.3,60,2026-05-22 06:38:20.215036
06:38:25,34.3,83,2026-05-22 06:38:25.285683
06:38:30,37.4,54,2026-05-22 06:38:30.364873
06:38:35,31.8,52,2026-05-22 06:38:35.432862
06:38:40,29.0,43,2026-05-22 06:38:40.499716
06:38:45,26.3,75,2026-05-22 06:38:45.551954
06:38:50,35.8,87,2026-05-22 06:38:50.624602
06:38:55,32.9,40,2026-05-22 06:38:55.747862
06:39:00,34.0,80,2026-05-22 06:39:00.816672
06:39:05,28.8,51,2026-05-22 06:39:05.879730
06:39:10,32.5,55,2026-05-22 06:39:10.950352
06:39:16,34.1,48,2026-05-22 06:39:16.013679
06:39:21,30.9,83,2026-05-22 06:39:21.090292
06:39:26,27.2,55,2026-05-22 06:39:26.170974
06:39:31,36.1,56,2026-05-22 06:39:31.249671
06:39:36,34.3,76,2026-05-22 06:39:36.321928
06:39:41,32.2,66,2026-05-22 06:39:41.373213
06:39:46,26.0,90,2026-05-22 06:39:46.416888
06:39:51,32.2,57,2026-05-22 06:39:51.475381
06:35:48,37.8,77,2026-05-22 06:35:48.838346
06:35:53,29.7,52,2026-05-22 06:35:53.879675
06:35:58,31.3,42,2026-05-22 06:35:58.930842
06:36:03,38.0,70,2026-05-22 06:36:03.971185
06:36:09,30.3,72,2026-05-22 06:36:09.003284
06:36:14,31.3,89,2026-05-22 06:36:14.041694
06:36:19,30.6,86,2026-05-22 06:36:19.087936
06:36:24,30.2,77,2026-05-22 06:36:24.132133
06:36:29,32.7,50,2026-05-22 06:36:29.178944
06:36:34,27.7,60,2026-05-22 06:36:34.215619
06:36:39,28.6,50,2026-05-22 06:36:39.256637
06:36:44,33.0,61,2026-05-22 06:36:44.303107
06:36:49,40.0,51,2026-05-22 06:36:49.343521
06:36:54,26.5,71,2026-05-22 06:36:54.391548
06:36:59,37.4,57,2026-05-22 06:36:59.440501
06:37:04,27.3,47,2026-05-22 06:37:04.484023
06:37:09,37.8,50,2026-05-22 06:37:09.530271
06:37:14,27.9,48,2026-05-22 06:37:14.579237
06:37:19,30.1,52,2026-05-22 06:37:19.624439
06:37:24,27.7,40,2026-05-22 06:37:24.665896
06:37:29,30.2,50,2026-05-22 06:37:29.709659
06:37:34,36.3,66,2026-05-22 06:37:34.773970
06:37:39,25.4,75,2026-05-22 06:37:39.823831
06:37:44,35.8,54,2026-05-22 06:37:44.865975
06:37:49,29.0,57,2026-05-22 06:37:49.900881
06:37:54,31.7,43,2026-05-22 06:37:54.947420
06:38:00,36.9,84,2026-05-22 06:38:00.010231
06:38:05,35.7,58,2026-05-22 06:38:05.051100
06:38:10,26.5,51,2026-05-22 06:38:10.099260
06:38:15,32.5,84,2026-05-22 06:38:15.150501
06:38:20,31.3,60,2026-05-22 06:38:20.215036
06:38:25,34.3,83,2026-05-22 06:38:25.285683
06:38:30,37.4,54,2026-05-22 06:38:30.364873
06:38:35,31.8,52,2026-05-22 06:38:35.432862
06:38:40,29.0,43,2026-05-22 06:38:40.499716
06:38:45,26.3,75,2026-05-22 06:38:45.551954
06:38:50,35.8,87,2026-05-22 06:38:50.624602
06:38:55,32.9,40,2026-05-22 06:38:55.747862
06:39:00,34.0,80,2026-05-22 06:39:00.816672
06:39:05,28.8,51,2026-05-22 06:39:05.879730
06:39:10,32.5,55,2026-05-22 06:39:10.950352
06:39:16,34.1,48,2026-05-22 06:39:16.013679
06:39:21,30.9,83,2026-05-22 06:39:21.090292
06:39:26,27.2,55,2026-05-22 06:39:26.170974
06:39:31,36.1,56,2026-05-22 06:39:31.249671
06:39:36,34.3,76,2026-05-22 06:39:36.321928
06:39:41,32.2,66,2026-05-22 06:39:41.373213
06:39:46,26.0,90,2026-05-22 06:39:46.416888
06:39:51,32.2,57,2026-05-22 06:39:51.475381
06:39:56,39.7,62,2026-05-22 06:39:56.519452
06:35:53,29.7,52,2026-05-22 06:35:53.879675
06:35:58,31.3,42,2026-05-22 06:35:58.930842
06:36:03,38.0,70,2026-05-22 06:36:03.971185
06:36:09,30.3,72,2026-05-22 06:36:09.003284
06:36:14,31.3,89,2026-05-22 06:36:14.041694
06:36:19,30.6,86,2026-05-22 06:36:19.087936
06:36:24,30.2,77,2026-05-22 06:36:24.132133
06:36:29,32.7,50,2026-05-22 06:36:29.178944
06:36:34,27.7,60,2026-05-22 06:36:34.215619
06:36:39,28.6,50,2026-05-22 06:36:39.256637
06:36:44,33.0,61,2026-05-22 06:36:44.303107
06:36:49,40.0,51,2026-05-22 06:36:49.343521
06:36:54,26.5,71,2026-05-22 06:36:54.391548
06:36:59,37.4,57,2026-05-22 06:36:59.440501
06:37:04,27.3,47,2026-05-22 06:37:04.484023
06:37:09,37.8,50,2026-05-22 06:37:09.530271
06:37:14,27.9,48,2026-05-22 06:37:14.579237
06:37:19,30.1,52,2026-05-22 06:37:19.624439
06:37:24,27.7,40,2026-05-22 06:37:24.665896
06:37:29,30.2,50,2026-05-22 06:37:29.709659
06:37:34,36.3,66,2026-05-22 06:37:34.773970
06:37:39,25.4,75,2026-05-22 06:37:39.823831
06:37:44,35.8,54,2026-05-22 06:37:44.865975
06:37:49,29.0,57,2026-05-22 06:37:49.900881
06:37:54,31.7,43,2026-05-22 06:37:54.947420
06:38:00,36.9,84,2026-05-22 06:38:00.010231
06:38:05,35.7,58,2026-05-22 06:38:05.051100
06:38:10,26.5,51,2026-05-22 06:38:10.099260
06:38:15,32.5,84,2026-05-22 06:38:15.150501
06:38:20,31.3,60,2026-05-22 06:38:20.215036
06:38:25,34.3,83,2026-05-22 06:38:25.285683
06:38:30,37.4,54,2026-05-22 06:38:30.364873
06:38:35,31.8,52,2026-05-22 06:38:35.432862
06:38:40,29.0,43,2026-05-22 06:38:40.499716
06:38:45,26.3,75,2026-05-22 06:38:45.551954
06:38:50,35.8,87,2026-05-22 06:38:50.624602
06:38:55,32.9,40,2026-05-22 06:38:55.747862
06:39:00,34.0,80,2026-05-22 06:39:00.816672
06:39:05,28.8,51,2026-05-22 06:39:05.879730
06:39:10,32.5,55,2026-05-22 06:39:10.950352
06:39:16,34.1,48,2026-05-22 06:39:16.013679
06:39:21,30.9,83,2026-05-22 06:39:21.090292
06:39:26,27.2,55,2026-05-22 06:39:26.170974
06:39:31,36.1,56,2026-05-22 06:39:31.249671
06:39:36,34.3,76,2026-05-22 06:39:36.321928
06:39:41,32.2,66,2026-05-22 06:39:41.373213
06:39:46,26.0,90,2026-05-22 06:39:46.416888
06:39:51,32.2,57,2026-05-22 06:39:51.475381
06:39:56,39.7,62,2026-05-22 06:39:56.519452
06:40:01,33.0,89,2026-05-22 06:40:01.556134
06:35:58,31.3,42,2026-05-22 06:35:58.930842
06:36:03,38.0,70,2026-05-22 06:36:03.971185
06:36:09,30.3,72,2026-05-22 06:36:09.003284
06:36:14,31.3,89,2026-05-22 06:36:14.041694
06:36:19,30.6,86,2026-05-22 06:36:19.087936
06:36:24,30.2,77,2026-05-22 06:36:24.132133
06:36:29,32.7,50,2026-05-22 06:36:29.178944
06:36:34,27.7,60,2026-05-22 06:36:34.215619
06:36:39,28.6,50,2026-05-22 06:36:39.256637
06:36:44,33.0,61,2026-05-22 06:36:44.303107
06:36:49,40.0,51,2026-05-22 06:36:49.343521
06:36:54,26.5,71,2026-05-22 06:36:54.391548
06:36:59,37.4,57,2026-05-22 06:36:59.440501
06:37:04,27.3,47,2026-05-22 06:37:04.484023
06:37:09,37.8,50,2026-05-22 06:37:09.530271
06:37:14,27.9,48,2026-05-22 06:37:14.579237
06:37:19,30.1,52,2026-05-22 06:37:19.624439
06:37:24,27.7,40,2026-05-22 06:37:24.665896
06:37:29,30.2,50,2026-05-22 06:37:29.709659
06:37:34,36.3,66,2026-05-22 06:37:34.773970
06:37:39,25.4,75,2026-05-22 06:37:39.823831
06:37:44,35.8,54,2026-05-22 06:37:44.865975
06:37:49,29.0,57,2026-05-22 06:37:49.900881
06:37:54,31.7,43,2026-05-22 06:37:54.947420
06:38:00,36.9,84,2026-05-22 06:38:00.010231
06:38:05,35.7,58,2026-05-22 06:38:05.051100
06:38:10,26.5,51,2026-05-22 06:38:10.099260
06:38:15,32.5,84,2026-05-22 06:38:15.150501
06:38:20,31.3,60,2026-05-22 06:38:20.215036
06:38:25,34.3,83,2026-05-22 06:38:25.285683
06:38:30,37.4,54,2026-05-22 06:38:30.364873
06:38:35,31.8,52,2026-05-22 06:38:35.432862
06:38:40,29.0,43,2026-05-22 06:38:40.499716
06:38:45,26.3,75,2026-05-22 06:38:45.551954
06:38:50,35.8,87,2026-05-22 06:38:50.624602
06:38:55,32.9,40,2026-05-22 06:38:55.747862
06:39:00,34.0,80,2026-05-22 06:39:00.816672
06:39:05,28.8,51,2026-05-22 06:39:05.879730
06:39:10,32.5,55,2026-05-22 06:39:10.950352
06:39:16,34.1,48,2026-05-22 06:39:16.013679
06:39:21,30.9,83,2026-05-22 06:39:21.090292
06:39:26,27.2,55,2026-05-22 06:39:26.170974
06:39:31,36.1,56,2026-05-22 06:39:31.249671
06:39:36,34.3,76,2026-05-22 06:39:36.321928
06:39:41,32.2,66,2026-05-22 06:39:41.373213
06:39:46,26.0,90,2026-05-22 06:39:46.416888
06:39:51,32.2,57,2026-05-22 06:39:51.475381
06:39:56,39.7,62,2026-05-22 06:39:56.519452
06:40:01,33.0,89,2026-05-22 06:40:01.556134
06:40:06,37.8,79,2026-05-22 06:40:06.598519
06:36:03,38.0,70,2026-05-22 06:36:03.971185
06:36:09,30.3,72,2026-05-22 06:36:09.003284
06:36:14,31.3,89,2026-05-22 06:36:14.041694
06:36:19,30.6,86,2026-05-22 06:36:19.087936
06:36:24,30.2,77,2026-05-22 06:36:24.132133
06:36:29,32.7,50,2026-05-22 06:36:29.178944
06:36:34,27.7,60,2026-05-22 06:36:34.215619
06:36:39,28.6,50,2026-05-22 06:36:39.256637
06:36:44,33.0,61,2026-05-22 06:36:44.303107
06:36:49,40.0,51,2026-05-22 06:36:49.343521
06:36:54,26.5,71,2026-05-22 06:36:54.391548
06:36:59,37.4,57,2026-05-22 06:36:59.440501
06:37:04,27.3,47,2026-05-22 06:37:04.484023
06:37:09,37.8,50,2026-05-22 06:37:09.530271
06:37:14,27.9,48,2026-05-22 06:37:14.579237
06:37:19,30.1,52,2026-05-22 06:37:19.624439
06:37:24,27.7,40,2026-05-22 06:37:24.665896
06:37:29,30.2,50,2026-05-22 06:37:29.709659
06:37:34,36.3,66,2026-05-22 06:37:34.773970
06:37:39,25.4,75,2026-05-22 06:37:39.823831
06:37:44,35.8,54,2026-05-22 06:37:44.865975
06:37:49,29.0,57,2026-05-22 06:37:49.900881
06:37:54,31.7,43,2026-05-22 06:37:54.947420
06:38:00,36.9,84,2026-05-22 06:38:00.010231
06:38:05,35.7,58,2026-05-22 06:38:05.051100
06:38:10,26.5,51,2026-05-22 06:38:10.099260
06:38:15,32.5,84,2026-05-22 06:38:15.150501
06:38:20,31.3,60,2026-05-22 06:38:20.215036
06:38:25,34.3,83,2026-05-22 06:38:25.285683
06:38:30,37.4,54,2026-05-22 06:38:30.364873
06:38:35,31.8,52,2026-05-22 06:38:35.432862
06:38:40,29.0,43,2026-05-22 06:38:40.499716
06:38:45,26.3,75,2026-05-22 06:38:45.551954
06:38:50,35.8,87,2026-05-22 06:38:50.624602
06:38:55,32.9,40,2026-05-22 06:38:55.747862
06:39:00,34.0,80,2026-05-22 06:39:00.816672
06:39:05,28.8,51,2026-05-22 06:39:05.879730
06:39:10,32.5,55,2026-05-22 06:39:10.950352
06:39:16,34.1,48,2026-05-22 06:39:16.013679
06:39:21,30.9,83,2026-05-22 06:39:21.090292
06:39:26,27.2,55,2026-05-22 06:39:26.170974
06:39:31,36.1,56,2026-05-22 06:39:31.249671
06:39:36,34.3,76,2026-05-22 06:39:36.321928
06:39:41,32.2,66,2026-05-22 06:39:41.373213
06:39:46,26.0,90,2026-05-22 06:39:46.416888
06:39:51,32.2,57,2026-05-22 06:39:51.475381
06:39:56,39.7,62,2026-05-22 06:39:56.519452
06:40:01,33.0,89,2026-05-22 06:40:01.556134
06:40:06,37.8,79,2026-05-22 06:40:06.598519
06:40:11,38.1,89,2026-05-22 06:40:11.645756
06:36:09,30.3,72,2026-05-22 06:36:09.003284
06:36:14,31.3,89,2026-05-22 06:36:14.041694
06:36:19,30.6,86,2026-05-22 06:36:19.087936
06:36:24,30.2,77,2026-05-22 06:36:24.132133
06:36:29,32.7,50,2026-05-22 06:36:29.178944
06:36:34,27.7,60,2026-05-22 06:36:34.215619
06:36:39,28.6,50,2026-05-22 06:36:39.256637
06:36:44,33.0,61,2026-05-22 06:36:44.303107
06:36:49,40.0,51,2026-05-22 06:36:49.343521
06:36:54,26.5,71,2026-05-22 06:36:54.391548
06:36:59,37.4,57,2026-05-22 06:36:59.440501
06:37:04,27.3,47,2026-05-22 06:37:04.484023
06:37:09,37.8,50,2026-05-22 06:37:09.530271
06:37:14,27.9,48,2026-05-22 06:37:14.579237
06:37:19,30.1,52,2026-05-22 06:37:19.624439
06:37:24,27.7,40,2026-05-22 06:37:24.665896
06:37:29,30.2,50,2026-05-22 06:37:29.709659
06:37:34,36.3,66,2026-05-22 06:37:34.773970
06:37:39,25.4,75,2026-05-22 06:37:39.823831
06:37:44,35.8,54,2026-05-22 06:37:44.865975
06:37:49,29.0,57,2026-05-22 06:37:49.900881
06:37:54,31.7,43,2026-05-22 06:37:54.947420
06:38:00,36.9,84,2026-05-22 06:38:00.010231
06:38:05,35.7,58,2026-05-22 06:38:05.051100
06:38:10,26.5,51,2026-05-22 06:38:10.099260
06:38:15,32.5,84,2026-05-22 06:38:15.150501
06:38:20,31.3,60,2026-05-22 06:38:20.215036
06:38:25,34.3,83,2026-05-22 06:38:25.285683
06:38:30,37.4,54,2026-05-22 06:38:30.364873
06:38:35,31.8,52,2026-05-22 06:38:35.432862
06:38:40,29.0,43,2026-05-22 06:38:40.499716
06:38:45,26.3,75,2026-05-22 06:38:45.551954
06:38:50,35.8,87,2026-05-22 06:38:50.624602
06:38:55,32.9,40,2026-05-22 06:38:55.747862
06:39:00,34.0,80,2026-05-22 06:39:00.816672
06:39:05,28.8,51,2026-05-22 06:39:05.879730
06:39:10,32.5,55,2026-05-22 06:39:10.950352
06:39:16,34.1,48,2026-05-22 06:39:16.013679
06:39:21,30.9,83,2026-05-22 06:39:21.090292
06:39:26,27.2,55,2026-05-22 06:39:26.170974
06:39:31,36.1,56,2026-05-22 06:39:31.249671
06:39:36,34.3,76,2026-05-22 06:39:36.321928
06:39:41,32.2,66,2026-05-22 06:39:41.373213
06:39:46,26.0,90,2026-05-22 06:39:46.416888
06:39:51,32.2,57,2026-05-22 06:39:51.475381
06:39:56,39.7,62,2026-05-22 06:39:56.519452
06:40:01,33.0,89,2026-05-22 06:40:01.556134
06:40:06,37.8,79,2026-05-22 06:40:06.598519
06:40:11,38.1,89,2026-05-22 06:40:11.645756
06:40:17,39.1,54,2026-05-22 06:40:17.092443
06:36:14,31.3,89,2026-05-22 06:36:14.041694
06:36:19,30.6,86,2026-05-22 06:36:19.087936
06:36:24,30.2,77,2026-05-22 06:36:24.132133
06:36:29,32.7,50,2026-05-22 06:36:29.178944
06:36:34,27.7,60,2026-05-22 06:36:34.215619
06:36:39,28.6,50,2026-05-22 06:36:39.256637
06:36:44,33.0,61,2026-05-22 06:36:44.303107
06:36:49,40.0,51,2026-05-22 06:36:49.343521
06:36:54,26.5,71,2026-05-22 06:36:54.391548
06:36:59,37.4,57,2026-05-22 06:36:59.440501
06:37:04,27.3,47,2026-05-22 06:37:04.484023
06:37:09,37.8,50,2026-05-22 06:37:09.530271
06:37:14,27.9,48,2026-05-22 06:37:14.579237
06:37:19,30.1,52,2026-05-22 06:37:19.624439
06:37:24,27.7,40,2026-05-22 06:37:24.665896
06:37:29,30.2,50,2026-05-22 06:37:29.709659
06:37:34,36.3,66,2026-05-22 06:37:34.773970
06:37:39,25.4,75,2026-05-22 06:37:39.823831
06:37:44,35.8,54,2026-05-22 06:37:44.865975
06:37:49,29.0,57,2026-05-22 06:37:49.900881
06:37:54,31.7,43,2026-05-22 06:37:54.947420
06:38:00,36.9,84,2026-05-22 06:38:00.010231
06:38:05,35.7,58,2026-05-22 06:38:05.051100
06:38:10,26.5,51,2026-05-22 06:38:10.099260
06:38:15,32.5,84,2026-05-22 06:38:15.150501
06:38:20,31.3,60,2026-05-22 06:38:20.215036
06:38:25,34.3,83,2026-05-22 06:38:25.285683
06:38:30,37.4,54,2026-05-22 06:38:30.364873
06:38:35,31.8,52,2026-05-22 06:38:35.432862
06:38:40,29.0,43,2026-05-22 06:38:40.499716
06:38:45,26.3,75,2026-05-22 06:38:45.551954
06:38:50,35.8,87,2026-05-22 06:38:50.624602
06:38:55,32.9,40,2026-05-22 06:38:55.747862
06:39:00,34.0,80,2026-05-22 06:39:00.816672
06:39:05,28.8,51,2026-05-22 06:39:05.879730
06:39:10,32.5,55,2026-05-22 06:39:10.950352
06:39:16,34.1,48,2026-05-22 06:39:16.013679
06:39:21,30.9,83,2026-05-22 06:39:21.090292
06:39:26,27.2,55,2026-05-22 06:39:26.170974
06:39:31,36.1,56,2026-05-22 06:39:31.249671
06:39:36,34.3,76,2026-05-22 06:39:36.321928
06:39:41,32.2,66,2026-05-22 06:39:41.373213
06:39:46,26.0,90,2026-05-22 06:39:46.416888
06:39:51,32.2,57,2026-05-22 06:39:51.475381
06:39:56,39.7,62,2026-05-22 06:39:56.519452
06:40:01,33.0,89,2026-05-22 06:40:01.556134
06:40:06,37.8,79,2026-05-22 06:40:06.598519
06:40:11,38.1,89,2026-05-22 06:40:11.645756
06:40:17,39.1,54,2026-05-22 06:40:17.092443
06:40:22,28.3,86,2026-05-22 06:40:22.203434
06:36:19,30.6,86,2026-05-22 06:36:19.087936
06:36:24,30.2,77,2026-05-22 06:36:24.132133
06:36:29,32.7,50,2026-05-22 06:36:29.178944
06:36:34,27.7,60,2026-05-22 06:36:34.215619
06:36:39,28.6,50,2026-05-22 06:36:39.256637
06:36:44,33.0,61,2026-05-22 06:36:44.303107
06:36:49,40.0,51,2026-05-22 06:36:49.343521
06:36:54,26.5,71,2026-05-22 06:36:54.391548
06:36:59,37.4,57,2026-05-22 06:36:59.440501
06:37:04,27.3,47,2026-05-22 06:37:04.484023
06:37:09,37.8,50,2026-05-22 06:37:09.530271
06:37:14,27.9,48,2026-05-22 06:37:14.579237
06:37:19,30.1,52,2026-05-22 06:37:19.624439
06:37:24,27.7,40,2026-05-22 06:37:24.665896
06:37:29,30.2,50,2026-05-22 06:37:29.709659
06:37:34,36.3,66,2026-05-22 06:37:34.773970
06:37:39,25.4,75,2026-05-22 06:37:39.823831
06:37:44,35.8,54,2026-05-22 06:37:44.865975
06:37:49,29.0,57,2026-05-22 06:37:49.900881
06:37:54,31.7,43,2026-05-22 06:37:54.947420
06:38:00,36.9,84,2026-05-22 06:38:00.010231
06:38:05,35.7,58,2026-05-22 06:38:05.051100
06:38:10,26.5,51,2026-05-22 06:38:10.099260
06:38:15,32.5,84,2026-05-22 06:38:15.150501
06:38:20,31.3,60,2026-05-22 06:38:20.215036
06:38:25,34.3,83,2026-05-22 06:38:25.285683
06:38:30,37.4,54,2026-05-22 06:38:30.364873
06:38:35,31.8,52,2026-05-22 06:38:35.432862
06:38:40,29.0,43,2026-05-22 06:38:40.499716
06:38:45,26.3,75,2026-05-22 06:38:45.551954
06:38:50,35.8,87,2026-05-22 06:38:50.624602
06:38:55,32.9,40,2026-05-22 06:38:55.747862
06:39:00,34.0,80,2026-05-22 06:39:00.816672
06:39:05,28.8,51,2026-05-22 06:39:05.879730
06:39:10,32.5,55,2026-05-22 06:39:10.950352
06:39:16,34.1,48,2026-05-22 06:39:16.013679
06:39:21,30.9,83,2026-05-22 06:39:21.090292
06:39:26,27.2,55,2026-05-22 06:39:26.170974
06:39:31,36.1,56,2026-05-22 06:39:31.249671
06:39:36,34.3,76,2026-05-22 06:39:36.321928
06:39:41,32.2,66,2026-05-22 06:39:41.373213
06:39:46,26.0,90,2026-05-22 06:39:46.416888
06:39:51,32.2,57,2026-05-22 06:39:51.475381
06:39:56,39.7,62,2026-05-22 06:39:56.519452
06:40:01,33.0,89,2026-05-22 06:40:01.556134
06:40:06,37.8,79,2026-05-22 06:40:06.598519
06:40:11,38.1,89,2026-05-22 06:40:11.645756
06:40:17,39.1,54,2026-05-22 06:40:17.092443
06:40:22,28.3,86,2026-05-22 06:40:22.203434
06:40:27,37.0,70,2026-05-22 06:40:27.278911
06:36:24,30.2,77,2026-05-22 06:36:24.132133
06:36:29,32.7,50,2026-05-22 06:36:29.178944
06:36:34,27.7,60,2026-05-22 06:36:34.215619
06:36:39,28.6,50,2026-05-22 06:36:39.256637
06:36:44,33.0,61,2026-05-22 06:36:44.303107
06:36:49,40.0,51,2026-05-22 06:36:49.343521
06:36:54,26.5,71,2026-05-22 06:36:54.391548
06:36:59,37.4,57,2026-05-22 06:36:59.440501
06:37:04,27.3,47,2026-05-22 06:37:04.484023
06:37:09,37.8,50,2026-05-22 06:37:09.530271
06:37:14,27.9,48,2026-05-22 06:37:14.579237
06:37:19,30.1,52,2026-05-22 06:37:19.624439
06:37:24,27.7,40,2026-05-22 06:37:24.665896
06:37:29,30.2,50,2026-05-22 06:37:29.709659
06:37:34,36.3,66,2026-05-22 06:37:34.773970
06:37:39,25.4,75,2026-05-22 06:37:39.823831
06:37:44,35.8,54,2026-05-22 06:37:44.865975
06:37:49,29.0,57,2026-05-22 06:37:49.900881
06:37:54,31.7,43,2026-05-22 06:37:54.947420
06:38:00,36.9,84,2026-05-22 06:38:00.010231
06:38:05,35.7,58,2026-05-22 06:38:05.051100
06:38:10,26.5,51,2026-05-22 06:38:10.099260
06:38:15,32.5,84,2026-05-22 06:38:15.150501
06:38:20,31.3,60,2026-05-22 06:38:20.215036
06:38:25,34.3,83,2026-05-22 06:38:25.285683
06:38:30,37.4,54,2026-05-22 06:38:30.364873
06:38:35,31.8,52,2026-05-22 06:38:35.432862
06:38:40,29.0,43,2026-05-22 06:38:40.499716
06:38:45,26.3,75,2026-05-22 06:38:45.551954
06:38:50,35.8,87,2026-05-22 06:38:50.624602
06:38:55,32.9,40,2026-05-22 06:38:55.747862
06:39:00,34.0,80,2026-05-22 06:39:00.816672
06:39:05,28.8,51,2026-05-22 06:39:05.879730
06:39:10,32.5,55,2026-05-22 06:39:10.950352
06:39:16,34.1,48,2026-05-22 06:39:16.013679
06:39:21,30.9,83,2026-05-22 06:39:21.090292
06:39:26,27.2,55,2026-05-22 06:39:26.170974
06:39:31,36.1,56,2026-05-22 06:39:31.249671
06:39:36,34.3,76,2026-05-22 06:39:36.321928
06:39:41,32.2,66,2026-05-22 06:39:41.373213
06:39:46,26.0,90,2026-05-22 06:39:46.416888
06:39:51,32.2,57,2026-05-22 06:39:51.475381
06:39:56,39.7,62,2026-05-22 06:39:56.519452
06:40:01,33.0,89,2026-05-22 06:40:01.556134
06:40:06,37.8,79,2026-05-22 06:40:06.598519
06:40:11,38.1,89,2026-05-22 06:40:11.645756
06:40:17,39.1,54,2026-05-22 06:40:17.092443
06:40:22,28.3,86,2026-05-22 06:40:22.203434
06:40:27,37.0,70,2026-05-22 06:40:27.278911
06:40:32,33.8,50,2026-05-22 06:40:32.345015
06:36:29,32.7,50,2026-05-22 06:36:29.178944
06:36:34,27.7,60,2026-05-22 06:36:34.215619
06:36:39,28.6,50,2026-05-22 06:36:39.256637
06:36:44,33.0,61,2026-05-22 06:36:44.303107
06:36:49,40.0,51,2026-05-22 06:36:49.343521
06:36:54,26.5,71,2026-05-22 06:36:54.391548
06:36:59,37.4,57,2026-05-22 06:36:59.440501
06:37:04,27.3,47,2026-05-22 06:37:04.484023
06:37:09,37.8,50,2026-05-22 06:37:09.530271
06:37:14,27.9,48,2026-05-22 06:37:14.579237
06:37:19,30.1,52,2026-05-22 06:37:19.624439
06:37:24,27.7,40,2026-05-22 06:37:24.665896
06:37:29,30.2,50,2026-05-22 06:37:29.709659
06:37:34,36.3,66,2026-05-22 06:37:34.773970
06:37:39,25.4,75,2026-05-22 06:37:39.823831
06:37:44,35.8,54,2026-05-22 06:37:44.865975
06:37:49,29.0,57,2026-05-22 06:37:49.900881
06:37:54,31.7,43,2026-05-22 06:37:54.947420
06:38:00,36.9,84,2026-05-22 06:38:00.010231
06:38:05,35.7,58,2026-05-22 06:38:05.051100
06:38:10,26.5,51,2026-05-22 06:38:10.099260
06:38:15,32.5,84,2026-05-22 06:38:15.150501
06:38:20,31.3,60,2026-05-22 06:38:20.215036
06:38:25,34.3,83,2026-05-22 06:38:25.285683
06:38:30,37.4,54,2026-05-22 06:38:30.364873
06:38:35,31.8,52,2026-05-22 06:38:35.432862
06:38:40,29.0,43,2026-05-22 06:38:40.499716
06:38:45,26.3,75,2026-05-22 06:38:45.551954
06:38:50,35.8,87,2026-05-22 06:38:50.624602
06:38:55,32.9,40,2026-05-22 06:38:55.747862
06:39:00,34.0,80,2026-05-22 06:39:00.816672
06:39:05,28.8,51,2026-05-22 06:39:05.879730
06:39:10,32.5,55,2026-05-22 06:39:10.950352
06:39:16,34.1,48,2026-05-22 06:39:16.013679
06:39:21,30.9,83,2026-05-22 06:39:21.090292
06:39:26,27.2,55,2026-05-22 06:39:26.170974
06:39:31,36.1,56,2026-05-22 06:39:31.249671
06:39:36,34.3,76,2026-05-22 06:39:36.321928
06:39:41,32.2,66,2026-05-22 06:39:41.373213
06:39:46,26.0,90,2026-05-22 06:39:46.416888
06:39:51,32.2,57,2026-05-22 06:39:51.475381
06:39:56,39.7,62,2026-05-22 06:39:56.519452
06:40:01,33.0,89,2026-05-22 06:40:01.556134
06:40:06,37.8,79,2026-05-22 06:40:06.598519
06:40:11,38.1,89,2026-05-22 06:40:11.645756
06:40:17,39.1,54,2026-05-22 06:40:17.092443
06:40:22,28.3,86,2026-05-22 06:40:22.203434
06:40:27,37.0,70,2026-05-22 06:40:27.278911
06:40:32,33.8,50,2026-05-22 06:40:32.345015
06:40:37,28.8,70,2026-05-22 06:40:37.393367
06:36:34,27.7,60,2026-05-22 06:36:34.215619
06:36:39,28.6,50,2026-05-22 06:36:39.256637
06:36:44,33.0,61,2026-05-22 06:36:44.303107
06:36:49,40.0,51,2026-05-22 06:36:49.343521
06:36:54,26.5,71,2026-05-22 06:36:54.391548
06:36:59,37.4,57,2026-05-22 06:36:59.440501
06:37:04,27.3,47,2026-05-22 06:37:04.484023
06:37:09,37.8,50,2026-05-22 06:37:09.530271
06:37:14,27.9,48,2026-05-22 06:37:14.579237
06:37:19,30.1,52,2026-05-22 06:37:19.624439
06:37:24,27.7,40,2026-05-22 06:37:24.665896
06:37:29,30.2,50,2026-05-22 06:37:29.709659
06:37:34,36.3,66,2026-05-22 06:37:34.773970
06:37:39,25.4,75,2026-05-22 06:37:39.823831
06:37:44,35.8,54,2026-05-22 06:37:44.865975
06:37:49,29.0,57,2026-05-22 06:37:49.900881
06:37:54,31.7,43,2026-05-22 06:37:54.947420
06:38:00,36.9,84,2026-05-22 06:38:00.010231
06:38:05,35.7,58,2026-05-22 06:38:05.051100
06:38:10,26.5,51,2026-05-22 06:38:10.099260
06:38:15,32.5,84,2026-05-22 06:38:15.150501
06:38:20,31.3,60,2026-05-22 06:38:20.215036
06:38:25,34.3,83,2026-05-22 06:38:25.285683
06:38:30,37.4,54,2026-05-22 06:38:30.364873
06:38:35,31.8,52,2026-05-22 06:38:35.432862
06:38:40,29.0,43,2026-05-22 06:38:40.499716
06:38:45,26.3,75,2026-05-22 06:38:45.551954
06:38:50,35.8,87,2026-05-22 06:38:50.624602
06:38:55,32.9,40,2026-05-22 06:38:55.747862
06:39:00,34.0,80,2026-05-22 06:39:00.816672
06:39:05,28.8,51,2026-05-22 06:39:05.879730
06:39:10,32.5,55,2026-05-22 06:39:10.950352
06:39:16,34.1,48,2026-05-22 06:39:16.013679
06:39:21,30.9,83,2026-05-22 06:39:21.090292
06:39:26,27.2,55,2026-05-22 06:39:26.170974
06:39:31,36.1,56,2026-05-22 06:39:31.249671
06:39:36,34.3,76,2026-05-22 06:39:36.321928
06:39:41,32.2,66,2026-05-22 06:39:41.373213
06:39:46,26.0,90,2026-05-22 06:39:46.416888
06:39:51,32.2,57,2026-05-22 06:39:51.475381
06:39:56,39.7,62,2026-05-22 06:39:56.519452
06:40:01,33.0,89,2026-05-22 06:40:01.556134
06:40:06,37.8,79,2026-05-22 06:40:06.598519
06:40:11,38.1,89,2026-05-22 06:40:11.645756
06:40:17,39.1,54,2026-05-22 06:40:17.092443
06:40:22,28.3,86,2026-05-22 06:40:22.203434
06:40:27,37.0,70,2026-05-22 06:40:27.278911
06:40:32,33.8,50,2026-05-22 06:40:32.345015
06:40:37,28.8,70,2026-05-22 06:40:37.393367
06:40:42,25.0,64,2026-05-22 06:40:42.442864
06:36:39,28.6,50,2026-05-22 06:36:39.256637
06:36:44,33.0,61,2026-05-22 06:36:44.303107
06:36:49,40.0,51,2026-05-22 06:36:49.343521
06:36:54,26.5,71,2026-05-22 06:36:54.391548
06:36:59,37.4,57,2026-05-22 06:36:59.440501
06:37:04,27.3,47,2026-05-22 06:37:04.484023
06:37:09,37.8,50,2026-05-22 06:37:09.530271
06:37:14,27.9,48,2026-05-22 06:37:14.579237
06:37:19,30.1,52,2026-05-22 06:37:19.624439
06:37:24,27.7,40,2026-05-22 06:37:24.665896
06:37:29,30.2,50,2026-05-22 06:37:29.709659
06:37:34,36.3,66,2026-05-22 06:37:34.773970
06:37:39,25.4,75,2026-05-22 06:37:39.823831
06:37:44,35.8,54,2026-05-22 06:37:44.865975
06:37:49,29.0,57,2026-05-22 06:37:49.900881
06:37:54,31.7,43,2026-05-22 06:37:54.947420
06:38:00,36.9,84,2026-05-22 06:38:00.010231
06:38:05,35.7,58,2026-05-22 06:38:05.051100
06:38:10,26.5,51,2026-05-22 06:38:10.099260
06:38:15,32.5,84,2026-05-22 06:38:15.150501
06:38:20,31.3,60,2026-05-22 06:38:20.215036
06:38:25,34.3,83,2026-05-22 06:38:25.285683
06:38:30,37.4,54,2026-05-22 06:38:30.364873
06:38:35,31.8,52,2026-05-22 06:38:35.432862
06:38:40,29.0,43,2026-05-22 06:38:40.499716
06:38:45,26.3,75,2026-05-22 06:38:45.551954
06:38:50,35.8,87,2026-05-22 06:38:50.624602
06:38:55,32.9,40,2026-05-22 06:38:55.747862
06:39:00,34.0,80,2026-05-22 06:39:00.816672
06:39:05,28.8,51,2026-05-22 06:39:05.879730
06:39:10,32.5,55,2026-05-22 06:39:10.950352
06:39:16,34.1,48,2026-05-22 06:39:16.013679
06:39:21,30.9,83,2026-05-22 06:39:21.090292
06:39:26,27.2,55,2026-05-22 06:39:26.170974
06:39:31,36.1,56,2026-05-22 06:39:31.249671
06:39:36,34.3,76,2026-05-22 06:39:36.321928
06:39:41,32.2,66,2026-05-22 06:39:41.373213
06:39:46,26.0,90,2026-05-22 06:39:46.416888
06:39:51,32.2,57,2026-05-22 06:39:51.475381
06:39:56,39.7,62,2026-05-22 06:39:56.519452
06:40:01,33.0,89,2026-05-22 06:40:01.556134
06:40:06,37.8,79,2026-05-22 06:40:06.598519
06:40:11,38.1,89,2026-05-22 06:40:11.645756
06:40:17,39.1,54,2026-05-22 06:40:17.092443
06:40:22,28.3,86,2026-05-22 06:40:22.203434
06:40:27,37.0,70,2026-05-22 06:40:27.278911
06:40:32,33.8,50,2026-05-22 06:40:32.345015
06:40:37,28.8,70,2026-05-22 06:40:37.393367
06:40:42,25.0,64,2026-05-22 06:40:42.442864
06:40:47,39.4,42,2026-05-22 06:40:47.508501
06:36:44,33.0,61,2026-05-22 06:36:44.303107
06:36:49,40.0,51,2026-05-22 06:36:49.343521
06:36:54,26.5,71,2026-05-22 06:36:54.391548
06:36:59,37.4,57,2026-05-22 06:36:59.440501
06:37:04,27.3,47,2026-05-22 06:37:04.484023
06:37:09,37.8,50,2026-05-22 06:37:09.530271
06:37:14,27.9,48,2026-05-22 06:37:14.579237
06:37:19,30.1,52,2026-05-22 06:37:19.624439
06:37:24,27.7,40,2026-05-22 06:37:24.665896
06:37:29,30.2,50,2026-05-22 06:37:29.709659
06:37:34,36.3,66,2026-05-22 06:37:34.773970
06:37:39,25.4,75,2026-05-22 06:37:39.823831
06:37:44,35.8,54,2026-05-22 06:37:44.865975
06:37:49,29.0,57,2026-05-22 06:37:49.900881
06:37:54,31.7,43,2026-05-22 06:37:54.947420
06:38:00,36.9,84,2026-05-22 06:38:00.010231
06:38:05,35.7,58,2026-05-22 06:38:05.051100
06:38:10,26.5,51,2026-05-22 06:38:10.099260
06:38:15,32.5,84,2026-05-22 06:38:15.150501
06:38:20,31.3,60,2026-05-22 06:38:20.215036
06:38:25,34.3,83,2026-05-22 06:38:25.285683
06:38:30,37.4,54,2026-05-22 06:38:30.364873
06:38:35,31.8,52,2026-05-22 06:38:35.432862
06:38:40,29.0,43,2026-05-22 06:38:40.499716
06:38:45,26.3,75,2026-05-22 06:38:45.551954
06:38:50,35.8,87,2026-05-22 06:38:50.624602
06:38:55,32.9,40,2026-05-22 06:38:55.747862
06:39:00,34.0,80,2026-05-22 06:39:00.816672
06:39:05,28.8,51,2026-05-22 06:39:05.879730
06:39:10,32.5,55,2026-05-22 06:39:10.950352
06:39:16,34.1,48,2026-05-22 06:39:16.013679
06:39:21,30.9,83,2026-05-22 06:39:21.090292
06:39:26,27.2,55,2026-05-22 06:39:26.170974
06:39:31,36.1,56,2026-05-22 06:39:31.249671
06:39:36,34.3,76,2026-05-22 06:39:36.321928
06:39:41,32.2,66,2026-05-22 06:39:41.373213
06:39:46,26.0,90,2026-05-22 06:39:46.416888
06:39:51,32.2,57,2026-05-22 06:39:51.475381
06:39:56,39.7,62,2026-05-22 06:39:56.519452
06:40:01,33.0,89,2026-05-22 06:40:01.556134
06:40:06,37.8,79,2026-05-22 06:40:06.598519
06:40:11,38.1,89,2026-05-22 06:40:11.645756
06:40:17,39.1,54,2026-05-22 06:40:17.092443
06:40:22,28.3,86,2026-05-22 06:40:22.203434
06:40:27,37.0,70,2026-05-22 06:40:27.278911
06:40:32,33.8,50,2026-05-22 06:40:32.345015
06:40:37,28.8,70,2026-05-22 06:40:37.393367
06:40:42,25.0,64,2026-05-22 06:40:42.442864
06:40:47,39.4,42,2026-05-22 06:40:47.508501
06:40:52,39.0,41,2026-05-22 06:40:52.573650
06:36:49,40.0,51,2026-05-22 06:36:49.343521
06:36:54,26.5,71,2026-05-22 06:36:54.391548
06:36:59,37.4,57,2026-05-22 06:36:59.440501
06:37:04,27.3,47,2026-05-22 06:37:04.484023
06:37:09,37.8,50,2026-05-22 06:37:09.530271
06:37:14,27.9,48,2026-05-22 06:37:14.579237
06:37:19,30.1,52,2026-05-22 06:37:19.624439
06:37:24,27.7,40,2026-05-22 06:37:24.665896
06:37:29,30.2,50,2026-05-22 06:37:29.709659
06:37:34,36.3,66,2026-05-22 06:37:34.773970
06:37:39,25.4,75,2026-05-22 06:37:39.823831
06:37:44,35.8,54,2026-05-22 06:37:44.865975
06:37:49,29.0,57,2026-05-22 06:37:49.900881
06:37:54,31.7,43,2026-05-22 06:37:54.947420
06:38:00,36.9,84,2026-05-22 06:38:00.010231
06:38:05,35.7,58,2026-05-22 06:38:05.051100
06:38:10,26.5,51,2026-05-22 06:38:10.099260
06:38:15,32.5,84,2026-05-22 06:38:15.150501
06:38:20,31.3,60,2026-05-22 06:38:20.215036
06:38:25,34.3,83,2026-05-22 06:38:25.285683
06:38:30,37.4,54,2026-05-22 06:38:30.364873
06:38:35,31.8,52,2026-05-22 06:38:35.432862
06:38:40,29.0,43,2026-05-22 06:38:40.499716
06:38:45,26.3,75,2026-05-22 06:38:45.551954
06:38:50,35.8,87,2026-05-22 06:38:50.624602
06:38:55,32.9,40,2026-05-22 06:38:55.747862
06:39:00,34.0,80,2026-05-22 06:39:00.816672
06:39:05,28.8,51,2026-05-22 06:39:05.879730
06:39:10,32.5,55,2026-05-22 06:39:10.950352
06:39:16,34.1,48,2026-05-22 06:39:16.013679
06:39:21,30.9,83,2026-05-22 06:39:21.090292
06:39:26,27.2,55,2026-05-22 06:39:26.170974
06:39:31,36.1,56,2026-05-22 06:39:31.249671
06:39:36,34.3,76,2026-05-22 06:39:36.321928
06:39:41,32.2,66,2026-05-22 06:39:41.373213
06:39:46,26.0,90,2026-05-22 06:39:46.416888
06:39:51,32.2,57,2026-05-22 06:39:51.475381
06:39:56,39.7,62,2026-05-22 06:39:56.519452
06:40:01,33.0,89,2026-05-22 06:40:01.556134
06:40:06,37.8,79,2026-05-22 06:40:06.598519
06:40:11,38.1,89,2026-05-22 06:40:11.645756
06:40:17,39.1,54,2026-05-22 06:40:17.092443
06:40:22,28.3,86,2026-05-22 06:40:22.203434
06:40:27,37.0,70,2026-05-22 06:40:27.278911
06:40:32,33.8,50,2026-05-22 06:40:32.345015
06:40:37,28.8,70,2026-05-22 06:40:37.393367
06:40:42,25.0,64,2026-05-22 06:40:42.442864
06:40:47,39.4,42,2026-05-22 06:40:47.508501
06:40:52,39.0,41,2026-05-22 06:40:52.573650
06:40:57,35.3,54,2026-05-22 06:40:57.628206
06:36:54,26.5,71,2026-05-22 06:36:54.391548
06:36:59,37.4,57,2026-05-22 06:36:59.440501
06:37:04,27.3,47,2026-05-22 06:37:04.484023
06:37:09,37.8,50,2026-05-22 06:37:09.530271
06:37:14,27.9,48,2026-05-22 06:37:14.579237
06:37:19,30.1,52,2026-05-22 06:37:19.624439
06:37:24,27.7,40,2026-05-22 06:37:24.665896
06:37:29,30.2,50,2026-05-22 06:37:29.709659
06:37:34,36.3,66,2026-05-22 06:37:34.773970
06:37:39,25.4,75,2026-05-22 06:37:39.823831
06:37:44,35.8,54,2026-05-22 06:37:44.865975
06:37:49,29.0,57,2026-05-22 06:37:49.900881
06:37:54,31.7,43,2026-05-22 06:37:54.947420
06:38:00,36.9,84,2026-05-22 06:38:00.010231
06:38:05,35.7,58,2026-05-22 06:38:05.051100
06:38:10,26.5,51,2026-05-22 06:38:10.099260
06:38:15,32.5,84,2026-05-22 06:38:15.150501
06:38:20,31.3,60,2026-05-22 06:38:20.215036
06:38:25,34.3,83,2026-05-22 06:38:25.285683
06:38:30,37.4,54,2026-05-22 06:38:30.364873
06:38:35,31.8,52,2026-05-22 06:38:35.432862
06:38:40,29.0,43,2026-05-22 06:38:40.499716
06:38:45,26.3,75,2026-05-22 06:38:45.551954
06:38:50,35.8,87,2026-05-22 06:38:50.624602
06:38:55,32.9,40,2026-05-22 06:38:55.747862
06:39:00,34.0,80,2026-05-22 06:39:00.816672
06:39:05,28.8,51,2026-05-22 06:39:05.879730
06:39:10,32.5,55,2026-05-22 06:39:10.950352
06:39:16,34.1,48,2026-05-22 06:39:16.013679
06:39:21,30.9,83,2026-05-22 06:39:21.090292
06:39:26,27.2,55,2026-05-22 06:39:26.170974
06:39:31,36.1,56,2026-05-22 06:39:31.249671
06:39:36,34.3,76,2026-05-22 06:39:36.321928
06:39:41,32.2,66,2026-05-22 06:39:41.373213
06:39:46,26.0,90,2026-05-22 06:39:46.416888
06:39:51,32.2,57,2026-05-22 06:39:51.475381
06:39:56,39.7,62,2026-05-22 06:39:56.519452
06:40:01,33.0,89,2026-05-22 06:40:01.556134
06:40:06,37.8,79,2026-05-22 06:40:06.598519
06:40:11,38.1,89,2026-05-22 06:40:11.645756
06:40:17,39.1,54,2026-05-22 06:40:17.092443
06:40:22,28.3,86,2026-05-22 06:40:22.203434
06:40:27,37.0,70,2026-05-22 06:40:27.278911
06:40:32,33.8,50,2026-05-22 06:40:32.345015
06:40:37,28.8,70,2026-05-22 06:40:37.393367
06:40:42,25.0,64,2026-05-22 06:40:42.442864
06:40:47,39.4,42,2026-05-22 06:40:47.508501
06:40:52,39.0,41,2026-05-22 06:40:52.573650
06:40:57,35.3,54,2026-05-22 06:40:57.628206
06:41:02,33.4,63,2026-05-22 06:41:02.681181
06:36:59,37.4,57,2026-05-22 06:36:59.440501
06:37:04,27.3,47,2026-05-22 06:37:04.484023
06:37:09,37.8,50,2026-05-22 06:37:09.530271
06:37:14,27.9,48,2026-05-22 06:37:14.579237
06:37:19,30.1,52,2026-05-22 06:37:19.624439
06:37:24,27.7,40,2026-05-22 06:37:24.665896
06:37:29,30.2,50,2026-05-22 06:37:29.709659
06:37:34,36.3,66,2026-05-22 06:37:34.773970
06:37:39,25.4,75,2026-05-22 06:37:39.823831
06:37:44,35.8,54,2026-05-22 06:37:44.865975
06:37:49,29.0,57,2026-05-22 06:37:49.900881
06:37:54,31.7,43,2026-05-22 06:37:54.947420
06:38:00,36.9,84,2026-05-22 06:38:00.010231
06:38:05,35.7,58,2026-05-22 06:38:05.051100
06:38:10,26.5,51,2026-05-22 06:38:10.099260
06:38:15,32.5,84,2026-05-22 06:38:15.150501
06:38:20,31.3,60,2026-05-22 06:38:20.215036
06:38:25,34.3,83,2026-05-22 06:38:25.285683
06:38:30,37.4,54,2026-05-22 06:38:30.364873
06:38:35,31.8,52,2026-05-22 06:38:35.432862
06:38:40,29.0,43,2026-05-22 06:38:40.499716
06:38:45,26.3,75,2026-05-22 06:38:45.551954
06:38:50,35.8,87,2026-05-22 06:38:50.624602
06:38:55,32.9,40,2026-05-22 06:38:55.747862
06:39:00,34.0,80,2026-05-22 06:39:00.816672
06:39:05,28.8,51,2026-05-22 06:39:05.879730
06:39:10,32.5,55,2026-05-22 06:39:10.950352
06:39:16,34.1,48,2026-05-22 06:39:16.013679
06:39:21,30.9,83,2026-05-22 06:39:21.090292
06:39:26,27.2,55,2026-05-22 06:39:26.170974
06:39:31,36.1,56,2026-05-22 06:39:31.249671
06:39:36,34.3,76,2026-05-22 06:39:36.321928
06:39:41,32.2,66,2026-05-22 06:39:41.373213
06:39:46,26.0,90,2026-05-22 06:39:46.416888
06:39:51,32.2,57,2026-05-22 06:39:51.475381
06:39:56,39.7,62,2026-05-22 06:39:56.519452
06:40:01,33.0,89,2026-05-22 06:40:01.556134
06:40:06,37.8,79,2026-05-22 06:40:06.598519
06:40:11,38.1,89,2026-05-22 06:40:11.645756
06:40:17,39.1,54,2026-05-22 06:40:17.092443
06:40:22,28.3,86,2026-05-22 06:40:22.203434
06:40:27,37.0,70,2026-05-22 06:40:27.278911
06:40:32,33.8,50,2026-05-22 06:40:32.345015
06:40:37,28.8,70,2026-05-22 06:40:37.393367
06:40:42,25.0,64,2026-05-22 06:40:42.442864
06:40:47,39.4,42,2026-05-22 06:40:47.508501
06:40:52,39.0,41,2026-05-22 06:40:52.573650
06:40:57,35.3,54,2026-05-22 06:40:57.628206
06:41:02,33.4,63,2026-05-22 06:41:02.681181
06:41:07,35.0,54,2026-05-22 06:41:07.737187
06:37:04,27.3,47,2026-05-22 06:37:04.484023
06:37:09,37.8,50,2026-05-22 06:37:09.530271
06:37:14,27.9,48,2026-05-22 06:37:14.579237
06:37:19,30.1,52,2026-05-22 06:37:19.624439
06:37:24,27.7,40,2026-05-22 06:37:24.665896
06:37:29,30.2,50,2026-05-22 06:37:29.709659
06:37:34,36.3,66,2026-05-22 06:37:34.773970
06:37:39,25.4,75,2026-05-22 06:37:39.823831
06:37:44,35.8,54,2026-05-22 06:37:44.865975
06:37:49,29.0,57,2026-05-22 06:37:49.900881
06:37:54,31.7,43,2026-05-22 06:37:54.947420
06:38:00,36.9,84,2026-05-22 06:38:00.010231
06:38:05,35.7,58,2026-05-22 06:38:05.051100
06:38:10,26.5,51,2026-05-22 06:38:10.099260
06:38:15,32.5,84,2026-05-22 06:38:15.150501
06:38:20,31.3,60,2026-05-22 06:38:20.215036
06:38:25,34.3,83,2026-05-22 06:38:25.285683
06:38:30,37.4,54,2026-05-22 06:38:30.364873
06:38:35,31.8,52,2026-05-22 06:38:35.432862
06:38:40,29.0,43,2026-05-22 06:38:40.499716
06:38:45,26.3,75,2026-05-22 06:38:45.551954
06:38:50,35.8,87,2026-05-22 06:38:50.624602
06:38:55,32.9,40,2026-05-22 06:38:55.747862
06:39:00,34.0,80,2026-05-22 06:39:00.816672
06:39:05,28.8,51,2026-05-22 06:39:05.879730
06:39:10,32.5,55,2026-05-22 06:39:10.950352
06:39:16,34.1,48,2026-05-22 06:39:16.013679
06:39:21,30.9,83,2026-05-22 06:39:21.090292
06:39:26,27.2,55,2026-05-22 06:39:26.170974
06:39:31,36.1,56,2026-05-22 06:39:31.249671
06:39:36,34.3,76,2026-05-22 06:39:36.321928
06:39:41,32.2,66,2026-05-22 06:39:41.373213
06:39:46,26.0,90,2026-05-22 06:39:46.416888
06:39:51,32.2,57,2026-05-22 06:39:51.475381
06:39:56,39.7,62,2026-05-22 06:39:56.519452
06:40:01,33.0,89,2026-05-22 06:40:01.556134
06:40:06,37.8,79,2026-05-22 06:40:06.598519
06:40:11,38.1,89,2026-05-22 06:40:11.645756
06:40:17,39.1,54,2026-05-22 06:40:17.092443
06:40:22,28.3,86,2026-05-22 06:40:22.203434
06:40:27,37.0,70,2026-05-22 06:40:27.278911
06:40:32,33.8,50,2026-05-22 06:40:32.345015
06:40:37,28.8,70,2026-05-22 06:40:37.393367
06:40:42,25.0,64,2026-05-22 06:40:42.442864
06:40:47,39.4,42,2026-05-22 06:40:47.508501
06:40:52,39.0,41,2026-05-22 06:40:52.573650
06:40:57,35.3,54,2026-05-22 06:40:57.628206
06:41:02,33.4,63,2026-05-22 06:41:02.681181
06:41:07,35.0,54,2026-05-22 06:41:07.737187
06:41:12,31.8,87,2026-05-22 06:41:12.793566
06:37:09,37.8,50,2026-05-22 06:37:09.530271
06:37:14,27.9,48,2026-05-22 06:37:14.579237
06:37:19,30.1,52,2026-05-22 06:37:19.624439
06:37:24,27.7,40,2026-05-22 06:37:24.665896
06:37:29,30.2,50,2026-05-22 06:37:29.709659
06:37:34,36.3,66,2026-05-22 06:37:34.773970
06:37:39,25.4,75,2026-05-22 06:37:39.823831
06:37:44,35.8,54,2026-05-22 06:37:44.865975
06:37:49,29.0,57,2026-05-22 06:37:49.900881
06:37:54,31.7,43,2026-05-22 06:37:54.947420
06:38:00,36.9,84,2026-05-22 06:38:00.010231
06:38:05,35.7,58,2026-05-22 06:38:05.051100
06:38:10,26.5,51,2026-05-22 06:38:10.099260
06:38:15,32.5,84,2026-05-22 06:38:15.150501
06:38:20,31.3,60,2026-05-22 06:38:20.215036
06:38:25,34.3,83,2026-05-22 06:38:25.285683
06:38:30,37.4,54,2026-05-22 06:38:30.364873
06:38:35,31.8,52,2026-05-22 06:38:35.432862
06:38:40,29.0,43,2026-05-22 06:38:40.499716
06:38:45,26.3,75,2026-05-22 06:38:45.551954
06:38:50,35.8,87,2026-05-22 06:38:50.624602
06:38:55,32.9,40,2026-05-22 06:38:55.747862
06:39:00,34.0,80,2026-05-22 06:39:00.816672
06:39:05,28.8,51,2026-05-22 06:39:05.879730
06:39:10,32.5,55,2026-05-22 06:39:10.950352
06:39:16,34.1,48,2026-05-22 06:39:16.013679
06:39:21,30.9,83,2026-05-22 06:39:21.090292
06:39:26,27.2,55,2026-05-22 06:39:26.170974
06:39:31,36.1,56,2026-05-22 06:39:31.249671
06:39:36,34.3,76,2026-05-22 06:39:36.321928
06:39:41,32.2,66,2026-05-22 06:39:41.373213
06:39:46,26.0,90,2026-05-22 06:39:46.416888
06:39:51,32.2,57,2026-05-22 06:39:51.475381
06:39:56,39.7,62,2026-05-22 06:39:56.519452
06:40:01,33.0,89,2026-05-22 06:40:01.556134
06:40:06,37.8,79,2026-05-22 06:40:06.598519
06:40:11,38.1,89,2026-05-22 06:40:11.645756
06:40:17,39.1,54,2026-05-22 06:40:17.092443
06:40:22,28.3,86,2026-05-22 06:40:22.203434
06:40:27,37.0,70,2026-05-22 06:40:27.278911
06:40:32,33.8,50,2026-05-22 06:40:32.345015
06:40:37,28.8,70,2026-05-22 06:40:37.393367
06:40:42,25.0,64,2026-05-22 06:40:42.442864
06:40:47,39.4,42,2026-05-22 06:40:47.508501
06:40:52,39.0,41,2026-05-22 06:40:52.573650
06:40:57,35.3,54,2026-05-22 06:40:57.628206
06:41:02,33.4,63,2026-05-22 06:41:02.681181
06:41:07,35.0,54,2026-05-22 06:41:07.737187
06:41:12,31.8,87,2026-05-22 06:41:12.793566
06:41:17,35.9,42,2026-05-22 06:41:17.895493
06:41:23,32.2,61,2026-05-22 06:41:23.869329
06:41:23,32.2,61,2026-05-22 06:41:23.869329
06:41:28,37.9,81,2026-05-22 06:41:28.923424
06:41:23,32.2,61,2026-05-22 06:41:23.869329
06:41:28,37.9,81,2026-05-22 06:41:28.923424
06:41:33,28.2,87,2026-05-22 06:41:33.972838
06:41:23,32.2,61,2026-05-22 06:41:23.869329
06:41:28,37.9,81,2026-05-22 06:41:28.923424
06:41:33,28.2,87,2026-05-22 06:41:33.972838
06:41:39,33.9,50,2026-05-22 06:41:39.023269
06:41:23,32.2,61,2026-05-22 06:41:23.869329
06:41:28,37.9,81,2026-05-22 06:41:28.923424
06:41:33,28.2,87,2026-05-22 06:41:33.972838
06:41:39,33.9,50,2026-05-22 06:41:39.023269
06:41:44,38.5,46,2026-05-22 06:41:44.074669
06:41:23,32.2,61,2026-05-22 06:41:23.869329
06:41:28,37.9,81,2026-05-22 06:41:28.923424
06:41:33,28.2,87,2026-05-22 06:41:33.972838
06:41:39,33.9,50,2026-05-22 06:41:39.023269
06:41:44,38.5,46,2026-05-22 06:41:44.074669
06:41:49,39.1,82,2026-05-22 06:41:49.142463
06:41:54,32.5,58,2026-05-22 06:41:54.238291
06:41:59,27.8,85,2026-05-22 06:41:59.299127
06:41:59,27.8,85,2026-05-22 06:41:59.299127
06:42:04,29.9,42,2026-05-22 06:42:04.354945
06:41:59,27.8,85,2026-05-22 06:41:59.299127
06:42:04,29.9,42,2026-05-22 06:42:04.354945
06:42:09,33.0,76,2026-05-22 06:42:09.404975
06:41:59,27.8,85,2026-05-22 06:41:59.299127
06:42:04,29.9,42,2026-05-22 06:42:04.354945
06:42:09,33.0,76,2026-05-22 06:42:09.404975
06:42:14,36.9,65,2026-05-22 06:42:14.455229
06:41:59,27.8,85,2026-05-22 06:41:59.299127
06:42:04,29.9,42,2026-05-22 06:42:04.354945
06:42:09,33.0,76,2026-05-22 06:42:09.404975
06:42:14,36.9,65,2026-05-22 06:42:14.455229
06:42:19,25.7,77,2026-05-22 06:42:19.498209
06:41:59,27.8,85,2026-05-22 06:41:59.299127
06:42:04,29.9,42,2026-05-22 06:42:04.354945
06:42:09,33.0,76,2026-05-22 06:42:09.404975
06:42:14,36.9,65,2026-05-22 06:42:14.455229
06:42:19,25.7,77,2026-05-22 06:42:19.498209
06:42:24,30.8,58,2026-05-22 06:42:24.571020
06:41:59,27.8,85,2026-05-22 06:41:59.299127
06:42:04,29.9,42,2026-05-22 06:42:04.354945
06:42:09,33.0,76,2026-05-22 06:42:09.404975
06:42:14,36.9,65,2026-05-22 06:42:14.455229
06:42:19,25.7,77,2026-05-22 06:42:19.498209
06:42:24,30.8,58,2026-05-22 06:42:24.571020
06:42:29,34.0,75,2026-05-22 06:42:29.639867
06:41:59,27.8,85,2026-05-22 06:41:59.299127
06:42:04,29.9,42,2026-05-22 06:42:04.354945
06:42:09,33.0,76,2026-05-22 06:42:09.404975
06:42:14,36.9,65,2026-05-22 06:42:14.455229
06:42:19,25.7,77,2026-05-22 06:42:19.498209
06:42:24,30.8,58,2026-05-22 06:42:24.571020
06:42:29,34.0,75,2026-05-22 06:42:29.639867
06:42:34,37.5,72,2026-05-22 06:42:34.699600
06:41:59,27.8,85,2026-05-22 06:41:59.299127
06:42:04,29.9,42,2026-05-22 06:42:04.354945
06:42:09,33.0,76,2026-05-22 06:42:09.404975
06:42:14,36.9,65,2026-05-22 06:42:14.455229
06:42:19,25.7,77,2026-05-22 06:42:19.498209
06:42:24,30.8,58,2026-05-22 06:42:24.571020
06:42:29,34.0,75,2026-05-22 06:42:29.639867
06:42:34,37.5,72,2026-05-22 06:42:34.699600
06:42:39,31.4,90,2026-05-22 06:42:39.751901
06:41:59,27.8,85,2026-05-22 06:41:59.299127
06:42:04,29.9,42,2026-05-22 06:42:04.354945
06:42:09,33.0,76,2026-05-22 06:42:09.404975
06:42:14,36.9,65,2026-05-22 06:42:14.455229
06:42:19,25.7,77,2026-05-22 06:42:19.498209
06:42:24,30.8,58,2026-05-22 06:42:24.571020
06:42:29,34.0,75,2026-05-22 06:42:29.639867
06:42:34,37.5,72,2026-05-22 06:42:34.699600
06:42:39,31.4,90,2026-05-22 06:42:39.751901
06:42:44,29.2,62,2026-05-22 06:42:44.799334
06:41:59,27.8,85,2026-05-22 06:41:59.299127
06:42:04,29.9,42,2026-05-22 06:42:04.354945
06:42:09,33.0,76,2026-05-22 06:42:09.404975
06:42:14,36.9,65,2026-05-22 06:42:14.455229
06:42:19,25.7,77,2026-05-22 06:42:19.498209
06:42:24,30.8,58,2026-05-22 06:42:24.571020
06:42:29,34.0,75,2026-05-22 06:42:29.639867
06:42:34,37.5,72,2026-05-22 06:42:34.699600
06:42:39,31.4,90,2026-05-22 06:42:39.751901
06:42:44,29.2,62,2026-05-22 06:42:44.799334
06:42:49,32.6,75,2026-05-22 06:42:49.867015
06:41:59,27.8,85,2026-05-22 06:41:59.299127
06:42:04,29.9,42,2026-05-22 06:42:04.354945
06:42:09,33.0,76,2026-05-22 06:42:09.404975
06:42:14,36.9,65,2026-05-22 06:42:14.455229
06:42:19,25.7,77,2026-05-22 06:42:19.498209
06:42:24,30.8,58,2026-05-22 06:42:24.571020
06:42:29,34.0,75,2026-05-22 06:42:29.639867
06:42:34,37.5,72,2026-05-22 06:42:34.699600
06:42:39,31.4,90,2026-05-22 06:42:39.751901
06:42:44,29.2,62,2026-05-22 06:42:44.799334
06:42:49,32.6,75,2026-05-22 06:42:49.867015
06:42:54,38.5,90,2026-05-22 06:42:54.930442
06:41:59,27.8,85,2026-05-22 06:41:59.299127
06:42:04,29.9,42,2026-05-22 06:42:04.354945
06:42:09,33.0,76,2026-05-22 06:42:09.404975
06:42:14,36.9,65,2026-05-22 06:42:14.455229
06:42:19,25.7,77,2026-05-22 06:42:19.498209
06:42:24,30.8,58,2026-05-22 06:42:24.571020
06:42:29,34.0,75,2026-05-22 06:42:29.639867
06:42:34,37.5,72,2026-05-22 06:42:34.699600
06:42:39,31.4,90,2026-05-22 06:42:39.751901
06:42:44,29.2,62,2026-05-22 06:42:44.799334
06:42:49,32.6,75,2026-05-22 06:42:49.867015
06:42:54,38.5,90,2026-05-22 06:42:54.930442
06:42:59,38.9,61,2026-05-22 06:42:59.992236
06:41:59,27.8,85,2026-05-22 06:41:59.299127
06:42:04,29.9,42,2026-05-22 06:42:04.354945
06:42:09,33.0,76,2026-05-22 06:42:09.404975
06:42:14,36.9,65,2026-05-22 06:42:14.455229
06:42:19,25.7,77,2026-05-22 06:42:19.498209
06:42:24,30.8,58,2026-05-22 06:42:24.571020
06:42:29,34.0,75,2026-05-22 06:42:29.639867
06:42:34,37.5,72,2026-05-22 06:42:34.699600
06:42:39,31.4,90,2026-05-22 06:42:39.751901
06:42:44,29.2,62,2026-05-22 06:42:44.799334
06:42:49,32.6,75,2026-05-22 06:42:49.867015
06:42:54,38.5,90,2026-05-22 06:42:54.930442
06:42:59,38.9,61,2026-05-22 06:42:59.992236
06:43:05,39.7,60,2026-05-22 06:43:05.063484
06:41:59,27.8,85,2026-05-22 06:41:59.299127
06:42:04,29.9,42,2026-05-22 06:42:04.354945
06:42:09,33.0,76,2026-05-22 06:42:09.404975
06:42:14,36.9,65,2026-05-22 06:42:14.455229
06:42:19,25.7,77,2026-05-22 06:42:19.498209
06:42:24,30.8,58,2026-05-22 06:42:24.571020
06:42:29,34.0,75,2026-05-22 06:42:29.639867
06:42:34,37.5,72,2026-05-22 06:42:34.699600
06:42:39,31.4,90,2026-05-22 06:42:39.751901
06:42:44,29.2,62,2026-05-22 06:42:44.799334
06:42:49,32.6,75,2026-05-22 06:42:49.867015
06:42:54,38.5,90,2026-05-22 06:42:54.930442
06:42:59,38.9,61,2026-05-22 06:42:59.992236
06:43:05,39.7,60,2026-05-22 06:43:05.063484
06:43:10,29.4,53,2026-05-22 06:43:10.135327
06:41:59,27.8,85,2026-05-22 06:41:59.299127
06:42:04,29.9,42,2026-05-22 06:42:04.354945
06:42:09,33.0,76,2026-05-22 06:42:09.404975
06:42:14,36.9,65,2026-05-22 06:42:14.455229
06:42:19,25.7,77,2026-05-22 06:42:19.498209
06:42:24,30.8,58,2026-05-22 06:42:24.571020
06:42:29,34.0,75,2026-05-22 06:42:29.639867
06:42:34,37.5,72,2026-05-22 06:42:34.699600
06:42:39,31.4,90,2026-05-22 06:42:39.751901
06:42:44,29.2,62,2026-05-22 06:42:44.799334
06:42:49,32.6,75,2026-05-22 06:42:49.867015
06:42:54,38.5,90,2026-05-22 06:42:54.930442
06:42:59,38.9,61,2026-05-22 06:42:59.992236
06:43:05,39.7,60,2026-05-22 06:43:05.063484
06:43:10,29.4,53,2026-05-22 06:43:10.135327
06:43:15,38.4,69,2026-05-22 06:43:15.197398
